student_id,interests,experience_level,learning_mode,experience_level_encoded
STU00001,"SQL, Software Development",Advanced,practical,2
STU00002,"DevOps, SQL",Beginner,Visual,0
STU00003,Python,Advanced,Visual,2
STU00004,Cybersecurity,Intermediate,Reading,1
STU00005,"Cloud Computing, Data Analytics",Beginner,Reading,0
STU00006,"Web Development, Python, Software Development",Beginner,Visual,0
STU00007,DevOps,Advanced,Visual,2
STU00008,"Python, DevOps, Cloud Computing",Beginner,Reading,0
STU00009,"Data Analytics, Deep Learning, Software Development",Intermediate,Reading,1
STU00010,"Cloud Computing, Software Development, SQL",Beginner,Reading,0
STU00011,"Deep Learning, Cloud Computing",Beginner,Visual,0
STU00012,Artificial Intelligence,Advanced,Reading,2
STU00013,Software Development,Advanced,Reading,2
STU00014,"Data Analytics, Python",Beginner,Visual,0
STU00015,"Artificial Intelligence, Data Analytics, DevOps",Beginner,practical,0
STU00016,SQL,Intermediate,Visual,1
STU00017,Data Science,Beginner,Visual,0
STU00018,"Artificial Intelligence, Software Development",Beginner,Reading,0
STU00019,"Deep Learning, Web Development, Data Analytics",Advanced,Reading,2
STU00020,"Python, DevOps",Advanced,Reading,2
STU00021,"Python, Cloud Computing",Beginner,Reading,0
STU00022,Data Analytics,Advanced,practical,2
STU00023,"Cloud Computing, Machine Learning, Artificial Intelligence",Beginner,Visual,0
STU00024,"Cybersecurity, Software Development, Deep Learning",Beginner,practical,0
STU00025,"Software Development, Artificial Intelligence, Machine Learning",Advanced,Visual,2
STU00026,"Deep Learning, DevOps",Advanced,Visual,2
STU00027,"Machine Learning, Cloud Computing, Data Analytics",Advanced,Visual,2
STU00028,"Data Science, Cybersecurity",Advanced,Visual,2
STU00029,Artificial Intelligence,Advanced,Visual,2
STU00030,"Deep Learning, SQL, Python",Intermediate,Reading,1
STU00031,Deep Learning,Beginner,Visual,0
STU00032,"DevOps, SQL, Cloud Computing",Advanced,Visual,2
STU00033,Cybersecurity,Advanced,Reading,2
STU00034,DevOps,Advanced,practical,2
STU00035,"SQL, Cloud Computing",Advanced,practical,2
STU00036,Python,Intermediate,practical,1
STU00037,Python,Advanced,Visual,2
STU00038,Deep Learning,Intermediate,Visual,1
STU00039,Cybersecurity,Beginner,practical,0
STU00040,Machine Learning,Advanced,Reading,2
STU00041,"Machine Learning, Web Development",Beginner,practical,0
STU00042,"Data Science, SQL",Intermediate,Reading,1
STU00043,"Cloud Computing, DevOps, Cybersecurity",Intermediate,Visual,1
STU00044,SQL,Intermediate,practical,1
STU00045,"Deep Learning, Software Development, DevOps",Beginner,Reading,0
STU00046,"Python, Data Science, Deep Learning",Advanced,Reading,2
STU00047,"Artificial Intelligence, Web Development",Beginner,Reading,0
STU00048,Cybersecurity,Intermediate,Visual,1
STU00049,"Machine Learning, SQL, Web Development",Advanced,Reading,2
STU00050,"Python, Data Analytics",Intermediate,Reading,1
STU00051,"Python, Cloud Computing",Beginner,Visual,0
STU00052,Data Analytics,Intermediate,Reading,1
STU00053,"Cybersecurity, Data Science, SQL",Intermediate,practical,1
STU00054,"Data Science, Artificial Intelligence",Advanced,practical,2
STU00055,Data Analytics,Advanced,practical,2
STU00056,Cybersecurity,Beginner,Visual,0
STU00057,"SQL, Web Development, DevOps",Beginner,Reading,0
STU00058,"Cybersecurity, SQL",Beginner,practical,0
STU00059,"Web Development, DevOps, Artificial Intelligence",Intermediate,Reading,1
STU00060,DevOps,Intermediate,Reading,1
STU00061,Deep Learning,Beginner,Visual,0
STU00062,"Data Analytics, Machine Learning, Data Science",Intermediate,Visual,1
STU00063,Data Science,Beginner,Reading,0
STU00064,Artificial Intelligence,Advanced,Visual,2
STU00065,Artificial Intelligence,Intermediate,practical,1
STU00066,SQL,Intermediate,Visual,1
STU00067,"Python, Machine Learning",Advanced,Visual,2
STU00068,"SQL, Web Development, Artificial Intelligence",Beginner,practical,0
STU00069,"Python, Machine Learning",Intermediate,Reading,1
STU00070,"Cybersecurity, Data Analytics",Advanced,Visual,2
STU00071,"Cybersecurity, Software Development, Data Science",Advanced,practical,2
STU00072,"DevOps, Data Analytics, Machine Learning",Advanced,Visual,2
STU00073,"Web Development, Data Science, DevOps",Intermediate,Reading,1
STU00074,"Data Analytics, SQL",Beginner,Visual,0
STU00075,Cybersecurity,Intermediate,practical,1
STU00076,"Data Science, Deep Learning, Artificial Intelligence",Beginner,practical,0
STU00077,"Deep Learning, SQL, Python",Intermediate,practical,1
STU00078,"SQL, Artificial Intelligence, Deep Learning",Beginner,Reading,0
STU00079,Software Development,Advanced,Reading,2
STU00080,"Cloud Computing, Data Analytics, Cybersecurity",Advanced,Reading,2
STU00081,"Machine Learning, Artificial Intelligence",Beginner,practical,0
STU00082,"Data Science, Cloud Computing, Machine Learning",Advanced,Visual,2
STU00083,"Web Development, Deep Learning",Intermediate,Reading,1
STU00084,"Machine Learning, Deep Learning",Intermediate,Reading,1
STU00085,Web Development,Intermediate,Visual,1
STU00086,"Data Analytics, Web Development, Software Development",Advanced,Reading,2
STU00087,"Cloud Computing, Cybersecurity",Intermediate,Reading,1
STU00088,Deep Learning,Intermediate,Visual,1
STU00089,"Data Analytics, Cloud Computing",Intermediate,practical,1
STU00090,Deep Learning,Beginner,Visual,0
STU00091,Software Development,Advanced,Reading,2
STU00092,"Data Analytics, Cloud Computing",Intermediate,Reading,1
STU00093,Cybersecurity,Advanced,Reading,2
STU00094,"Deep Learning, Data Science, Data Analytics",Beginner,Visual,0
STU00095,Cybersecurity,Intermediate,practical,1
STU00096,"Artificial Intelligence, DevOps",Intermediate,Visual,1
STU00097,"Deep Learning, Cybersecurity",Advanced,Reading,2
STU00098,"Artificial Intelligence, Machine Learning, Deep Learning",Intermediate,Reading,1
STU00099,"Data Science, Web Development, Data Analytics",Advanced,practical,2
STU00100,"Web Development, Machine Learning, Software Development",Intermediate,practical,1
STU00101,"Deep Learning, Software Development",Intermediate,Visual,1
STU00102,"Web Development, Deep Learning",Advanced,Visual,2
STU00103,"Deep Learning, SQL, Software Development",Intermediate,Visual,1
STU00104,Software Development,Beginner,Visual,0
STU00105,"Web Development, Artificial Intelligence, Data Analytics",Advanced,Visual,2
STU00106,"Data Analytics, Cloud Computing, Machine Learning",Intermediate,practical,1
STU00107,"Deep Learning, SQL, Software Development",Advanced,practical,2
STU00108,Cybersecurity,Intermediate,practical,1
STU00109,"DevOps, Machine Learning",Advanced,Visual,2
STU00110,"Software Development, Deep Learning, Data Analytics",Advanced,Visual,2
STU00111,"Deep Learning, Web Development, DevOps",Advanced,Reading,2
STU00112,"Artificial Intelligence, Web Development",Intermediate,Visual,1
STU00113,Cloud Computing,Advanced,Visual,2
STU00114,Artificial Intelligence,Beginner,Reading,0
STU00115,"Cybersecurity, Data Science",Intermediate,Visual,1
STU00116,"Cybersecurity, Web Development",Intermediate,Reading,1
STU00117,"Artificial Intelligence, DevOps, SQL",Advanced,Visual,2
STU00118,"Cybersecurity, SQL",Beginner,Visual,0
STU00119,"SQL, Cloud Computing",Beginner,Reading,0
STU00120,"Software Development, Web Development, Artificial Intelligence",Beginner,Reading,0
STU00121,Python,Advanced,practical,2
STU00122,"Software Development, Deep Learning",Beginner,practical,0
STU00123,"Machine Learning, Python",Beginner,Visual,0
STU00124,"Data Analytics, Python, Data Science",Advanced,Reading,2
STU00125,"Cloud Computing, Python",Beginner,Visual,0
STU00126,"Web Development, Cybersecurity",Intermediate,practical,1
STU00127,"Data Analytics, SQL, Deep Learning",Beginner,practical,0
STU00128,"Data Science, Deep Learning",Advanced,Reading,2
STU00129,Machine Learning,Intermediate,practical,1
STU00130,"Software Development, Python",Intermediate,practical,1
STU00131,"Software Development, Data Science, Web Development",Advanced,practical,2
STU00132,"Deep Learning, Machine Learning, DevOps",Intermediate,practical,1
STU00133,Cloud Computing,Beginner,practical,0
STU00134,"Data Analytics, Web Development",Advanced,practical,2
STU00135,"Web Development, Artificial Intelligence, Cloud Computing",Advanced,practical,2
STU00136,"Data Science, Cloud Computing, Artificial Intelligence",Intermediate,Reading,1
STU00137,"SQL, Web Development",Intermediate,Visual,1
STU00138,"Deep Learning, SQL",Advanced,Visual,2
STU00139,"Deep Learning, Python",Advanced,Reading,2
STU00140,"Software Development, Cloud Computing",Intermediate,Reading,1
STU00141,Cloud Computing,Intermediate,Reading,1
STU00142,"Software Development, Data Analytics",Beginner,Reading,0
STU00143,Cybersecurity,Beginner,practical,0
STU00144,"Cloud Computing, Deep Learning, Data Science",Intermediate,practical,1
STU00145,"Web Development, Software Development, Data Analytics",Beginner,practical,0
STU00146,Software Development,Intermediate,practical,1
STU00147,Cybersecurity,Advanced,Visual,2
STU00148,"Data Analytics, Software Development",Beginner,Reading,0
STU00149,"Deep Learning, SQL",Beginner,Reading,0
STU00150,"DevOps, Software Development",Beginner,Visual,0
STU00151,"DevOps, Data Science, Cloud Computing",Intermediate,practical,1
STU00152,Data Analytics,Beginner,practical,0
STU00153,DevOps,Beginner,practical,0
STU00154,DevOps,Advanced,practical,2
STU00155,"Deep Learning, Cybersecurity, Artificial Intelligence",Beginner,Visual,0
STU00156,Artificial Intelligence,Advanced,practical,2
STU00157,Python,Beginner,Reading,0
STU00158,Data Analytics,Advanced,Reading,2
STU00159,"SQL, Software Development, Data Science",Advanced,Reading,2
STU00160,"SQL, Deep Learning",Intermediate,Reading,1
STU00161,"DevOps, Cybersecurity",Beginner,practical,0
STU00162,"Machine Learning, Data Science",Intermediate,Reading,1
STU00163,"Artificial Intelligence, SQL, Deep Learning",Advanced,Visual,2
STU00164,"Data Analytics, DevOps",Beginner,practical,0
STU00165,"Artificial Intelligence, Cybersecurity, SQL",Advanced,Reading,2
STU00166,"Cybersecurity, Data Science, Software Development",Intermediate,Visual,1
STU00167,"Data Science, Cybersecurity, Web Development",Advanced,Reading,2
STU00168,"Web Development, Deep Learning",Advanced,Visual,2
STU00169,Web Development,Advanced,practical,2
STU00170,Data Analytics,Beginner,Reading,0
STU00171,SQL,Advanced,Reading,2
STU00172,"Python, Deep Learning",Advanced,Reading,2
STU00173,"Data Analytics, Software Development",Beginner,practical,0
STU00174,Data Analytics,Intermediate,Visual,1
STU00175,"Web Development, Artificial Intelligence",Intermediate,practical,1
STU00176,Data Science,Advanced,Reading,2
STU00177,Deep Learning,Intermediate,practical,1
STU00178,"Artificial Intelligence, Data Science, Deep Learning",Advanced,practical,2
STU00179,Software Development,Intermediate,Reading,1
STU00180,Deep Learning,Advanced,Visual,2
STU00181,"Python, DevOps, Software Development",Intermediate,Visual,1
STU00182,Python,Advanced,Reading,2
STU00183,"Deep Learning, Python, Data Science",Beginner,Reading,0
STU00184,"DevOps, Python",Advanced,Reading,2
STU00185,"Machine Learning, Artificial Intelligence, Data Science",Intermediate,Reading,1
STU00186,"Web Development, Cloud Computing, Python",Beginner,Reading,0
STU00187,Cybersecurity,Intermediate,Visual,1
STU00188,Deep Learning,Beginner,practical,0
STU00189,Cybersecurity,Advanced,Visual,2
STU00190,"Web Development, Python",Beginner,Reading,0
STU00191,Cybersecurity,Advanced,practical,2
STU00192,"Cloud Computing, Data Science, DevOps",Beginner,Visual,0
STU00193,"Python, Deep Learning",Intermediate,Reading,1
STU00194,DevOps,Advanced,practical,2
STU00195,Artificial Intelligence,Advanced,Visual,2
STU00196,"Deep Learning, Software Development, Web Development",Advanced,practical,2
STU00197,"Python, Machine Learning, Data Science",Advanced,Visual,2
STU00198,"DevOps, Data Science, Software Development",Intermediate,Reading,1
STU00199,"Machine Learning, Cloud Computing",Advanced,practical,2
STU00200,DevOps,Intermediate,practical,1
STU00201,"Data Science, DevOps, Deep Learning",Intermediate,Reading,1
STU00202,"Artificial Intelligence, Machine Learning",Beginner,Visual,0
STU00203,"Python, Cloud Computing",Beginner,Reading,0
STU00204,Python,Beginner,practical,0
STU00205,"DevOps, Python",Beginner,practical,0
STU00206,"SQL, Data Science, DevOps",Beginner,Visual,0
STU00207,Web Development,Intermediate,Visual,1
STU00208,"Artificial Intelligence, Data Science, Web Development",Intermediate,Reading,1
STU00209,"Cloud Computing, Python",Advanced,Reading,2
STU00210,"Data Science, Software Development, Web Development",Intermediate,Reading,1
STU00211,"Software Development, Machine Learning",Advanced,practical,2
STU00212,"DevOps, Artificial Intelligence, SQL",Advanced,Reading,2
STU00213,"Machine Learning, Python, Deep Learning",Intermediate,Reading,1
STU00214,"Artificial Intelligence, Cybersecurity, Software Development",Beginner,Visual,0
STU00215,Deep Learning,Advanced,Reading,2
STU00216,"Artificial Intelligence, Data Analytics",Advanced,Reading,2
STU00217,"SQL, Software Development, Deep Learning",Advanced,practical,2
STU00218,"Deep Learning, Machine Learning, Python",Advanced,practical,2
STU00219,Web Development,Beginner,Visual,0
STU00220,"SQL, Machine Learning",Beginner,Visual,0
STU00221,"Cloud Computing, Software Development",Beginner,practical,0
STU00222,"Deep Learning, Python",Advanced,Visual,2
STU00223,"DevOps, Web Development",Intermediate,practical,1
STU00224,"Machine Learning, Web Development, DevOps",Beginner,Visual,0
STU00225,"Cybersecurity, Data Science, Python",Intermediate,practical,1
STU00226,"Cybersecurity, Web Development",Beginner,practical,0
STU00227,"SQL, DevOps, Data Analytics",Beginner,Visual,0
STU00228,"Artificial Intelligence, Software Development",Intermediate,Reading,1
STU00229,"Cybersecurity, Machine Learning, SQL",Advanced,Reading,2
STU00230,"Cloud Computing, DevOps, Data Science",Advanced,Visual,2
STU00231,"Deep Learning, Cloud Computing",Beginner,Reading,0
STU00232,"SQL, DevOps, Software Development",Advanced,Reading,2
STU00233,"Machine Learning, Data Science",Advanced,Reading,2
STU00234,"DevOps, Web Development, Python",Advanced,Visual,2
STU00235,Deep Learning,Advanced,Visual,2
STU00236,Data Analytics,Beginner,practical,0
STU00237,"Cybersecurity, Deep Learning, Artificial Intelligence",Beginner,Reading,0
STU00238,"Web Development, Data Analytics",Beginner,practical,0
STU00239,"Web Development, Deep Learning, DevOps",Intermediate,practical,1
STU00240,"SQL, Deep Learning",Intermediate,practical,1
STU00241,"Cloud Computing, Data Analytics",Intermediate,Visual,1
STU00242,Cybersecurity,Beginner,Reading,0
STU00243,"DevOps, Machine Learning",Advanced,Reading,2
STU00244,"Web Development, Machine Learning, Artificial Intelligence",Beginner,Visual,0
STU00245,Software Development,Intermediate,Reading,1
STU00246,"Cloud Computing, Cybersecurity",Beginner,Reading,0
STU00247,"Cybersecurity, Software Development, Web Development",Intermediate,Visual,1
STU00248,"Data Science, Web Development, Data Analytics",Advanced,Reading,2
STU00249,Deep Learning,Advanced,Visual,2
STU00250,"Cloud Computing, Data Science",Intermediate,Reading,1
STU00251,SQL,Advanced,practical,2
STU00252,Machine Learning,Advanced,Reading,2
STU00253,Cybersecurity,Beginner,practical,0
STU00254,"Machine Learning, Python, Cloud Computing",Intermediate,Reading,1
STU00255,"Cybersecurity, SQL",Advanced,practical,2
STU00256,"Python, Machine Learning",Intermediate,Reading,1
STU00257,Deep Learning,Beginner,Visual,0
STU00258,Web Development,Advanced,practical,2
STU00259,Deep Learning,Advanced,Visual,2
STU00260,Python,Beginner,Reading,0
STU00261,"Cybersecurity, Cloud Computing, Artificial Intelligence",Beginner,practical,0
STU00262,SQL,Beginner,practical,0
STU00263,"Data Science, Software Development",Advanced,Reading,2
STU00264,Software Development,Beginner,practical,0
STU00265,"Cloud Computing, Data Analytics, Cybersecurity",Advanced,practical,2
STU00266,"Data Analytics, Artificial Intelligence, DevOps",Intermediate,Reading,1
STU00267,"DevOps, Software Development",Beginner,Reading,0
STU00268,"Data Analytics, Cybersecurity, Software Development",Beginner,Visual,0
STU00269,"Data Analytics, DevOps",Advanced,practical,2
STU00270,"Python, Cloud Computing",Beginner,Visual,0
STU00271,Data Science,Intermediate,Visual,1
STU00272,"Data Analytics, Web Development",Advanced,Reading,2
STU00273,"Deep Learning, Web Development",Beginner,Reading,0
STU00274,Data Analytics,Advanced,practical,2
STU00275,"Cloud Computing, Machine Learning, Deep Learning",Advanced,Reading,2
STU00276,"Data Science, Cloud Computing",Beginner,practical,0
STU00277,"Artificial Intelligence, DevOps, Machine Learning",Intermediate,Visual,1
STU00278,DevOps,Advanced,Reading,2
STU00279,Deep Learning,Beginner,practical,0
STU00280,"Deep Learning, SQL, Data Analytics",Intermediate,Reading,1
STU00281,Web Development,Advanced,Reading,2
STU00282,"Cybersecurity, Deep Learning, Cloud Computing",Intermediate,practical,1
STU00283,Artificial Intelligence,Intermediate,Reading,1
STU00284,"Web Development, Data Analytics, SQL",Intermediate,Visual,1
STU00285,Python,Advanced,Visual,2
STU00286,"Python, DevOps, Machine Learning",Beginner,practical,0
STU00287,Deep Learning,Beginner,practical,0
STU00288,"Web Development, Data Analytics",Beginner,Reading,0
STU00289,Machine Learning,Intermediate,Visual,1
STU00290,"Deep Learning, Data Analytics",Intermediate,Reading,1
STU00291,Machine Learning,Advanced,practical,2
STU00292,Cloud Computing,Beginner,practical,0
STU00293,Software Development,Intermediate,practical,1
STU00294,"DevOps, Cloud Computing",Intermediate,practical,1
STU00295,"Cybersecurity, Machine Learning",Intermediate,Reading,1
STU00296,"SQL, DevOps",Beginner,Visual,0
STU00297,Deep Learning,Advanced,Reading,2
STU00298,"Artificial Intelligence, SQL",Beginner,Visual,0
STU00299,"Deep Learning, Software Development, Machine Learning",Beginner,Reading,0
STU00300,"Data Analytics, Deep Learning, Cloud Computing",Beginner,practical,0
STU00301,"Web Development, Data Analytics, Cloud Computing",Intermediate,Visual,1
STU00302,"Data Science, DevOps",Intermediate,Visual,1
STU00303,"Data Science, Artificial Intelligence",Beginner,practical,0
STU00304,"Web Development, DevOps, Python",Advanced,Reading,2
STU00305,"Software Development, Data Analytics",Beginner,Visual,0
STU00306,"Machine Learning, Python",Advanced,practical,2
STU00307,"Web Development, DevOps",Advanced,practical,2
STU00308,"Data Science, Cybersecurity",Beginner,practical,0
STU00309,Data Science,Intermediate,practical,1
STU00310,"DevOps, Software Development",Beginner,practical,0
STU00311,"DevOps, Python",Advanced,Visual,2
STU00312,"Cloud Computing, Software Development, Data Analytics",Advanced,practical,2
STU00313,"Python, DevOps, Cloud Computing",Beginner,practical,0
STU00314,"Web Development, Data Science, Deep Learning",Intermediate,Visual,1
STU00315,"Cloud Computing, Data Science",Advanced,Reading,2
STU00316,"Cybersecurity, Data Science, Web Development",Intermediate,Visual,1
STU00317,"Web Development, Cybersecurity",Advanced,Visual,2
STU00318,Web Development,Beginner,practical,0
STU00319,"Data Analytics, SQL, Software Development",Intermediate,Reading,1
STU00320,"Web Development, Artificial Intelligence, Python",Advanced,practical,2
STU00321,"Cloud Computing, DevOps",Advanced,Reading,2
STU00322,"Data Analytics, Cloud Computing",Beginner,practical,0
STU00323,DevOps,Advanced,Reading,2
STU00324,Web Development,Beginner,practical,0
STU00325,Software Development,Beginner,practical,0
STU00326,Cybersecurity,Intermediate,Reading,1
STU00327,"DevOps, Data Analytics",Intermediate,Reading,1
STU00328,"Machine Learning, Deep Learning, Data Analytics",Intermediate,Reading,1
STU00329,"Data Science, SQL",Advanced,Visual,2
STU00330,Data Analytics,Beginner,Visual,0
STU00331,"Python, Software Development",Advanced,Reading,2
STU00332,"Deep Learning, Artificial Intelligence",Beginner,Reading,0
STU00333,"SQL, Data Science, Data Analytics",Advanced,Visual,2
STU00334,"Data Science, Artificial Intelligence",Advanced,practical,2
STU00335,"DevOps, Software Development",Beginner,Reading,0
STU00336,"Cybersecurity, SQL, DevOps",Intermediate,practical,1
STU00337,"Python, Software Development, Machine Learning",Intermediate,Visual,1
STU00338,SQL,Intermediate,Visual,1
STU00339,Cloud Computing,Advanced,Reading,2
STU00340,Artificial Intelligence,Advanced,Visual,2
STU00341,Cloud Computing,Advanced,Visual,2
STU00342,"Software Development, Deep Learning",Intermediate,practical,1
STU00343,"Cloud Computing, Python",Intermediate,Reading,1
STU00344,"Cloud Computing, SQL, Deep Learning",Intermediate,practical,1
STU00345,Machine Learning,Advanced,practical,2
STU00346,"SQL, Deep Learning, Cloud Computing",Advanced,Visual,2
STU00347,Deep Learning,Intermediate,Visual,1
STU00348,"Machine Learning, Web Development, Artificial Intelligence",Beginner,Reading,0
STU00349,"Data Analytics, Cybersecurity",Intermediate,practical,1
STU00350,"DevOps, Web Development, Deep Learning",Intermediate,Visual,1
STU00351,"Artificial Intelligence, DevOps, Cloud Computing",Beginner,Visual,0
STU00352,"Cybersecurity, Cloud Computing",Intermediate,Visual,1
STU00353,Deep Learning,Beginner,Reading,0
STU00354,"Web Development, SQL",Intermediate,Visual,1
STU00355,Data Science,Intermediate,Visual,1
STU00356,Machine Learning,Intermediate,practical,1
STU00357,Cybersecurity,Intermediate,practical,1
STU00358,Data Analytics,Advanced,practical,2
STU00359,"Web Development, Artificial Intelligence, Cloud Computing",Advanced,practical,2
STU00360,"Machine Learning, SQL, Data Science",Beginner,Visual,0
STU00361,"Python, Web Development, Data Science",Beginner,practical,0
STU00362,"Data Science, Deep Learning",Advanced,practical,2
STU00363,Artificial Intelligence,Intermediate,practical,1
STU00364,"Deep Learning, SQL",Intermediate,practical,1
STU00365,"SQL, Web Development, Data Science",Advanced,Reading,2
STU00366,"Software Development, Cloud Computing, Machine Learning",Beginner,Reading,0
STU00367,Python,Advanced,Visual,2
STU00368,"Deep Learning, Web Development",Intermediate,practical,1
STU00369,Deep Learning,Beginner,practical,0
STU00370,"Data Science, Web Development",Intermediate,Visual,1
STU00371,"Web Development, Cloud Computing, Data Analytics",Advanced,Reading,2
STU00372,"Software Development, Python",Advanced,Reading,2
STU00373,"Data Science, Software Development",Intermediate,Reading,1
STU00374,"Cloud Computing, SQL, Python",Beginner,practical,0
STU00375,"SQL, Python",Advanced,practical,2
STU00376,Cloud Computing,Intermediate,Reading,1
STU00377,Artificial Intelligence,Beginner,Visual,0
STU00378,Data Science,Beginner,Reading,0
STU00379,"Cybersecurity, DevOps, Software Development",Intermediate,Visual,1
STU00380,"DevOps, Machine Learning, Software Development",Advanced,Reading,2
STU00381,"Data Science, DevOps, Python",Beginner,practical,0
STU00382,"Deep Learning, SQL",Beginner,Visual,0
STU00383,"DevOps, Software Development, Data Analytics",Advanced,Reading,2
STU00384,"Python, Data Analytics",Beginner,practical,0
STU00385,"Web Development, Deep Learning, Cybersecurity",Advanced,Visual,2
STU00386,SQL,Intermediate,practical,1
STU00387,Data Analytics,Beginner,practical,0
STU00388,"Software Development, SQL, Python",Advanced,practical,2
STU00389,"Deep Learning, Python",Intermediate,Reading,1
STU00390,"DevOps, Cybersecurity",Advanced,practical,2
STU00391,"DevOps, Cybersecurity, Cloud Computing",Intermediate,practical,1
STU00392,"Deep Learning, SQL, Cloud Computing",Advanced,practical,2
STU00393,"SQL, Data Science",Intermediate,practical,1
STU00394,"Machine Learning, Python",Advanced,Visual,2
STU00395,"Data Analytics, Data Science, DevOps",Beginner,practical,0
STU00396,"Cybersecurity, SQL, Machine Learning",Beginner,Reading,0
STU00397,"Cloud Computing, Data Analytics, DevOps",Intermediate,practical,1
STU00398,Deep Learning,Beginner,Reading,0
STU00399,"Python, SQL",Intermediate,Reading,1
STU00400,Data Analytics,Beginner,Reading,0
STU00401,"Deep Learning, Cloud Computing",Intermediate,Reading,1
STU00402,"Deep Learning, Data Analytics, Data Science",Beginner,Visual,0
STU00403,"Deep Learning, DevOps",Intermediate,Reading,1
STU00404,"Data Science, Artificial Intelligence, Data Analytics",Intermediate,Visual,1
STU00405,Data Science,Beginner,Visual,0
STU00406,"Software Development, Python",Beginner,Reading,0
STU00407,"Cybersecurity, Machine Learning, Deep Learning",Advanced,practical,2
STU00408,Artificial Intelligence,Advanced,Visual,2
STU00409,"Artificial Intelligence, Data Analytics",Beginner,practical,0
STU00410,"SQL, Machine Learning, Web Development",Advanced,practical,2
STU00411,Web Development,Advanced,Visual,2
STU00412,Data Analytics,Beginner,practical,0
STU00413,"Python, DevOps, SQL",Beginner,practical,0
STU00414,DevOps,Advanced,Reading,2
STU00415,"SQL, Cloud Computing, Machine Learning",Advanced,Reading,2
STU00416,"SQL, Python",Advanced,Visual,2
STU00417,Data Analytics,Intermediate,practical,1
STU00418,DevOps,Intermediate,practical,1
STU00419,"Artificial Intelligence, DevOps, Data Analytics",Advanced,Visual,2
STU00420,"Python, Deep Learning",Beginner,practical,0
STU00421,"Deep Learning, Web Development",Advanced,practical,2
STU00422,Cybersecurity,Intermediate,Visual,1
STU00423,"Cybersecurity, Data Science, Machine Learning",Intermediate,Visual,1
STU00424,Deep Learning,Intermediate,Reading,1
STU00425,"Web Development, Data Analytics, Cybersecurity",Intermediate,Visual,1
STU00426,"DevOps, Python, Artificial Intelligence",Intermediate,Reading,1
STU00427,"Python, Machine Learning",Beginner,Visual,0
STU00428,"Web Development, Software Development, Cybersecurity",Beginner,Visual,0
STU00429,SQL,Intermediate,Reading,1
STU00430,Cloud Computing,Beginner,practical,0
STU00431,"Data Science, Data Analytics",Beginner,Visual,0
STU00432,Cloud Computing,Intermediate,Reading,1
STU00433,Deep Learning,Beginner,Visual,0
STU00434,"Cloud Computing, Cybersecurity, Machine Learning",Beginner,practical,0
STU00435,"Data Analytics, DevOps, Python",Intermediate,practical,1
STU00436,SQL,Intermediate,Visual,1
STU00437,"Deep Learning, Python, Data Analytics",Beginner,Visual,0
STU00438,"Python, SQL, DevOps",Intermediate,practical,1
STU00439,SQL,Intermediate,Visual,1
STU00440,Cloud Computing,Advanced,Visual,2
STU00441,"Python, Data Analytics, Cloud Computing",Advanced,Visual,2
STU00442,Python,Intermediate,Visual,1
STU00443,"Cloud Computing, Software Development",Intermediate,practical,1
STU00444,"Data Science, Software Development, Machine Learning",Advanced,Visual,2
STU00445,Artificial Intelligence,Intermediate,practical,1
STU00446,"SQL, Cloud Computing",Advanced,practical,2
STU00447,Software Development,Intermediate,Reading,1
STU00448,Cloud Computing,Beginner,Reading,0
STU00449,"DevOps, Cloud Computing, Data Science",Advanced,Reading,2
STU00450,"Data Analytics, Deep Learning",Advanced,Visual,2
STU00451,Artificial Intelligence,Advanced,practical,2
STU00452,"Cybersecurity, SQL, Deep Learning",Intermediate,Visual,1
STU00453,Cloud Computing,Advanced,Reading,2
STU00454,DevOps,Advanced,Reading,2
STU00455,"Data Analytics, Cloud Computing",Beginner,Visual,0
STU00456,"Data Analytics, DevOps, Web Development",Beginner,practical,0
STU00457,"Cloud Computing, Data Analytics, Deep Learning",Intermediate,Reading,1
STU00458,"DevOps, Artificial Intelligence",Beginner,practical,0
STU00459,Data Science,Intermediate,Visual,1
STU00460,"Data Science, Artificial Intelligence",Intermediate,Visual,1
STU00461,"Web Development, Python",Intermediate,practical,1
STU00462,DevOps,Beginner,Visual,0
STU00463,"Web Development, Artificial Intelligence",Intermediate,practical,1
STU00464,"Cybersecurity, Artificial Intelligence",Advanced,Reading,2
STU00465,"Deep Learning, Cybersecurity",Beginner,Visual,0
STU00466,"DevOps, SQL, Web Development",Advanced,Reading,2
STU00467,"Python, DevOps, Cybersecurity",Beginner,Visual,0
STU00468,"Data Analytics, Machine Learning, Deep Learning",Intermediate,practical,1
STU00469,"Web Development, Artificial Intelligence",Intermediate,practical,1
STU00470,"Cybersecurity, Deep Learning, Software Development",Intermediate,Reading,1
STU00471,"Cloud Computing, Artificial Intelligence",Advanced,practical,2
STU00472,"Web Development, Artificial Intelligence",Intermediate,Reading,1
STU00473,Cloud Computing,Beginner,practical,0
STU00474,"Cybersecurity, Python, Data Science",Advanced,Visual,2
STU00475,"Machine Learning, Artificial Intelligence",Advanced,Reading,2
STU00476,"Artificial Intelligence, Data Science, Cloud Computing",Intermediate,Reading,1
STU00477,Artificial Intelligence,Advanced,Reading,2
STU00478,"Artificial Intelligence, Web Development, Data Science",Beginner,practical,0
STU00479,Web Development,Beginner,Reading,0
STU00480,"DevOps, Data Science, Cloud Computing",Advanced,practical,2
STU00481,"Python, Software Development",Intermediate,Reading,1
STU00482,"Artificial Intelligence, SQL",Intermediate,Reading,1
STU00483,DevOps,Beginner,practical,0
STU00484,Machine Learning,Beginner,Visual,0
STU00485,"Artificial Intelligence, Machine Learning",Advanced,Visual,2
STU00486,"Machine Learning, Data Science",Beginner,practical,0
STU00487,"Machine Learning, Artificial Intelligence",Advanced,practical,2
STU00488,"Cybersecurity, DevOps, Web Development",Intermediate,Visual,1
STU00489,"Machine Learning, Deep Learning, Data Analytics",Beginner,Visual,0
STU00490,"DevOps, Artificial Intelligence, Python",Advanced,Visual,2
STU00491,"Cybersecurity, DevOps, Data Science",Intermediate,practical,1
STU00492,"Cybersecurity, DevOps",Advanced,Reading,2
STU00493,Cybersecurity,Advanced,practical,2
STU00494,"SQL, Cloud Computing",Advanced,Visual,2
STU00495,Python,Beginner,practical,0
STU00496,"Software Development, Deep Learning",Intermediate,Reading,1
STU00497,"DevOps, Data Analytics, Data Science",Beginner,Visual,0
STU00498,"Deep Learning, Software Development, Artificial Intelligence",Advanced,practical,2
STU00499,"Data Science, Software Development, Deep Learning",Intermediate,Visual,1
STU00500,"Data Analytics, Data Science",Advanced,Reading,2
STU00501,"Web Development, Cloud Computing, Cybersecurity",Intermediate,practical,1
STU00502,"Data Analytics, SQL",Intermediate,practical,1
STU00503,"Machine Learning, Data Analytics, DevOps",Advanced,Reading,2
STU00504,"Cloud Computing, Software Development",Advanced,Reading,2
STU00505,"DevOps, Cybersecurity, Deep Learning",Advanced,Reading,2
STU00506,DevOps,Intermediate,practical,1
STU00507,DevOps,Advanced,Reading,2
STU00508,"Data Science, Cloud Computing, DevOps",Beginner,Reading,0
STU00509,SQL,Advanced,Reading,2
STU00510,Machine Learning,Beginner,practical,0
STU00511,Software Development,Advanced,Visual,2
STU00512,"Cloud Computing, DevOps",Intermediate,practical,1
STU00513,"SQL, Cybersecurity",Advanced,Reading,2
STU00514,Artificial Intelligence,Intermediate,Reading,1
STU00515,"DevOps, Cybersecurity",Beginner,Reading,0
STU00516,Cloud Computing,Beginner,practical,0
STU00517,"Cybersecurity, Data Analytics",Intermediate,Visual,1
STU00518,"Data Science, Python, Software Development",Intermediate,Visual,1
STU00519,"DevOps, Cloud Computing",Advanced,Visual,2
STU00520,"Web Development, Cloud Computing, Data Analytics",Advanced,practical,2
STU00521,"Machine Learning, Web Development",Advanced,practical,2
STU00522,Machine Learning,Intermediate,Reading,1
STU00523,"Web Development, Data Science, Cybersecurity",Intermediate,Reading,1
STU00524,Cybersecurity,Advanced,Visual,2
STU00525,"Data Analytics, Deep Learning",Advanced,Visual,2
STU00526,"Data Science, Cloud Computing, DevOps",Advanced,practical,2
STU00527,Software Development,Intermediate,practical,1
STU00528,"Artificial Intelligence, Deep Learning, SQL",Advanced,Visual,2
STU00529,"SQL, Data Science",Advanced,Visual,2
STU00530,Data Science,Intermediate,Reading,1
STU00531,"DevOps, Deep Learning",Intermediate,Visual,1
STU00532,"Software Development, Data Science",Advanced,Visual,2
STU00533,SQL,Beginner,Reading,0
STU00534,"Data Analytics, Web Development, DevOps",Intermediate,Visual,1
STU00535,"Data Analytics, DevOps",Advanced,practical,2
STU00536,"DevOps, Data Analytics",Advanced,Reading,2
STU00537,Cybersecurity,Advanced,practical,2
STU00538,"Cloud Computing, Deep Learning, Machine Learning",Intermediate,practical,1
STU00539,"DevOps, Data Science",Beginner,Reading,0
STU00540,"DevOps, SQL, Machine Learning",Beginner,Visual,0
STU00541,"Artificial Intelligence, Data Analytics, SQL",Advanced,Reading,2
STU00542,Cybersecurity,Beginner,Visual,0
STU00543,"Data Analytics, Cybersecurity",Intermediate,Visual,1
STU00544,"Machine Learning, Software Development",Intermediate,Reading,1
STU00545,"Data Science, Deep Learning",Advanced,Reading,2
STU00546,Cybersecurity,Advanced,Reading,2
STU00547,Web Development,Advanced,practical,2
STU00548,"Data Analytics, Deep Learning",Intermediate,Visual,1
STU00549,"Cybersecurity, Machine Learning, SQL",Advanced,Visual,2
STU00550,"Python, Cloud Computing",Intermediate,Reading,1
STU00551,DevOps,Intermediate,Reading,1
STU00552,Data Analytics,Beginner,Visual,0
STU00553,Deep Learning,Beginner,Visual,0
STU00554,"Cybersecurity, Data Analytics, SQL",Intermediate,Visual,1
STU00555,Data Science,Advanced,Visual,2
STU00556,Deep Learning,Intermediate,Reading,1
STU00557,SQL,Advanced,practical,2
STU00558,Deep Learning,Advanced,Visual,2
STU00559,Data Science,Advanced,Reading,2
STU00560,Artificial Intelligence,Advanced,Reading,2
STU00561,Cloud Computing,Advanced,Reading,2
STU00562,DevOps,Beginner,practical,0
STU00563,"Artificial Intelligence, Web Development",Intermediate,practical,1
STU00564,SQL,Intermediate,practical,1
STU00565,"Web Development, Cybersecurity",Advanced,Reading,2
STU00566,"Data Science, Cloud Computing, Web Development",Advanced,Reading,2
STU00567,"Cloud Computing, DevOps, Deep Learning",Advanced,practical,2
STU00568,Machine Learning,Intermediate,practical,1
STU00569,Cybersecurity,Advanced,Reading,2
STU00570,"DevOps, Data Science, Python",Advanced,Reading,2
STU00571,"Cybersecurity, DevOps, Artificial Intelligence",Beginner,Reading,0
STU00572,Cybersecurity,Intermediate,Visual,1
STU00573,"Web Development, Data Science, Machine Learning",Beginner,Reading,0
STU00574,"DevOps, Python",Advanced,Reading,2
STU00575,"Web Development, Python, DevOps",Advanced,Visual,2
STU00576,Deep Learning,Beginner,Reading,0
STU00577,"Web Development, Cloud Computing, SQL",Intermediate,Visual,1
STU00578,"Python, DevOps, Data Analytics",Advanced,Reading,2
STU00579,"Deep Learning, Web Development, Cloud Computing",Intermediate,practical,1
STU00580,Data Science,Intermediate,practical,1
STU00581,"SQL, Web Development, Cybersecurity",Beginner,Reading,0
STU00582,Cybersecurity,Intermediate,Reading,1
STU00583,"SQL, Machine Learning",Advanced,Visual,2
STU00584,"Python, Cloud Computing",Advanced,Visual,2
STU00585,"Deep Learning, SQL, Software Development",Intermediate,Visual,1
STU00586,"SQL, Python, Data Science",Intermediate,Reading,1
STU00587,"Web Development, Software Development, Cybersecurity",Beginner,practical,0
STU00588,"Software Development, Deep Learning",Beginner,practical,0
STU00589,"Web Development, Python, Software Development",Intermediate,Visual,1
STU00590,"SQL, Python, Cybersecurity",Advanced,practical,2
STU00591,"SQL, Cybersecurity",Beginner,practical,0
STU00592,"Cloud Computing, Web Development",Beginner,practical,0
STU00593,Web Development,Intermediate,Reading,1
STU00594,"Artificial Intelligence, Data Analytics",Beginner,practical,0
STU00595,"Artificial Intelligence, Python, Data Science",Beginner,practical,0
STU00596,"Web Development, Cybersecurity, Artificial Intelligence",Advanced,Visual,2
STU00597,"DevOps, Web Development",Intermediate,practical,1
STU00598,Data Science,Intermediate,Reading,1
STU00599,SQL,Advanced,Visual,2
STU00600,"Python, DevOps, Web Development",Intermediate,Reading,1
STU00601,"Deep Learning, Cloud Computing",Intermediate,practical,1
STU00602,"Machine Learning, Cloud Computing",Advanced,practical,2
STU00603,Software Development,Intermediate,Visual,1
STU00604,Deep Learning,Beginner,practical,0
STU00605,"Artificial Intelligence, Web Development",Beginner,Visual,0
STU00606,Cybersecurity,Advanced,practical,2
STU00607,"Python, Cloud Computing, Cybersecurity",Intermediate,Visual,1
STU00608,Web Development,Beginner,Reading,0
STU00609,"DevOps, Cloud Computing, Cybersecurity",Intermediate,Reading,1
STU00610,"Cloud Computing, Data Science, Artificial Intelligence",Intermediate,practical,1
STU00611,Software Development,Beginner,practical,0
STU00612,Data Analytics,Advanced,practical,2
STU00613,"Web Development, Cybersecurity",Intermediate,Visual,1
STU00614,"Machine Learning, Web Development",Beginner,practical,0
STU00615,"Data Analytics, Cybersecurity",Intermediate,Visual,1
STU00616,"Cloud Computing, Cybersecurity",Intermediate,Reading,1
STU00617,Web Development,Intermediate,Visual,1
STU00618,"DevOps, Data Analytics, Python",Intermediate,Reading,1
STU00619,"Python, Data Science",Advanced,Visual,2
STU00620,"Cybersecurity, Machine Learning",Intermediate,Visual,1
STU00621,"SQL, DevOps, Web Development",Beginner,practical,0
STU00622,"SQL, Machine Learning",Advanced,practical,2
STU00623,"Cloud Computing, Data Analytics, Artificial Intelligence",Advanced,practical,2
STU00624,"Cybersecurity, Web Development, Software Development",Beginner,Visual,0
STU00625,"Python, Data Science, Machine Learning",Intermediate,Visual,1
STU00626,"Data Science, Cybersecurity",Beginner,practical,0
STU00627,"Software Development, Python, SQL",Beginner,Visual,0
STU00628,"Artificial Intelligence, Machine Learning, Software Development",Beginner,Visual,0
STU00629,"Data Science, Python",Advanced,Visual,2
STU00630,"Software Development, Machine Learning",Beginner,Visual,0
STU00631,"Web Development, Cloud Computing, SQL",Beginner,Reading,0
STU00632,"Cloud Computing, Software Development, Machine Learning",Beginner,Reading,0
STU00633,Artificial Intelligence,Beginner,Reading,0
STU00634,SQL,Intermediate,practical,1
STU00635,"Data Science, DevOps, Python",Intermediate,practical,1
STU00636,Cybersecurity,Intermediate,Reading,1
STU00637,SQL,Advanced,Visual,2
STU00638,"Cybersecurity, Machine Learning, Python",Beginner,Visual,0
STU00639,Software Development,Beginner,Visual,0
STU00640,"Cloud Computing, Artificial Intelligence, Software Development",Intermediate,Reading,1
STU00641,Software Development,Intermediate,Visual,1
STU00642,"Web Development, Python, Deep Learning",Intermediate,Reading,1
STU00643,Artificial Intelligence,Advanced,practical,2
STU00644,"Software Development, Deep Learning, Cloud Computing",Intermediate,Reading,1
STU00645,"Web Development, DevOps, Machine Learning",Intermediate,practical,1
STU00646,"Cybersecurity, Data Analytics",Advanced,Visual,2
STU00647,"Python, DevOps, Machine Learning",Intermediate,practical,1
STU00648,"Software Development, Artificial Intelligence",Advanced,practical,2
STU00649,Web Development,Beginner,Visual,0
STU00650,Web Development,Intermediate,practical,1
STU00651,"Artificial Intelligence, Cloud Computing, Data Analytics",Beginner,practical,0
STU00652,"DevOps, Deep Learning",Beginner,Visual,0
STU00653,Software Development,Intermediate,Visual,1
STU00654,"Software Development, DevOps",Advanced,Reading,2
STU00655,Data Analytics,Beginner,Reading,0
STU00656,"Cybersecurity, Data Science",Advanced,Visual,2
STU00657,"SQL, Data Analytics",Intermediate,Reading,1
STU00658,"Cloud Computing, Artificial Intelligence, Machine Learning",Intermediate,practical,1
STU00659,Data Analytics,Intermediate,practical,1
STU00660,"Software Development, SQL",Advanced,Reading,2
STU00661,Artificial Intelligence,Intermediate,Reading,1
STU00662,Software Development,Intermediate,practical,1
STU00663,Cloud Computing,Advanced,practical,2
STU00664,"Python, Cybersecurity, Cloud Computing",Intermediate,Reading,1
STU00665,"Data Analytics, DevOps",Intermediate,practical,1
STU00666,"Machine Learning, SQL",Advanced,Reading,2
STU00667,"Deep Learning, Web Development",Advanced,Reading,2
STU00668,"SQL, Artificial Intelligence, Cybersecurity",Beginner,Reading,0
STU00669,Software Development,Advanced,Reading,2
STU00670,"SQL, Software Development, Artificial Intelligence",Intermediate,Visual,1
STU00671,Cybersecurity,Intermediate,Reading,1
STU00672,"Data Science, Machine Learning, Cybersecurity",Advanced,practical,2
STU00673,Python,Advanced,practical,2
STU00674,"Deep Learning, Machine Learning",Advanced,practical,2
STU00675,"Python, Cybersecurity, Data Analytics",Intermediate,practical,1
STU00676,"Data Analytics, Software Development, Web Development",Advanced,Visual,2
STU00677,"Machine Learning, SQL, Web Development",Beginner,practical,0
STU00678,"Python, Data Science, SQL",Beginner,Visual,0
STU00679,Data Analytics,Beginner,practical,0
STU00680,"Cybersecurity, Machine Learning",Intermediate,practical,1
STU00681,"Cybersecurity, Machine Learning",Intermediate,practical,1
STU00682,"Cloud Computing, Data Analytics",Advanced,Reading,2
STU00683,SQL,Beginner,Visual,0
STU00684,"Artificial Intelligence, DevOps, Cloud Computing",Intermediate,Visual,1
STU00685,"Data Analytics, DevOps, Machine Learning",Beginner,Reading,0
STU00686,"Deep Learning, Data Analytics",Advanced,Reading,2
STU00687,Data Analytics,Beginner,Reading,0
STU00688,"Artificial Intelligence, Cloud Computing, Deep Learning",Beginner,Visual,0
STU00689,SQL,Intermediate,Visual,1
STU00690,"Deep Learning, Artificial Intelligence, Software Development",Advanced,practical,2
STU00691,Software Development,Beginner,practical,0
STU00692,"Python, SQL",Intermediate,practical,1
STU00693,"Cloud Computing, Cybersecurity, Web Development",Beginner,practical,0
STU00694,"Data Science, Artificial Intelligence",Intermediate,practical,1
STU00695,"Web Development, Data Science",Beginner,practical,0
STU00696,"Python, Artificial Intelligence, SQL",Intermediate,practical,1
STU00697,"Cybersecurity, Data Science",Beginner,practical,0
STU00698,DevOps,Intermediate,Visual,1
STU00699,"Machine Learning, Data Science, SQL",Advanced,practical,2
STU00700,Data Analytics,Beginner,practical,0
STU00701,Cloud Computing,Beginner,practical,0
STU00702,"Deep Learning, Software Development, Web Development",Advanced,practical,2
STU00703,"Software Development, DevOps, Cybersecurity",Intermediate,Reading,1
STU00704,Data Analytics,Intermediate,practical,1
STU00705,"Data Analytics, Machine Learning",Intermediate,Visual,1
STU00706,Cybersecurity,Advanced,Visual,2
STU00707,"Cloud Computing, Data Science",Advanced,Visual,2
STU00708,Data Analytics,Beginner,Reading,0
STU00709,"Cloud Computing, DevOps",Intermediate,practical,1
STU00710,"DevOps, Cybersecurity",Advanced,practical,2
STU00711,"Machine Learning, SQL",Beginner,Reading,0
STU00712,"Machine Learning, Web Development",Advanced,Visual,2
STU00713,DevOps,Beginner,Visual,0
STU00714,Cybersecurity,Beginner,Visual,0
STU00715,"Data Science, Cloud Computing",Beginner,Reading,0
STU00716,"DevOps, Data Science, Machine Learning",Intermediate,practical,1
STU00717,"Software Development, Deep Learning, Cloud Computing",Beginner,practical,0
STU00718,"Cybersecurity, Software Development, Machine Learning",Beginner,practical,0
STU00719,"Deep Learning, Python",Intermediate,practical,1
STU00720,Web Development,Beginner,practical,0
STU00721,"Machine Learning, Data Analytics, Cloud Computing",Advanced,Reading,2
STU00722,Artificial Intelligence,Intermediate,Reading,1
STU00723,Machine Learning,Intermediate,practical,1
STU00724,"Data Analytics, Python, Deep Learning",Advanced,Reading,2
STU00725,"Web Development, Data Science, Artificial Intelligence",Advanced,Reading,2
STU00726,"Cybersecurity, Software Development, Data Analytics",Beginner,practical,0
STU00727,"Web Development, Data Science, Data Analytics",Advanced,Visual,2
STU00728,"Data Science, Artificial Intelligence, Software Development",Advanced,Visual,2
STU00729,DevOps,Advanced,Visual,2
STU00730,"Cloud Computing, Data Analytics, Python",Beginner,Visual,0
STU00731,"Artificial Intelligence, Web Development",Advanced,Reading,2
STU00732,"Deep Learning, Artificial Intelligence, SQL",Advanced,Visual,2
STU00733,"Cybersecurity, Cloud Computing, Data Analytics",Intermediate,Reading,1
STU00734,"Python, Artificial Intelligence",Advanced,Visual,2
STU00735,DevOps,Beginner,Visual,0
STU00736,"Cloud Computing, Cybersecurity, Deep Learning",Intermediate,practical,1
STU00737,SQL,Advanced,Visual,2
STU00738,"DevOps, Machine Learning, Software Development",Beginner,Reading,0
STU00739,"Data Analytics, Artificial Intelligence",Intermediate,Reading,1
STU00740,Artificial Intelligence,Advanced,practical,2
STU00741,"Deep Learning, SQL",Beginner,practical,0
STU00742,Data Science,Beginner,Visual,0
STU00743,"Cloud Computing, Data Science",Intermediate,Reading,1
STU00744,DevOps,Beginner,Visual,0
STU00745,"Web Development, Cybersecurity, Deep Learning",Advanced,Visual,2
STU00746,SQL,Beginner,Visual,0
STU00747,DevOps,Advanced,Visual,2
STU00748,"Artificial Intelligence, Data Analytics",Advanced,Reading,2
STU00749,"Machine Learning, Data Science, Web Development",Intermediate,Reading,1
STU00750,Data Analytics,Intermediate,Reading,1
STU00751,"Cybersecurity, Python, Software Development",Beginner,Visual,0
STU00752,Web Development,Beginner,practical,0
STU00753,"Web Development, Software Development, Machine Learning",Intermediate,Reading,1
STU00754,Machine Learning,Intermediate,Visual,1
STU00755,"Cybersecurity, Data Science",Advanced,Reading,2
STU00756,"Data Science, Python, Cloud Computing",Beginner,Visual,0
STU00757,"Software Development, DevOps, Cybersecurity",Advanced,practical,2
STU00758,"Cloud Computing, Python, DevOps",Intermediate,Reading,1
STU00759,"Machine Learning, Software Development, Cloud Computing",Advanced,Visual,2
STU00760,Cloud Computing,Intermediate,Reading,1
STU00761,Deep Learning,Intermediate,Reading,1
STU00762,"DevOps, Machine Learning",Intermediate,Reading,1
STU00763,Python,Beginner,Visual,0
STU00764,Deep Learning,Advanced,Visual,2
STU00765,"Artificial Intelligence, Data Science",Intermediate,practical,1
STU00766,Cloud Computing,Advanced,Visual,2
STU00767,"Deep Learning, Artificial Intelligence, SQL",Beginner,Visual,0
STU00768,"Python, SQL",Advanced,practical,2
STU00769,"Artificial Intelligence, DevOps",Intermediate,Visual,1
STU00770,Data Science,Beginner,Reading,0
STU00771,"Data Analytics, Deep Learning, DevOps",Beginner,practical,0
STU00772,Artificial Intelligence,Intermediate,practical,1
STU00773,"Data Science, Artificial Intelligence",Intermediate,practical,1
STU00774,DevOps,Beginner,Visual,0
STU00775,Software Development,Beginner,practical,0
STU00776,"DevOps, Deep Learning",Beginner,Visual,0
STU00777,"Deep Learning, Artificial Intelligence, Data Science",Beginner,Visual,0
STU00778,"Cloud Computing, DevOps, Web Development",Intermediate,practical,1
STU00779,"Data Science, Data Analytics, Deep Learning",Advanced,Reading,2
STU00780,Deep Learning,Advanced,practical,2
STU00781,"DevOps, Cloud Computing",Beginner,practical,0
STU00782,"Artificial Intelligence, Deep Learning",Beginner,practical,0
STU00783,Cybersecurity,Beginner,Visual,0
STU00784,Software Development,Intermediate,Reading,1
STU00785,Web Development,Intermediate,practical,1
STU00786,"Cloud Computing, Data Analytics, Machine Learning",Beginner,practical,0
STU00787,"Web Development, Data Science",Intermediate,Visual,1
STU00788,"Data Science, Artificial Intelligence, Software Development",Beginner,Reading,0
STU00789,"Python, Web Development",Beginner,Reading,0
STU00790,"Data Science, Machine Learning",Intermediate,Reading,1
STU00791,"Data Analytics, Cloud Computing",Beginner,practical,0
STU00792,"Machine Learning, Data Analytics, Data Science",Advanced,Visual,2
STU00793,Cloud Computing,Advanced,Visual,2
STU00794,Cloud Computing,Beginner,Reading,0
STU00795,"Artificial Intelligence, Web Development",Beginner,practical,0
STU00796,"Cloud Computing, Cybersecurity, Machine Learning",Beginner,Reading,0
STU00797,Deep Learning,Beginner,Visual,0
STU00798,Machine Learning,Advanced,Visual,2
STU00799,"DevOps, Artificial Intelligence",Intermediate,Visual,1
STU00800,Deep Learning,Beginner,Visual,0
STU00801,"Python, Cloud Computing",Advanced,Visual,2
STU00802,"Artificial Intelligence, Web Development, Deep Learning",Beginner,practical,0
STU00803,"Deep Learning, Python",Intermediate,practical,1
STU00804,Cloud Computing,Beginner,practical,0
STU00805,"Software Development, Python",Advanced,practical,2
STU00806,"Python, Machine Learning",Advanced,Visual,2
STU00807,"Data Analytics, Web Development, Cybersecurity",Intermediate,Reading,1
STU00808,"Artificial Intelligence, Software Development, Cybersecurity",Beginner,Reading,0
STU00809,Data Analytics,Beginner,Visual,0
STU00810,"Cybersecurity, Python",Intermediate,Reading,1
STU00811,"SQL, DevOps, Machine Learning",Intermediate,Reading,1
STU00812,Machine Learning,Beginner,Visual,0
STU00813,Software Development,Advanced,practical,2
STU00814,SQL,Advanced,practical,2
STU00815,"Python, Software Development, Artificial Intelligence",Beginner,Reading,0
STU00816,Web Development,Advanced,Reading,2
STU00817,Web Development,Beginner,practical,0
STU00818,"Web Development, Data Science, Machine Learning",Intermediate,practical,1
STU00819,"Software Development, Machine Learning",Advanced,practical,2
STU00820,Data Analytics,Intermediate,Visual,1
STU00821,Data Science,Intermediate,Reading,1
STU00822,"Python, Software Development",Beginner,Visual,0
STU00823,Cloud Computing,Beginner,practical,0
STU00824,"Machine Learning, Software Development, SQL",Advanced,Reading,2
STU00825,"Machine Learning, Software Development",Intermediate,practical,1
STU00826,"Cloud Computing, Data Science",Intermediate,Visual,1
STU00827,"Software Development, Web Development",Advanced,practical,2
STU00828,"Deep Learning, Data Analytics, Data Science",Intermediate,practical,1
STU00829,Machine Learning,Beginner,Reading,0
STU00830,"Python, Artificial Intelligence, Deep Learning",Beginner,practical,0
STU00831,"Data Science, Cybersecurity, Web Development",Advanced,Visual,2
STU00832,Artificial Intelligence,Intermediate,practical,1
STU00833,Deep Learning,Beginner,Visual,0
STU00834,Python,Beginner,practical,0
STU00835,"Machine Learning, Data Science",Beginner,practical,0
STU00836,"Data Analytics, Software Development",Beginner,practical,0
STU00837,"Cybersecurity, Web Development, DevOps",Advanced,practical,2
STU00838,"Artificial Intelligence, Cloud Computing, Software Development",Intermediate,practical,1
STU00839,"Cloud Computing, Cybersecurity",Advanced,Reading,2
STU00840,"Data Science, Software Development, Machine Learning",Beginner,Visual,0
STU00841,Web Development,Intermediate,Reading,1
STU00842,Python,Beginner,Reading,0
STU00843,"Web Development, Data Science",Intermediate,Reading,1
STU00844,"Data Science, Data Analytics",Beginner,practical,0
STU00845,Data Analytics,Intermediate,Visual,1
STU00846,"Machine Learning, Software Development",Intermediate,Visual,1
STU00847,"Deep Learning, Data Science, Web Development",Beginner,Visual,0
STU00848,Web Development,Advanced,Reading,2
STU00849,"Cybersecurity, Cloud Computing",Intermediate,Visual,1
STU00850,"Artificial Intelligence, Cloud Computing",Advanced,Visual,2
STU00851,"Web Development, Machine Learning",Intermediate,Visual,1
STU00852,"Cybersecurity, Cloud Computing, Software Development",Advanced,practical,2
STU00853,Deep Learning,Intermediate,practical,1
STU00854,Artificial Intelligence,Advanced,practical,2
STU00855,"Python, Data Science, Cybersecurity",Beginner,practical,0
STU00856,"Machine Learning, Software Development",Intermediate,practical,1
STU00857,"Data Science, Cloud Computing, Artificial Intelligence",Beginner,practical,0
STU00858,"Machine Learning, SQL, Cloud Computing",Beginner,Reading,0
STU00859,"Data Analytics, SQL",Advanced,practical,2
STU00860,"Python, Cybersecurity",Beginner,Visual,0
STU00861,"Deep Learning, SQL, Python",Beginner,Reading,0
STU00862,"Software Development, Cybersecurity, Python",Advanced,Visual,2
STU00863,"Web Development, Artificial Intelligence",Intermediate,Reading,1
STU00864,Data Science,Advanced,Visual,2
STU00865,Cybersecurity,Beginner,practical,0
STU00866,Machine Learning,Beginner,Reading,0
STU00867,"Data Analytics, Machine Learning",Beginner,Reading,0
STU00868,"DevOps, Data Science",Beginner,practical,0
STU00869,"Cloud Computing, DevOps",Advanced,Reading,2
STU00870,Artificial Intelligence,Advanced,Visual,2
STU00871,Cloud Computing,Beginner,Visual,0
STU00872,"Machine Learning, Python",Intermediate,Reading,1
STU00873,"Deep Learning, Data Analytics",Beginner,Reading,0
STU00874,"Deep Learning, Artificial Intelligence, Software Development",Beginner,Visual,0
STU00875,Artificial Intelligence,Beginner,practical,0
STU00876,"Cybersecurity, Artificial Intelligence",Beginner,Reading,0
STU00877,"Software Development, Web Development, Cloud Computing",Beginner,Visual,0
STU00878,Software Development,Intermediate,practical,1
STU00879,"Data Analytics, SQL, DevOps",Advanced,Reading,2
STU00880,Data Analytics,Beginner,Reading,0
STU00881,Data Analytics,Beginner,Visual,0
STU00882,"Data Analytics, Machine Learning, Software Development",Intermediate,Visual,1
STU00883,"Data Science, Python",Beginner,practical,0
STU00884,"DevOps, Data Analytics, Deep Learning",Beginner,practical,0
STU00885,Data Analytics,Beginner,Visual,0
STU00886,Data Science,Intermediate,practical,1
STU00887,Software Development,Beginner,Visual,0
STU00888,"Data Analytics, Software Development, Deep Learning",Advanced,Visual,2
STU00889,"Machine Learning, Cloud Computing, DevOps",Intermediate,practical,1
STU00890,"Data Analytics, Machine Learning, Deep Learning",Advanced,Visual,2
STU00891,Data Science,Advanced,practical,2
STU00892,"Software Development, SQL",Beginner,Visual,0
STU00893,"Web Development, DevOps, SQL",Beginner,Visual,0
STU00894,"Cloud Computing, Software Development",Advanced,practical,2
STU00895,"Web Development, Data Science, Cloud Computing",Beginner,Reading,0
STU00896,"Python, Data Analytics, Software Development",Intermediate,Visual,1
STU00897,SQL,Beginner,practical,0
STU00898,"DevOps, SQL",Beginner,practical,0
STU00899,"Web Development, Deep Learning, Artificial Intelligence",Beginner,Visual,0
STU00900,Deep Learning,Intermediate,Reading,1
STU00901,"Cloud Computing, Data Science, Data Analytics",Beginner,Reading,0
STU00902,Cloud Computing,Advanced,practical,2
STU00903,"DevOps, Cybersecurity, Artificial Intelligence",Intermediate,practical,1
STU00904,Deep Learning,Advanced,Reading,2
STU00905,"Machine Learning, Cloud Computing",Advanced,Visual,2
STU00906,"Artificial Intelligence, DevOps, Cybersecurity",Beginner,practical,0
STU00907,"Artificial Intelligence, Cybersecurity",Advanced,practical,2
STU00908,Machine Learning,Beginner,Reading,0
STU00909,"Data Analytics, Artificial Intelligence, Deep Learning",Beginner,Reading,0
STU00910,Deep Learning,Intermediate,Reading,1
STU00911,Data Analytics,Intermediate,Visual,1
STU00912,"Data Science, Web Development, Artificial Intelligence",Advanced,Visual,2
STU00913,"SQL, Data Analytics, Cybersecurity",Intermediate,Reading,1
STU00914,"SQL, Machine Learning, Python",Beginner,Visual,0
STU00915,"Machine Learning, Software Development, Artificial Intelligence",Advanced,practical,2
STU00916,"Data Science, DevOps",Intermediate,Visual,1
STU00917,"DevOps, Web Development",Intermediate,practical,1
STU00918,Artificial Intelligence,Beginner,Reading,0
STU00919,"Cybersecurity, Deep Learning",Advanced,Visual,2
STU00920,Machine Learning,Intermediate,Reading,1
STU00921,Machine Learning,Beginner,Visual,0
STU00922,"Cloud Computing, Data Analytics",Intermediate,Reading,1
STU00923,"DevOps, Artificial Intelligence, Cybersecurity",Intermediate,practical,1
STU00924,"Deep Learning, Cybersecurity, Data Science",Advanced,practical,2
STU00925,"Software Development, Cybersecurity, Web Development",Advanced,Reading,2
STU00926,"DevOps, Data Science, Python",Intermediate,practical,1
STU00927,"Cybersecurity, Data Science, Python",Advanced,practical,2
STU00928,"Data Science, Machine Learning, Deep Learning",Beginner,Reading,0
STU00929,"Python, Artificial Intelligence, Deep Learning",Intermediate,practical,1
STU00930,"Data Science, Python, DevOps",Intermediate,Reading,1
STU00931,Python,Beginner,practical,0
STU00932,"Cloud Computing, Cybersecurity",Intermediate,Reading,1
STU00933,"Data Science, Software Development, SQL",Beginner,practical,0
STU00934,Cybersecurity,Intermediate,practical,1
STU00935,Web Development,Beginner,Reading,0
STU00936,"Cybersecurity, Deep Learning, Machine Learning",Advanced,Visual,2
STU00937,Machine Learning,Advanced,practical,2
STU00938,"Cloud Computing, Machine Learning, SQL",Advanced,practical,2
STU00939,"Cloud Computing, Deep Learning, DevOps",Beginner,Visual,0
STU00940,Cybersecurity,Intermediate,Reading,1
STU00941,"DevOps, Cybersecurity",Beginner,practical,0
STU00942,Cloud Computing,Advanced,Reading,2
STU00943,Cybersecurity,Advanced,Reading,2
STU00944,"DevOps, Python, SQL",Advanced,Visual,2
STU00945,"Artificial Intelligence, DevOps",Intermediate,Reading,1
STU00946,"SQL, Data Analytics, Machine Learning",Beginner,Reading,0
STU00947,"Machine Learning, DevOps, Cybersecurity",Intermediate,Reading,1
STU00948,"Cloud Computing, Web Development",Beginner,Reading,0
STU00949,"Cybersecurity, Python",Intermediate,Reading,1
STU00950,"Python, Deep Learning, Machine Learning",Intermediate,Reading,1
STU00951,Data Analytics,Advanced,Visual,2
STU00952,SQL,Intermediate,practical,1
STU00953,"Python, SQL, DevOps",Intermediate,Reading,1
STU00954,"Cybersecurity, Deep Learning",Advanced,practical,2
STU00955,"Python, Deep Learning",Intermediate,Reading,1
STU00956,"DevOps, Cybersecurity",Beginner,practical,0
STU00957,"DevOps, Data Analytics, Artificial Intelligence",Beginner,practical,0
STU00958,Cloud Computing,Intermediate,practical,1
STU00959,Deep Learning,Advanced,Visual,2
STU00960,"Deep Learning, SQL",Beginner,Reading,0
STU00961,Data Science,Intermediate,Visual,1
STU00962,"Cybersecurity, Artificial Intelligence, Machine Learning",Intermediate,practical,1
STU00963,Cloud Computing,Advanced,Visual,2
STU00964,"Web Development, Cybersecurity, Software Development",Intermediate,Reading,1
STU00965,DevOps,Intermediate,Visual,1
STU00966,"Data Science, Artificial Intelligence",Advanced,Reading,2
STU00967,"Deep Learning, Data Analytics, Web Development",Intermediate,Visual,1
STU00968,"Cybersecurity, Cloud Computing",Beginner,practical,0
STU00969,"Cybersecurity, Web Development",Advanced,Reading,2
STU00970,Data Analytics,Advanced,Visual,2
STU00971,"Machine Learning, Cloud Computing, Data Science",Advanced,Visual,2
STU00972,"Artificial Intelligence, SQL, Web Development",Beginner,Visual,0
STU00973,Machine Learning,Advanced,Reading,2
STU00974,DevOps,Beginner,Visual,0
STU00975,"DevOps, Data Science, Artificial Intelligence",Intermediate,Reading,1
STU00976,"Artificial Intelligence, SQL, Cloud Computing",Advanced,Visual,2
STU00977,DevOps,Intermediate,Reading,1
STU00978,"Machine Learning, DevOps",Intermediate,Reading,1
STU00979,"Python, Web Development",Beginner,Visual,0
STU00980,"DevOps, Python",Beginner,practical,0
STU00981,SQL,Intermediate,Reading,1
STU00982,"Artificial Intelligence, Python, Software Development",Advanced,practical,2
STU00983,Web Development,Intermediate,practical,1
STU00984,"Data Analytics, Web Development",Beginner,Visual,0
STU00985,"Cybersecurity, Machine Learning",Intermediate,Visual,1
STU00986,"Artificial Intelligence, Machine Learning",Intermediate,Visual,1
STU00987,DevOps,Beginner,Visual,0
STU00988,"SQL, Software Development",Advanced,practical,2
STU00989,"Machine Learning, Data Science, Python",Beginner,Visual,0
STU00990,"SQL, Cloud Computing, DevOps",Beginner,practical,0
STU00991,"Cybersecurity, SQL, Data Analytics",Beginner,Reading,0
STU00992,SQL,Beginner,Reading,0
STU00993,"Machine Learning, Artificial Intelligence, Web Development",Intermediate,practical,1
STU00994,"Artificial Intelligence, Data Analytics, SQL",Advanced,practical,2
STU00995,"Python, Cybersecurity",Advanced,Visual,2
STU00996,"Artificial Intelligence, SQL",Beginner,Visual,0
STU00997,"Machine Learning, Software Development, Python",Intermediate,Visual,1
STU00998,"Data Science, Web Development",Intermediate,practical,1
STU00999,"Software Development, Artificial Intelligence",Intermediate,Reading,1
STU01000,DevOps,Advanced,Visual,2
STU01001,"Machine Learning, SQL",Beginner,Reading,0
STU01002,Data Science,Intermediate,Visual,1
STU01003,"Software Development, Cloud Computing",Intermediate,practical,1
STU01004,Machine Learning,Intermediate,practical,1
STU01005,"Cybersecurity, Machine Learning",Advanced,Visual,2
STU01006,"Artificial Intelligence, Deep Learning",Advanced,Visual,2
STU01007,"Artificial Intelligence, Python",Advanced,practical,2
STU01008,"Deep Learning, Artificial Intelligence, DevOps",Advanced,Visual,2
STU01009,"SQL, Web Development, DevOps",Intermediate,Visual,1
STU01010,Artificial Intelligence,Advanced,practical,2
STU01011,"Deep Learning, SQL, Artificial Intelligence",Advanced,Reading,2
STU01012,"Cybersecurity, SQL, Artificial Intelligence",Intermediate,Visual,1
STU01013,SQL,Advanced,Reading,2
STU01014,Artificial Intelligence,Advanced,Reading,2
STU01015,DevOps,Intermediate,practical,1
STU01016,"Data Analytics, Python",Intermediate,Visual,1
STU01017,"Machine Learning, Web Development, Data Science",Advanced,Reading,2
STU01018,"Cloud Computing, Artificial Intelligence",Beginner,Reading,0
STU01019,Data Analytics,Beginner,Reading,0
STU01020,Cybersecurity,Advanced,practical,2
STU01021,Data Analytics,Advanced,practical,2
STU01022,DevOps,Beginner,Reading,0
STU01023,"Web Development, Artificial Intelligence",Intermediate,practical,1
STU01024,"DevOps, Machine Learning",Intermediate,Reading,1
STU01025,Data Analytics,Advanced,Visual,2
STU01026,"Artificial Intelligence, DevOps",Intermediate,Visual,1
STU01027,"SQL, Python",Intermediate,Visual,1
STU01028,Data Analytics,Intermediate,Visual,1
STU01029,"Artificial Intelligence, Cybersecurity, Data Science",Beginner,practical,0
STU01030,Data Science,Advanced,practical,2
STU01031,"Data Analytics, Artificial Intelligence",Beginner,Reading,0
STU01032,"SQL, Data Science",Beginner,practical,0
STU01033,"Data Analytics, Data Science, Cybersecurity",Beginner,Reading,0
STU01034,Cloud Computing,Beginner,practical,0
STU01035,"Data Science, SQL, Deep Learning",Intermediate,practical,1
STU01036,"Cybersecurity, SQL, Machine Learning",Beginner,Visual,0
STU01037,"Web Development, DevOps, Machine Learning",Intermediate,Reading,1
STU01038,"Data Analytics, SQL, Software Development",Advanced,practical,2
STU01039,Web Development,Advanced,practical,2
STU01040,"Web Development, Python",Beginner,Visual,0
STU01041,"Data Analytics, Data Science, Deep Learning",Beginner,Reading,0
STU01042,"Cybersecurity, Artificial Intelligence",Advanced,Reading,2
STU01043,Machine Learning,Beginner,Reading,0
STU01044,"Cloud Computing, Machine Learning",Advanced,practical,2
STU01045,Software Development,Advanced,Reading,2
STU01046,"Machine Learning, Software Development, Web Development",Advanced,Reading,2
STU01047,"DevOps, Data Science",Beginner,practical,0
STU01048,"Deep Learning, Cybersecurity",Beginner,practical,0
STU01049,Deep Learning,Advanced,Visual,2
STU01050,"Machine Learning, Data Analytics, Web Development",Intermediate,practical,1
STU01051,"SQL, DevOps",Intermediate,practical,1
STU01052,SQL,Intermediate,practical,1
STU01053,"Deep Learning, Web Development",Intermediate,Reading,1
STU01054,"Software Development, Deep Learning",Advanced,Reading,2
STU01055,"Cloud Computing, DevOps, Cybersecurity",Beginner,Visual,0
STU01056,"Data Science, Cybersecurity, Cloud Computing",Intermediate,Reading,1
STU01057,"Artificial Intelligence, Machine Learning",Intermediate,Reading,1
STU01058,Data Analytics,Beginner,Reading,0
STU01059,Data Analytics,Advanced,Visual,2
STU01060,"Artificial Intelligence, Deep Learning, Data Analytics",Advanced,practical,2
STU01061,Machine Learning,Advanced,Visual,2
STU01062,"Cloud Computing, Web Development",Beginner,practical,0
STU01063,Software Development,Intermediate,Reading,1
STU01064,"Data Analytics, Data Science",Intermediate,Visual,1
STU01065,"Deep Learning, Software Development",Beginner,practical,0
STU01066,"Python, Artificial Intelligence",Intermediate,Visual,1
STU01067,DevOps,Beginner,Reading,0
STU01068,"Web Development, Python",Intermediate,practical,1
STU01069,"Deep Learning, SQL",Advanced,practical,2
STU01070,"Machine Learning, Web Development, Python",Beginner,Visual,0
STU01071,"Artificial Intelligence, Cloud Computing, Data Science",Intermediate,Reading,1
STU01072,Data Science,Advanced,Reading,2
STU01073,"Artificial Intelligence, DevOps",Intermediate,Reading,1
STU01074,"Deep Learning, SQL",Beginner,practical,0
STU01075,"Data Analytics, Deep Learning",Intermediate,practical,1
STU01076,Python,Advanced,Visual,2
STU01077,"SQL, Web Development",Beginner,practical,0
STU01078,"Machine Learning, Cloud Computing",Beginner,practical,0
STU01079,"Machine Learning, Cloud Computing, Artificial Intelligence",Advanced,practical,2
STU01080,Cybersecurity,Advanced,practical,2
STU01081,"Machine Learning, Software Development, Cloud Computing",Advanced,practical,2
STU01082,"Cloud Computing, Machine Learning",Beginner,Visual,0
STU01083,Machine Learning,Intermediate,Visual,1
STU01084,Cloud Computing,Intermediate,practical,1
STU01085,"Python, Cloud Computing, Machine Learning",Advanced,practical,2
STU01086,"Cybersecurity, Software Development",Advanced,practical,2
STU01087,SQL,Beginner,practical,0
STU01088,"SQL, DevOps, Data Science",Beginner,Visual,0
STU01089,"Software Development, Data Analytics",Intermediate,practical,1
STU01090,Data Science,Beginner,practical,0
STU01091,"DevOps, Cybersecurity",Advanced,Visual,2
STU01092,"Deep Learning, SQL",Advanced,Reading,2
STU01093,"Data Analytics, Cybersecurity",Advanced,practical,2
STU01094,"Deep Learning, Data Science",Intermediate,Reading,1
STU01095,"Artificial Intelligence, SQL",Advanced,practical,2
STU01096,Machine Learning,Beginner,Reading,0
STU01097,"Deep Learning, Data Science, Cloud Computing",Intermediate,Reading,1
STU01098,"Deep Learning, Cloud Computing",Beginner,Reading,0
STU01099,DevOps,Beginner,Visual,0
STU01100,Artificial Intelligence,Beginner,Reading,0
STU01101,"Software Development, Cloud Computing",Advanced,Reading,2
STU01102,"Cybersecurity, Data Analytics",Beginner,Reading,0
STU01103,"Web Development, Artificial Intelligence, Deep Learning",Advanced,Visual,2
STU01104,DevOps,Advanced,Reading,2
STU01105,Cybersecurity,Intermediate,Visual,1
STU01106,"SQL, Artificial Intelligence, DevOps",Advanced,Reading,2
STU01107,"SQL, Data Science",Advanced,Reading,2
STU01108,"Artificial Intelligence, DevOps",Advanced,Visual,2
STU01109,"Artificial Intelligence, Software Development",Intermediate,Visual,1
STU01110,"Web Development, SQL",Advanced,practical,2
STU01111,"Deep Learning, Data Science, Cloud Computing",Intermediate,Visual,1
STU01112,"Python, Data Science",Beginner,practical,0
STU01113,"Machine Learning, Web Development",Advanced,practical,2
STU01114,"Cloud Computing, DevOps",Advanced,Visual,2
STU01115,"Cybersecurity, Deep Learning",Beginner,Reading,0
STU01116,"Cybersecurity, Cloud Computing, SQL",Beginner,Reading,0
STU01117,Cloud Computing,Advanced,Reading,2
STU01118,"Python, Web Development, DevOps",Advanced,Reading,2
STU01119,"Machine Learning, Artificial Intelligence, Python",Beginner,practical,0
STU01120,"Artificial Intelligence, Software Development",Advanced,practical,2
STU01121,Cloud Computing,Beginner,Visual,0
STU01122,Artificial Intelligence,Intermediate,Visual,1
STU01123,"Data Science, Data Analytics",Beginner,Visual,0
STU01124,Cloud Computing,Advanced,Reading,2
STU01125,"Artificial Intelligence, Python",Advanced,Reading,2
STU01126,"Artificial Intelligence, Python, Software Development",Intermediate,Reading,1
STU01127,"Web Development, Data Analytics, Python",Beginner,practical,0
STU01128,"Data Science, Web Development, Software Development",Intermediate,practical,1
STU01129,Machine Learning,Beginner,Visual,0
STU01130,"Software Development, Cybersecurity",Beginner,Reading,0
STU01131,Data Science,Advanced,Reading,2
STU01132,"Cybersecurity, Artificial Intelligence, Python",Intermediate,Visual,1
STU01133,Deep Learning,Advanced,Visual,2
STU01134,"Data Science, Software Development",Intermediate,Visual,1
STU01135,"Machine Learning, Software Development",Beginner,Visual,0
STU01136,"Web Development, Machine Learning",Beginner,Visual,0
STU01137,"Deep Learning, Artificial Intelligence, Data Science",Advanced,practical,2
STU01138,"SQL, Cybersecurity, Cloud Computing",Intermediate,practical,1
STU01139,"Data Science, Data Analytics, Python",Intermediate,Visual,1
STU01140,"DevOps, Artificial Intelligence, Cybersecurity",Beginner,Reading,0
STU01141,"Artificial Intelligence, DevOps, SQL",Advanced,practical,2
STU01142,"DevOps, Cybersecurity, Data Science",Beginner,Visual,0
STU01143,Software Development,Beginner,Reading,0
STU01144,"SQL, Machine Learning",Intermediate,Visual,1
STU01145,Data Analytics,Intermediate,Reading,1
STU01146,"Cybersecurity, Machine Learning, Web Development",Intermediate,Reading,1
STU01147,"DevOps, Deep Learning",Advanced,practical,2
STU01148,"Machine Learning, SQL, Python",Advanced,Visual,2
STU01149,"Data Science, Python, Machine Learning",Advanced,Reading,2
STU01150,"Data Science, Machine Learning, DevOps",Advanced,Visual,2
STU01151,DevOps,Beginner,Reading,0
STU01152,Deep Learning,Beginner,Reading,0
STU01153,"Cybersecurity, Cloud Computing",Intermediate,Visual,1
STU01154,"Machine Learning, Cybersecurity, Software Development",Intermediate,practical,1
STU01155,"Cybersecurity, Machine Learning, Data Science",Beginner,Visual,0
STU01156,Python,Intermediate,Reading,1
STU01157,"Machine Learning, Artificial Intelligence, Deep Learning",Beginner,practical,0
STU01158,"Deep Learning, SQL, DevOps",Beginner,Reading,0
STU01159,"Data Analytics, Data Science",Intermediate,Visual,1
STU01160,"Cybersecurity, DevOps",Intermediate,Visual,1
STU01161,"Python, Cybersecurity, Web Development",Intermediate,Reading,1
STU01162,Web Development,Intermediate,Visual,1
STU01163,Data Science,Advanced,Visual,2
STU01164,"Software Development, Python, Machine Learning",Advanced,Visual,2
STU01165,"Machine Learning, Cloud Computing",Advanced,Reading,2
STU01166,"Data Analytics, Web Development, Cybersecurity",Advanced,Reading,2
STU01167,"SQL, Data Analytics, Cybersecurity",Intermediate,Reading,1
STU01168,"Artificial Intelligence, Data Analytics, Software Development",Intermediate,Visual,1
STU01169,"Cloud Computing, Web Development, Cybersecurity",Advanced,Reading,2
STU01170,Deep Learning,Intermediate,Visual,1
STU01171,Data Analytics,Intermediate,Visual,1
STU01172,"Web Development, SQL, Data Analytics",Advanced,practical,2
STU01173,"Artificial Intelligence, Web Development",Advanced,practical,2
STU01174,"Web Development, Cloud Computing",Advanced,Reading,2
STU01175,"SQL, DevOps",Advanced,Visual,2
STU01176,Data Analytics,Intermediate,Reading,1
STU01177,Deep Learning,Beginner,Reading,0
STU01178,Cloud Computing,Intermediate,practical,1
STU01179,"Data Science, Data Analytics",Advanced,Visual,2
STU01180,Web Development,Intermediate,practical,1
STU01181,"DevOps, Deep Learning, Machine Learning",Beginner,practical,0
STU01182,"Cybersecurity, Web Development",Beginner,Reading,0
STU01183,Data Science,Intermediate,Visual,1
STU01184,"DevOps, Cloud Computing, Web Development",Beginner,Reading,0
STU01185,"Software Development, Data Science, Artificial Intelligence",Intermediate,Visual,1
STU01186,Data Science,Intermediate,Visual,1
STU01187,Machine Learning,Beginner,practical,0
STU01188,"Python, Data Analytics",Intermediate,Visual,1
STU01189,"Artificial Intelligence, Data Science, Machine Learning",Advanced,practical,2
STU01190,"SQL, Web Development",Beginner,Visual,0
STU01191,Python,Advanced,practical,2
STU01192,Software Development,Intermediate,practical,1
STU01193,"Deep Learning, Data Analytics, Python",Intermediate,Reading,1
STU01194,"Deep Learning, Software Development",Intermediate,practical,1
STU01195,"Machine Learning, Web Development",Intermediate,practical,1
STU01196,Cloud Computing,Intermediate,Visual,1
STU01197,"Artificial Intelligence, Data Analytics, SQL",Beginner,practical,0
STU01198,"Data Science, Data Analytics",Beginner,practical,0
STU01199,"Software Development, Deep Learning, Python",Beginner,Visual,0
STU01200,"Web Development, Data Science",Beginner,practical,0
STU01201,Data Analytics,Advanced,practical,2
STU01202,"Data Analytics, DevOps, Machine Learning",Advanced,Visual,2
STU01203,"Data Science, Deep Learning, Python",Beginner,Reading,0
STU01204,"Deep Learning, Machine Learning, Artificial Intelligence",Intermediate,Visual,1
STU01205,"Software Development, Artificial Intelligence, SQL",Intermediate,practical,1
STU01206,"Artificial Intelligence, Cybersecurity, Data Analytics",Intermediate,Visual,1
STU01207,"DevOps, Deep Learning, Cybersecurity",Beginner,Reading,0
STU01208,"Software Development, Deep Learning, SQL",Beginner,Reading,0
STU01209,"Artificial Intelligence, Data Analytics, Data Science",Beginner,practical,0
STU01210,Machine Learning,Beginner,practical,0
STU01211,"Cloud Computing, Python, DevOps",Advanced,Reading,2
STU01212,Deep Learning,Intermediate,practical,1
STU01213,SQL,Advanced,practical,2
STU01214,"Data Science, DevOps",Advanced,Visual,2
STU01215,Data Analytics,Intermediate,practical,1
STU01216,Data Analytics,Advanced,practical,2
STU01217,"Data Analytics, DevOps",Advanced,Reading,2
STU01218,"SQL, Cybersecurity, Data Analytics",Advanced,Reading,2
STU01219,"SQL, DevOps",Advanced,practical,2
STU01220,"Artificial Intelligence, Machine Learning",Beginner,practical,0
STU01221,"Web Development, Python",Beginner,Visual,0
STU01222,"Software Development, Data Analytics, Deep Learning",Advanced,Visual,2
STU01223,"Cloud Computing, Data Science",Intermediate,practical,1
STU01224,"Deep Learning, Python, SQL",Intermediate,practical,1
STU01225,Cloud Computing,Beginner,Visual,0
STU01226,"Deep Learning, Software Development",Advanced,practical,2
STU01227,SQL,Intermediate,practical,1
STU01228,Artificial Intelligence,Beginner,Reading,0
STU01229,"Cloud Computing, Deep Learning",Beginner,Visual,0
STU01230,"SQL, Cybersecurity",Intermediate,practical,1
STU01231,"Cloud Computing, Artificial Intelligence",Advanced,Reading,2
STU01232,Deep Learning,Beginner,Reading,0
STU01233,"Cloud Computing, Deep Learning, Web Development",Beginner,Reading,0
STU01234,"SQL, DevOps, Cloud Computing",Intermediate,Reading,1
STU01235,"Python, Web Development",Advanced,practical,2
STU01236,Python,Advanced,practical,2
STU01237,"Web Development, Machine Learning",Beginner,Visual,0
STU01238,Cloud Computing,Beginner,Visual,0
STU01239,"Python, DevOps",Beginner,Reading,0
STU01240,"Data Analytics, Python",Advanced,practical,2
STU01241,Python,Intermediate,Visual,1
STU01242,Python,Beginner,practical,0
STU01243,"Cloud Computing, Web Development",Beginner,Reading,0
STU01244,"Data Science, Artificial Intelligence, Cybersecurity",Advanced,Reading,2
STU01245,"Data Analytics, Deep Learning, Cloud Computing",Beginner,Visual,0
STU01246,"SQL, Machine Learning, Data Analytics",Advanced,Reading,2
STU01247,Machine Learning,Beginner,Visual,0
STU01248,"Deep Learning, Cloud Computing, Software Development",Advanced,Visual,2
STU01249,"Software Development, Data Analytics",Beginner,practical,0
STU01250,Data Analytics,Advanced,Visual,2
STU01251,"Machine Learning, Data Science",Advanced,Visual,2
STU01252,Data Science,Intermediate,Reading,1
STU01253,"DevOps, Software Development",Beginner,Visual,0
STU01254,"Cybersecurity, Cloud Computing",Advanced,Visual,2
STU01255,"Cybersecurity, Machine Learning, Web Development",Beginner,Reading,0
STU01256,Artificial Intelligence,Beginner,Visual,0
STU01257,Deep Learning,Beginner,Visual,0
STU01258,"Cybersecurity, Machine Learning",Beginner,Reading,0
STU01259,"Software Development, Data Science",Beginner,practical,0
STU01260,"Artificial Intelligence, Data Science",Advanced,Reading,2
STU01261,Cybersecurity,Beginner,practical,0
STU01262,Deep Learning,Beginner,practical,0
STU01263,"Machine Learning, Data Science",Intermediate,Reading,1
STU01264,"Cybersecurity, Deep Learning, SQL",Advanced,practical,2
STU01265,"Python, Cybersecurity",Intermediate,practical,1
STU01266,"Machine Learning, Artificial Intelligence",Intermediate,practical,1
STU01267,"Deep Learning, Cloud Computing",Intermediate,practical,1
STU01268,Machine Learning,Intermediate,Visual,1
STU01269,"Data Science, Data Analytics, Machine Learning",Intermediate,Visual,1
STU01270,"Software Development, Python, SQL",Intermediate,practical,1
STU01271,SQL,Intermediate,Reading,1
STU01272,"Cloud Computing, Artificial Intelligence",Advanced,Reading,2
STU01273,"Machine Learning, SQL, Web Development",Intermediate,Visual,1
STU01274,Deep Learning,Intermediate,Visual,1
STU01275,"Python, Data Science",Beginner,Visual,0
STU01276,"Data Science, Cloud Computing, Python",Advanced,Visual,2
STU01277,"Web Development, Software Development",Advanced,Visual,2
STU01278,"SQL, Artificial Intelligence, Deep Learning",Beginner,Reading,0
STU01279,"Software Development, Python, Data Science",Intermediate,practical,1
STU01280,"Cloud Computing, Deep Learning",Intermediate,practical,1
STU01281,Artificial Intelligence,Advanced,Reading,2
STU01282,SQL,Advanced,practical,2
STU01283,"Web Development, Software Development, Artificial Intelligence",Beginner,practical,0
STU01284,"Python, Artificial Intelligence",Intermediate,Reading,1
STU01285,Cloud Computing,Advanced,Visual,2
STU01286,"DevOps, Software Development, SQL",Beginner,Reading,0
STU01287,Data Analytics,Beginner,practical,0
STU01288,"Data Analytics, Software Development, Data Science",Advanced,practical,2
STU01289,"Data Analytics, SQL, DevOps",Beginner,practical,0
STU01290,Deep Learning,Intermediate,Reading,1
STU01291,Data Science,Advanced,Reading,2
STU01292,"Software Development, Python, Artificial Intelligence",Beginner,Visual,0
STU01293,"SQL, Deep Learning, Software Development",Intermediate,Reading,1
STU01294,"Data Analytics, SQL, Web Development",Intermediate,Reading,1
STU01295,Cybersecurity,Advanced,Visual,2
STU01296,"Deep Learning, Web Development",Advanced,practical,2
STU01297,Data Analytics,Intermediate,Reading,1
STU01298,DevOps,Advanced,Reading,2
STU01299,"Cloud Computing, Artificial Intelligence, Data Analytics",Advanced,practical,2
STU01300,Artificial Intelligence,Advanced,practical,2
STU01301,"Artificial Intelligence, Python",Beginner,Reading,0
STU01302,"Data Analytics, Python, Deep Learning",Intermediate,practical,1
STU01303,"Artificial Intelligence, Web Development",Intermediate,Visual,1
STU01304,"DevOps, Cybersecurity",Advanced,practical,2
STU01305,Data Analytics,Advanced,practical,2
STU01306,"Deep Learning, Web Development",Advanced,practical,2
STU01307,Artificial Intelligence,Advanced,Visual,2
STU01308,"Machine Learning, Web Development, SQL",Beginner,Reading,0
STU01309,"Python, Software Development, Deep Learning",Advanced,Reading,2
STU01310,Machine Learning,Beginner,practical,0
STU01311,"Web Development, Machine Learning",Advanced,Visual,2
STU01312,Data Analytics,Advanced,Visual,2
STU01313,"Artificial Intelligence, Web Development",Advanced,Visual,2
STU01314,"Data Science, Web Development",Beginner,Visual,0
STU01315,Data Analytics,Advanced,Visual,2
STU01316,"Artificial Intelligence, Data Science",Beginner,Reading,0
STU01317,"Cybersecurity, Data Science, Data Analytics",Advanced,practical,2
STU01318,"Python, Cybersecurity, Deep Learning",Intermediate,Reading,1
STU01319,Software Development,Intermediate,practical,1
STU01320,"Software Development, Cloud Computing, Cybersecurity",Intermediate,Reading,1
STU01321,"Cybersecurity, DevOps",Advanced,practical,2
STU01322,"Python, Machine Learning",Advanced,Visual,2
STU01323,"Cybersecurity, Data Science",Intermediate,Visual,1
STU01324,SQL,Beginner,practical,0
STU01325,"DevOps, Web Development",Advanced,Visual,2
STU01326,Data Analytics,Beginner,Visual,0
STU01327,"Web Development, DevOps, Artificial Intelligence",Intermediate,practical,1
STU01328,Data Analytics,Advanced,practical,2
STU01329,"Data Analytics, Machine Learning",Advanced,Visual,2
STU01330,Deep Learning,Beginner,Reading,0
STU01331,SQL,Advanced,Visual,2
STU01332,Web Development,Intermediate,Visual,1
STU01333,Web Development,Advanced,practical,2
STU01334,"Software Development, Cloud Computing, Python",Intermediate,practical,1
STU01335,Data Science,Advanced,practical,2
STU01336,"Data Analytics, SQL, Web Development",Intermediate,Visual,1
STU01337,Artificial Intelligence,Beginner,Visual,0
STU01338,"Cybersecurity, Web Development",Intermediate,practical,1
STU01339,Software Development,Advanced,Reading,2
STU01340,"Web Development, Cybersecurity",Advanced,Reading,2
STU01341,"Deep Learning, Python, Web Development",Advanced,Reading,2
STU01342,Deep Learning,Advanced,practical,2
STU01343,"Cloud Computing, Artificial Intelligence, Python",Intermediate,practical,1
STU01344,DevOps,Advanced,Visual,2
STU01345,"Cloud Computing, Software Development",Advanced,Reading,2
STU01346,"Software Development, Artificial Intelligence",Beginner,Reading,0
STU01347,"Machine Learning, Deep Learning, Web Development",Intermediate,Visual,1
STU01348,"Deep Learning, Artificial Intelligence",Beginner,Reading,0
STU01349,Web Development,Intermediate,Visual,1
STU01350,"Software Development, SQL",Intermediate,Reading,1
STU01351,"Artificial Intelligence, Data Science",Beginner,Reading,0
STU01352,"Python, Cloud Computing, DevOps",Intermediate,Reading,1
STU01353,"DevOps, Web Development, Cloud Computing",Beginner,Reading,0
STU01354,SQL,Advanced,practical,2
STU01355,"DevOps, Web Development",Advanced,Reading,2
STU01356,"Machine Learning, Web Development",Advanced,Visual,2
STU01357,"DevOps, Cloud Computing, SQL",Beginner,practical,0
STU01358,"Cybersecurity, Data Science",Beginner,Reading,0
STU01359,Data Analytics,Beginner,practical,0
STU01360,Machine Learning,Advanced,practical,2
STU01361,"Software Development, Web Development, Artificial Intelligence",Advanced,practical,2
STU01362,"Cybersecurity, Web Development, SQL",Intermediate,Visual,1
STU01363,"Software Development, SQL",Advanced,practical,2
STU01364,"DevOps, Data Science",Advanced,practical,2
STU01365,"Machine Learning, Cloud Computing",Advanced,Visual,2
STU01366,"Cybersecurity, DevOps, Python",Beginner,Visual,0
STU01367,Python,Beginner,Reading,0
STU01368,"DevOps, Cybersecurity",Beginner,practical,0
STU01369,Python,Advanced,Reading,2
STU01370,Cybersecurity,Advanced,practical,2
STU01371,Web Development,Intermediate,Reading,1
STU01372,"Python, Cloud Computing, DevOps",Advanced,Reading,2
STU01373,Deep Learning,Intermediate,Reading,1
STU01374,"Artificial Intelligence, Data Science, Web Development",Beginner,Reading,0
STU01375,"Deep Learning, DevOps, SQL",Advanced,Reading,2
STU01376,"Data Science, Data Analytics, Cloud Computing",Advanced,practical,2
STU01377,"Data Science, Software Development",Advanced,Visual,2
STU01378,"Machine Learning, Deep Learning, Software Development",Intermediate,practical,1
STU01379,"SQL, Data Analytics, Web Development",Advanced,practical,2
STU01380,"SQL, Cybersecurity, Machine Learning",Intermediate,Reading,1
STU01381,Python,Advanced,Visual,2
STU01382,Cybersecurity,Intermediate,Visual,1
STU01383,Machine Learning,Intermediate,Visual,1
STU01384,"Data Analytics, Deep Learning",Beginner,Visual,0
STU01385,SQL,Intermediate,practical,1
STU01386,Cybersecurity,Beginner,Visual,0
STU01387,Data Science,Beginner,Reading,0
STU01388,"Cybersecurity, SQL, Machine Learning",Advanced,Reading,2
STU01389,Cybersecurity,Intermediate,Reading,1
STU01390,DevOps,Advanced,Visual,2
STU01391,"Machine Learning, Web Development, Data Science",Beginner,Visual,0
STU01392,"Python, Data Science, Deep Learning",Intermediate,Visual,1
STU01393,Software Development,Advanced,Visual,2
STU01394,Data Analytics,Intermediate,practical,1
STU01395,"Cybersecurity, DevOps, Software Development",Advanced,Visual,2
STU01396,Cloud Computing,Advanced,Visual,2
STU01397,"DevOps, Artificial Intelligence",Intermediate,Visual,1
STU01398,Cloud Computing,Intermediate,Reading,1
STU01399,"Cybersecurity, Data Science, Software Development",Advanced,Visual,2
STU01400,"Python, Data Analytics, Cybersecurity",Beginner,Reading,0
STU01401,"Data Science, DevOps",Intermediate,practical,1
STU01402,"Data Science, Machine Learning",Intermediate,Visual,1
STU01403,"Deep Learning, Web Development, SQL",Beginner,Visual,0
STU01404,Machine Learning,Beginner,Reading,0
STU01405,"Python, Software Development, Web Development",Intermediate,practical,1
STU01406,"Software Development, Cloud Computing",Beginner,practical,0
STU01407,Deep Learning,Beginner,Reading,0
STU01408,"Software Development, SQL",Intermediate,Reading,1
STU01409,Cybersecurity,Beginner,Visual,0
STU01410,"Software Development, DevOps",Intermediate,practical,1
STU01411,Data Analytics,Advanced,practical,2
STU01412,"Web Development, Deep Learning",Advanced,practical,2
STU01413,"Python, Cybersecurity",Beginner,Visual,0
STU01414,"Data Science, Artificial Intelligence",Advanced,Visual,2
STU01415,"Data Science, Deep Learning",Advanced,Reading,2
STU01416,"Artificial Intelligence, Web Development",Beginner,Reading,0
STU01417,"DevOps, Web Development",Beginner,practical,0
STU01418,"Cybersecurity, DevOps, Cloud Computing",Intermediate,Reading,1
STU01419,"Data Science, DevOps, Artificial Intelligence",Advanced,Visual,2
STU01420,"Machine Learning, Software Development, SQL",Advanced,Visual,2
STU01421,"Software Development, Python, Artificial Intelligence",Intermediate,Reading,1
STU01422,"Web Development, Cybersecurity, SQL",Beginner,Reading,0
STU01423,"Software Development, Data Analytics",Advanced,practical,2
STU01424,"Artificial Intelligence, Cloud Computing, Data Science",Beginner,Reading,0
STU01425,"SQL, Web Development",Advanced,practical,2
STU01426,"Artificial Intelligence, Cybersecurity, DevOps",Beginner,Visual,0
STU01427,"Artificial Intelligence, Machine Learning",Intermediate,Reading,1
STU01428,"Web Development, Cybersecurity, Python",Beginner,Visual,0
STU01429,"Machine Learning, Python",Beginner,Reading,0
STU01430,Software Development,Beginner,Reading,0
STU01431,"Cloud Computing, DevOps, Artificial Intelligence",Intermediate,Reading,1
STU01432,"Software Development, Data Science, Machine Learning",Advanced,Visual,2
STU01433,"SQL, Cybersecurity",Advanced,practical,2
STU01434,"Artificial Intelligence, Cybersecurity, Deep Learning",Beginner,Reading,0
STU01435,"Cloud Computing, Machine Learning",Intermediate,Visual,1
STU01436,"Data Science, Cloud Computing",Advanced,Visual,2
STU01437,"Web Development, Deep Learning",Beginner,Visual,0
STU01438,Python,Advanced,practical,2
STU01439,Data Analytics,Intermediate,practical,1
STU01440,Artificial Intelligence,Beginner,Reading,0
STU01441,"Data Analytics, DevOps, Cloud Computing",Intermediate,practical,1
STU01442,Web Development,Intermediate,Visual,1
STU01443,"DevOps, Data Science, Deep Learning",Advanced,practical,2
STU01444,Python,Intermediate,practical,1
STU01445,"Software Development, Python, DevOps",Intermediate,Visual,1
STU01446,Python,Advanced,Reading,2
STU01447,"Cloud Computing, Data Analytics, Software Development",Intermediate,Visual,1
STU01448,"Data Science, DevOps, Software Development",Beginner,practical,0
STU01449,Deep Learning,Advanced,practical,2
STU01450,"Deep Learning, DevOps, Artificial Intelligence",Beginner,practical,0
STU01451,"Web Development, Cloud Computing",Intermediate,Visual,1
STU01452,"Data Analytics, SQL",Beginner,Visual,0
STU01453,"Data Analytics, Deep Learning",Intermediate,Reading,1
STU01454,"Artificial Intelligence, SQL",Advanced,Reading,2
STU01455,"Machine Learning, Web Development, SQL",Advanced,Visual,2
STU01456,"Data Science, Software Development, Artificial Intelligence",Beginner,Visual,0
STU01457,Python,Intermediate,practical,1
STU01458,"Cloud Computing, Cybersecurity",Intermediate,Reading,1
STU01459,"Machine Learning, Python, Deep Learning",Beginner,practical,0
STU01460,DevOps,Intermediate,Visual,1
STU01461,"Python, Web Development, DevOps",Advanced,practical,2
STU01462,Cybersecurity,Advanced,Visual,2
STU01463,"Data Analytics, Data Science, Artificial Intelligence",Intermediate,Reading,1
STU01464,"Software Development, Data Analytics",Intermediate,Reading,1
STU01465,Web Development,Intermediate,Reading,1
STU01466,"Data Analytics, Data Science, Software Development",Beginner,Reading,0
STU01467,"Machine Learning, Cybersecurity",Advanced,Reading,2
STU01468,"Deep Learning, Software Development, Machine Learning",Beginner,Reading,0
STU01469,"Cloud Computing, Data Analytics",Advanced,Reading,2
STU01470,"Artificial Intelligence, Cybersecurity",Advanced,Visual,2
STU01471,"Web Development, SQL, Cybersecurity",Advanced,Reading,2
STU01472,Software Development,Advanced,Visual,2
STU01473,"SQL, Deep Learning",Beginner,Visual,0
STU01474,Python,Advanced,practical,2
STU01475,"Data Analytics, Deep Learning",Beginner,Visual,0
STU01476,"SQL, Data Analytics, Cybersecurity",Intermediate,practical,1
STU01477,"Web Development, Software Development",Beginner,Visual,0
STU01478,Deep Learning,Intermediate,Visual,1
STU01479,Cybersecurity,Beginner,Visual,0
STU01480,"Software Development, Data Science",Beginner,Visual,0
STU01481,"Python, Cybersecurity",Intermediate,Reading,1
STU01482,"Python, Deep Learning, Web Development",Intermediate,Reading,1
STU01483,"SQL, DevOps, Software Development",Beginner,practical,0
STU01484,"Python, Data Analytics, Software Development",Advanced,Visual,2
STU01485,DevOps,Beginner,Visual,0
STU01486,Software Development,Intermediate,Reading,1
STU01487,DevOps,Beginner,Visual,0
STU01488,Cloud Computing,Advanced,Reading,2
STU01489,Deep Learning,Advanced,Reading,2
STU01490,Data Analytics,Intermediate,Reading,1
STU01491,Deep Learning,Advanced,Reading,2
STU01492,"Data Analytics, Web Development",Beginner,Reading,0
STU01493,"Web Development, SQL, DevOps",Advanced,Visual,2
STU01494,Machine Learning,Beginner,Visual,0
STU01495,"Web Development, Data Analytics, Artificial Intelligence",Intermediate,practical,1
STU01496,DevOps,Beginner,practical,0
STU01497,"Python, Cybersecurity, DevOps",Beginner,Reading,0
STU01498,"Data Science, SQL",Advanced,practical,2
STU01499,"Data Analytics, Cloud Computing",Advanced,Reading,2
STU01500,SQL,Advanced,Visual,2
STU01501,"Cybersecurity, Deep Learning, SQL",Beginner,Reading,0
STU01502,"Cybersecurity, Deep Learning, Software Development",Beginner,practical,0
STU01503,"Python, Web Development",Advanced,Visual,2
STU01504,"Artificial Intelligence, Python",Advanced,practical,2
STU01505,"Data Analytics, Artificial Intelligence",Beginner,Reading,0
STU01506,"Data Science, Deep Learning, DevOps",Beginner,Visual,0
STU01507,"Data Analytics, Cloud Computing",Intermediate,practical,1
STU01508,Python,Beginner,Reading,0
STU01509,"Machine Learning, DevOps",Beginner,practical,0
STU01510,"SQL, Cloud Computing, Machine Learning",Beginner,Reading,0
STU01511,"Deep Learning, Web Development",Beginner,Visual,0
STU01512,"Machine Learning, DevOps",Intermediate,practical,1
STU01513,"Web Development, Artificial Intelligence",Intermediate,practical,1
STU01514,"Machine Learning, Python, Software Development",Advanced,Visual,2
STU01515,DevOps,Intermediate,practical,1
STU01516,Data Analytics,Intermediate,practical,1
STU01517,"Machine Learning, DevOps, Python",Beginner,Reading,0
STU01518,"Artificial Intelligence, Data Analytics, Data Science",Beginner,practical,0
STU01519,"Web Development, DevOps",Intermediate,Visual,1
STU01520,Artificial Intelligence,Intermediate,practical,1
STU01521,"Cloud Computing, Data Science",Intermediate,Visual,1
STU01522,"Artificial Intelligence, SQL, Data Analytics",Intermediate,Visual,1
STU01523,"Software Development, DevOps",Beginner,Visual,0
STU01524,DevOps,Intermediate,Reading,1
STU01525,"Cloud Computing, Software Development",Advanced,practical,2
STU01526,"Cloud Computing, DevOps, SQL",Intermediate,Visual,1
STU01527,"Data Science, Cloud Computing",Beginner,practical,0
STU01528,"Deep Learning, Software Development, Web Development",Intermediate,Visual,1
STU01529,"Deep Learning, Web Development, SQL",Beginner,Visual,0
STU01530,"Web Development, Deep Learning",Intermediate,practical,1
STU01531,DevOps,Beginner,Reading,0
STU01532,"Data Analytics, DevOps, Data Science",Beginner,Reading,0
STU01533,"Deep Learning, Software Development, DevOps",Beginner,practical,0
STU01534,"Cloud Computing, Web Development, Cybersecurity",Intermediate,Visual,1
STU01535,"Data Analytics, Cybersecurity",Beginner,Visual,0
STU01536,DevOps,Intermediate,Reading,1
STU01537,"Python, Cloud Computing",Intermediate,practical,1
STU01538,"SQL, DevOps, Cybersecurity",Intermediate,practical,1
STU01539,"DevOps, Cybersecurity",Beginner,Visual,0
STU01540,"Web Development, Artificial Intelligence, SQL",Beginner,Reading,0
STU01541,"Cybersecurity, Software Development",Intermediate,Visual,1
STU01542,"SQL, Machine Learning",Intermediate,practical,1
STU01543,"Python, Data Science",Intermediate,Reading,1
STU01544,Cybersecurity,Intermediate,Reading,1
STU01545,"Deep Learning, Data Analytics, Machine Learning",Intermediate,Reading,1
STU01546,Cloud Computing,Advanced,Reading,2
STU01547,"Cybersecurity, Data Analytics",Advanced,Reading,2
STU01548,"Machine Learning, Data Analytics, DevOps",Intermediate,practical,1
STU01549,"Cybersecurity, Deep Learning, Data Analytics",Beginner,Reading,0
STU01550,"Cloud Computing, Python",Beginner,Reading,0
STU01551,"SQL, Software Development",Intermediate,Visual,1
STU01552,"Machine Learning, Python",Beginner,practical,0
STU01553,"Data Science, Data Analytics",Beginner,practical,0
STU01554,Machine Learning,Beginner,Reading,0
STU01555,Cloud Computing,Advanced,practical,2
STU01556,"Artificial Intelligence, Cybersecurity, Data Science",Intermediate,Visual,1
STU01557,Python,Beginner,Visual,0
STU01558,"Cybersecurity, Artificial Intelligence",Beginner,Visual,0
STU01559,"Software Development, Cybersecurity, Machine Learning",Intermediate,practical,1
STU01560,"Artificial Intelligence, Web Development",Beginner,practical,0
STU01561,Software Development,Intermediate,practical,1
STU01562,"Cloud Computing, DevOps, Machine Learning",Beginner,Visual,0
STU01563,"Python, Web Development, Data Science",Beginner,Visual,0
STU01564,Data Science,Advanced,Visual,2
STU01565,"Cloud Computing, Web Development",Advanced,practical,2
STU01566,Deep Learning,Beginner,Reading,0
STU01567,Deep Learning,Advanced,practical,2
STU01568,"Cybersecurity, DevOps",Intermediate,Reading,1
STU01569,"Cloud Computing, Software Development",Intermediate,practical,1
STU01570,Data Science,Beginner,Reading,0
STU01571,Deep Learning,Intermediate,Visual,1
STU01572,Web Development,Beginner,Visual,0
STU01573,"Python, SQL",Beginner,Visual,0
STU01574,Cybersecurity,Advanced,Visual,2
STU01575,"Data Analytics, Artificial Intelligence",Intermediate,Reading,1
STU01576,"Cybersecurity, Machine Learning",Intermediate,Visual,1
STU01577,"Machine Learning, SQL, Software Development",Advanced,Visual,2
STU01578,Cybersecurity,Intermediate,Reading,1
STU01579,"Data Analytics, Web Development, Cloud Computing",Beginner,practical,0
STU01580,"Python, Artificial Intelligence",Beginner,Reading,0
STU01581,"Web Development, DevOps",Advanced,practical,2
STU01582,Deep Learning,Beginner,practical,0
STU01583,"Deep Learning, Software Development, Web Development",Advanced,Visual,2
STU01584,"SQL, Data Science",Intermediate,Reading,1
STU01585,"Cloud Computing, Data Science",Intermediate,Reading,1
STU01586,"DevOps, Deep Learning, Software Development",Advanced,Visual,2
STU01587,DevOps,Advanced,Reading,2
STU01588,"Cloud Computing, Web Development",Intermediate,practical,1
STU01589,"Software Development, Data Analytics, Cloud Computing",Beginner,practical,0
STU01590,Deep Learning,Advanced,Visual,2
STU01591,"Cybersecurity, SQL, DevOps",Advanced,practical,2
STU01592,"Cloud Computing, Software Development",Advanced,Visual,2
STU01593,"Deep Learning, Python",Beginner,practical,0
STU01594,Deep Learning,Advanced,Reading,2
STU01595,"Machine Learning, Web Development",Advanced,practical,2
STU01596,"Data Science, Data Analytics",Intermediate,practical,1
STU01597,"Deep Learning, Cloud Computing",Advanced,practical,2
STU01598,Data Analytics,Beginner,Visual,0
STU01599,"Software Development, Data Science, Cloud Computing",Beginner,Reading,0
STU01600,"Machine Learning, Web Development, Deep Learning",Advanced,Reading,2
STU01601,Cloud Computing,Intermediate,Reading,1
STU01602,Deep Learning,Beginner,Reading,0
STU01603,Cloud Computing,Advanced,Visual,2
STU01604,Web Development,Beginner,Reading,0
STU01605,"Deep Learning, SQL, Python",Advanced,Visual,2
STU01606,Data Science,Advanced,Reading,2
STU01607,"SQL, Machine Learning, DevOps",Intermediate,Reading,1
STU01608,Data Science,Beginner,Reading,0
STU01609,"Web Development, Cloud Computing",Beginner,practical,0
STU01610,"Data Science, Artificial Intelligence",Advanced,practical,2
STU01611,"Artificial Intelligence, Software Development, DevOps",Intermediate,Visual,1
STU01612,"Data Science, Machine Learning, Data Analytics",Beginner,practical,0
STU01613,"Data Science, Python, SQL",Advanced,practical,2
STU01614,"Web Development, Data Analytics",Intermediate,Reading,1
STU01615,"SQL, Software Development",Beginner,Visual,0
STU01616,Artificial Intelligence,Advanced,Reading,2
STU01617,"Data Analytics, Cybersecurity, Artificial Intelligence",Advanced,practical,2
STU01618,Web Development,Beginner,practical,0
STU01619,"DevOps, Machine Learning",Advanced,Visual,2
STU01620,"Cybersecurity, Python, Deep Learning",Advanced,practical,2
STU01621,"Machine Learning, Software Development, Cybersecurity",Advanced,Reading,2
STU01622,"Web Development, Data Analytics",Beginner,practical,0
STU01623,"Cybersecurity, Data Science, Python",Beginner,Visual,0
STU01624,Machine Learning,Intermediate,Visual,1
STU01625,"Deep Learning, Data Analytics, Machine Learning",Beginner,Reading,0
STU01626,Python,Advanced,Visual,2
STU01627,"Cloud Computing, Web Development",Advanced,Reading,2
STU01628,Python,Beginner,Reading,0
STU01629,"Software Development, Web Development, Data Analytics",Advanced,Visual,2
STU01630,"Machine Learning, Software Development, Cybersecurity",Intermediate,Reading,1
STU01631,Software Development,Beginner,Visual,0
STU01632,"Deep Learning, Machine Learning, Artificial Intelligence",Intermediate,Reading,1
STU01633,"Artificial Intelligence, Data Science",Advanced,Reading,2
STU01634,"Python, Software Development",Intermediate,practical,1
STU01635,"Cybersecurity, Python, SQL",Intermediate,practical,1
STU01636,Artificial Intelligence,Advanced,Reading,2
STU01637,Software Development,Advanced,Reading,2
STU01638,"DevOps, Python",Beginner,practical,0
STU01639,"Cloud Computing, Deep Learning",Beginner,Visual,0
STU01640,"SQL, Web Development",Advanced,Visual,2
STU01641,"Data Science, SQL, Machine Learning",Beginner,practical,0
STU01642,Artificial Intelligence,Advanced,practical,2
STU01643,"Data Analytics, Data Science, Web Development",Intermediate,Visual,1
STU01644,"Python, Web Development",Advanced,Reading,2
STU01645,"Deep Learning, Software Development",Intermediate,Reading,1
STU01646,"SQL, Web Development, Artificial Intelligence",Advanced,Reading,2
STU01647,SQL,Beginner,Reading,0
STU01648,"Data Science, DevOps, Artificial Intelligence",Advanced,Visual,2
STU01649,Cybersecurity,Beginner,Reading,0
STU01650,Deep Learning,Beginner,Visual,0
STU01651,Data Science,Beginner,Visual,0
STU01652,"Web Development, DevOps",Beginner,Visual,0
STU01653,"Data Science, SQL, Cloud Computing",Advanced,practical,2
STU01654,Software Development,Intermediate,practical,1
STU01655,Data Analytics,Advanced,Visual,2
STU01656,"Machine Learning, Artificial Intelligence",Beginner,Visual,0
STU01657,Software Development,Intermediate,Reading,1
STU01658,"Cloud Computing, Software Development, DevOps",Intermediate,practical,1
STU01659,"SQL, Data Science, Cloud Computing",Intermediate,practical,1
STU01660,"Data Science, SQL",Intermediate,Reading,1
STU01661,"DevOps, Data Science",Intermediate,Visual,1
STU01662,"DevOps, Data Analytics",Advanced,Reading,2
STU01663,"Web Development, DevOps, Data Analytics",Advanced,Visual,2
STU01664,Deep Learning,Beginner,Reading,0
STU01665,Machine Learning,Intermediate,Reading,1
STU01666,"Deep Learning, SQL, Data Science",Advanced,practical,2
STU01667,Software Development,Intermediate,practical,1
STU01668,"Artificial Intelligence, Python, SQL",Advanced,Reading,2
STU01669,"Data Analytics, Deep Learning",Beginner,Reading,0
STU01670,Machine Learning,Beginner,Reading,0
STU01671,"SQL, Deep Learning, Artificial Intelligence",Beginner,Reading,0
STU01672,"Deep Learning, Data Analytics, Machine Learning",Intermediate,Visual,1
STU01673,"Artificial Intelligence, Data Science, SQL",Intermediate,Visual,1
STU01674,"Data Analytics, Deep Learning",Advanced,Reading,2
STU01675,Data Science,Advanced,Visual,2
STU01676,SQL,Intermediate,Visual,1
STU01677,Cybersecurity,Beginner,Reading,0
STU01678,"Artificial Intelligence, Software Development",Beginner,practical,0
STU01679,"Machine Learning, SQL",Beginner,practical,0
STU01680,Data Science,Intermediate,Visual,1
STU01681,"Software Development, Data Science, Python",Intermediate,practical,1
STU01682,Python,Advanced,Visual,2
STU01683,"Data Analytics, Cloud Computing",Beginner,Reading,0
STU01684,"Cloud Computing, Data Science",Intermediate,Visual,1
STU01685,Cloud Computing,Beginner,practical,0
STU01686,"Data Science, Software Development",Advanced,practical,2
STU01687,"SQL, DevOps",Beginner,practical,0
STU01688,"Artificial Intelligence, Deep Learning",Intermediate,practical,1
STU01689,"SQL, Python, DevOps",Beginner,practical,0
STU01690,"Data Analytics, Cybersecurity",Beginner,practical,0
STU01691,"Python, Data Analytics",Beginner,practical,0
STU01692,"Cybersecurity, Software Development, Python",Beginner,Reading,0
STU01693,"Data Science, Deep Learning",Beginner,Reading,0
STU01694,"Data Analytics, Software Development",Beginner,Reading,0
STU01695,"Artificial Intelligence, Machine Learning, Data Analytics",Beginner,Reading,0
STU01696,DevOps,Advanced,practical,2
STU01697,"SQL, Data Analytics, Software Development",Advanced,Reading,2
STU01698,"Cloud Computing, Machine Learning, Python",Advanced,practical,2
STU01699,SQL,Advanced,Visual,2
STU01700,"Python, Data Analytics, Software Development",Beginner,Visual,0
STU01701,Cloud Computing,Beginner,Visual,0
STU01702,"Data Science, SQL",Intermediate,Visual,1
STU01703,"Cybersecurity, Data Science",Advanced,Visual,2
STU01704,"Cybersecurity, Machine Learning",Intermediate,Reading,1
STU01705,Data Analytics,Beginner,practical,0
STU01706,Machine Learning,Beginner,Reading,0
STU01707,Machine Learning,Beginner,Visual,0
STU01708,"DevOps, Data Analytics",Beginner,practical,0
STU01709,"SQL, DevOps",Intermediate,practical,1
STU01710,Software Development,Beginner,Visual,0
STU01711,Deep Learning,Intermediate,Visual,1
STU01712,"Deep Learning, Software Development, SQL",Intermediate,practical,1
STU01713,"Machine Learning, Deep Learning",Beginner,Reading,0
STU01714,"Software Development, Data Analytics, SQL",Intermediate,Reading,1
STU01715,"Data Science, Data Analytics",Beginner,Reading,0
STU01716,Web Development,Advanced,Reading,2
STU01717,"SQL, DevOps, Data Science",Advanced,Reading,2
STU01718,Cybersecurity,Advanced,Reading,2
STU01719,"Artificial Intelligence, DevOps",Advanced,Reading,2
STU01720,Data Analytics,Intermediate,practical,1
STU01721,Cybersecurity,Advanced,practical,2
STU01722,"Software Development, Web Development, Cloud Computing",Advanced,practical,2
STU01723,"Cybersecurity, Web Development",Beginner,Reading,0
STU01724,"Software Development, Python",Beginner,Visual,0
STU01725,"Cloud Computing, Artificial Intelligence",Advanced,Visual,2
STU01726,"Cybersecurity, Data Science, DevOps",Intermediate,practical,1
STU01727,Software Development,Intermediate,practical,1
STU01728,Python,Advanced,Visual,2
STU01729,"Artificial Intelligence, Data Analytics, Web Development",Intermediate,practical,1
STU01730,"Artificial Intelligence, Cloud Computing, Cybersecurity",Intermediate,Reading,1
STU01731,"Artificial Intelligence, Deep Learning",Beginner,practical,0
STU01732,DevOps,Beginner,Reading,0
STU01733,SQL,Intermediate,Reading,1
STU01734,"Software Development, DevOps, Data Science",Beginner,Visual,0
STU01735,Machine Learning,Advanced,Visual,2
STU01736,"Web Development, Artificial Intelligence, Data Science",Advanced,Reading,2
STU01737,SQL,Advanced,practical,2
STU01738,"Data Science, SQL, Cybersecurity",Beginner,practical,0
STU01739,SQL,Beginner,Visual,0
STU01740,Cybersecurity,Advanced,practical,2
STU01741,DevOps,Advanced,practical,2
STU01742,"SQL, Python, DevOps",Intermediate,Visual,1
STU01743,Web Development,Advanced,practical,2
STU01744,Python,Intermediate,Reading,1
STU01745,"Cybersecurity, Machine Learning",Beginner,practical,0
STU01746,Machine Learning,Advanced,Visual,2
STU01747,"Web Development, Data Analytics, Deep Learning",Beginner,Visual,0
STU01748,"Software Development, DevOps, Python",Advanced,Visual,2
STU01749,SQL,Intermediate,Reading,1
STU01750,"Data Science, Machine Learning",Advanced,Visual,2
STU01751,"Artificial Intelligence, DevOps, Machine Learning",Advanced,Visual,2
STU01752,"Machine Learning, Data Analytics, Artificial Intelligence",Beginner,Visual,0
STU01753,"Python, Artificial Intelligence",Beginner,Visual,0
STU01754,"Python, Deep Learning, DevOps",Intermediate,Visual,1
STU01755,Deep Learning,Advanced,practical,2
STU01756,"Data Analytics, Software Development",Intermediate,Reading,1
STU01757,"Data Science, DevOps",Intermediate,Reading,1
STU01758,"Software Development, DevOps, Cloud Computing",Advanced,Reading,2
STU01759,"Cloud Computing, SQL",Beginner,practical,0
STU01760,Cloud Computing,Intermediate,Reading,1
STU01761,Machine Learning,Beginner,practical,0
STU01762,Software Development,Beginner,Reading,0
STU01763,"Deep Learning, Cloud Computing, Data Analytics",Advanced,Reading,2
STU01764,Deep Learning,Advanced,Reading,2
STU01765,Machine Learning,Advanced,practical,2
STU01766,Software Development,Beginner,practical,0
STU01767,Artificial Intelligence,Advanced,Visual,2
STU01768,"Python, Artificial Intelligence, SQL",Advanced,Visual,2
STU01769,"DevOps, Python, Artificial Intelligence",Advanced,Reading,2
STU01770,Machine Learning,Intermediate,Visual,1
STU01771,"Cloud Computing, Artificial Intelligence, Software Development",Advanced,Visual,2
STU01772,"Software Development, Deep Learning, DevOps",Advanced,Reading,2
STU01773,"SQL, Web Development",Advanced,practical,2
STU01774,"Cybersecurity, Data Science, Artificial Intelligence",Advanced,practical,2
STU01775,Python,Intermediate,practical,1
STU01776,"DevOps, Data Analytics",Intermediate,practical,1
STU01777,"DevOps, Cloud Computing, Machine Learning",Intermediate,practical,1
STU01778,"Python, Machine Learning",Intermediate,Reading,1
STU01779,"Cloud Computing, Python, Software Development",Beginner,practical,0
STU01780,"DevOps, Machine Learning, Deep Learning",Advanced,practical,2
STU01781,Data Science,Beginner,practical,0
STU01782,"Machine Learning, Cybersecurity, DevOps",Advanced,Visual,2
STU01783,Web Development,Advanced,Reading,2
STU01784,"Artificial Intelligence, Web Development",Intermediate,Visual,1
STU01785,SQL,Beginner,Reading,0
STU01786,"Web Development, Deep Learning",Intermediate,Visual,1
STU01787,Cybersecurity,Beginner,Reading,0
STU01788,SQL,Intermediate,practical,1
STU01789,"Data Analytics, Machine Learning",Intermediate,practical,1
STU01790,"Software Development, DevOps, Data Science",Beginner,Visual,0
STU01791,"Artificial Intelligence, Web Development",Intermediate,Visual,1
STU01792,Software Development,Beginner,Visual,0
STU01793,Cybersecurity,Advanced,Reading,2
STU01794,"Artificial Intelligence, Cloud Computing, Software Development",Intermediate,Reading,1
STU01795,Software Development,Beginner,Visual,0
STU01796,"DevOps, Machine Learning, Software Development",Advanced,Reading,2
STU01797,"Cybersecurity, Deep Learning",Advanced,practical,2
STU01798,Python,Beginner,Reading,0
STU01799,"Web Development, SQL",Intermediate,practical,1
STU01800,Python,Beginner,Reading,0
STU01801,Machine Learning,Advanced,practical,2
STU01802,Data Science,Intermediate,practical,1
STU01803,Web Development,Beginner,Visual,0
STU01804,"SQL, Machine Learning",Intermediate,Visual,1
STU01805,"Cybersecurity, Machine Learning, Software Development",Beginner,Reading,0
STU01806,"Data Science, SQL",Advanced,Reading,2
STU01807,"Web Development, SQL, Data Analytics",Advanced,Visual,2
STU01808,"DevOps, Software Development",Advanced,Visual,2
STU01809,"DevOps, Software Development, Cybersecurity",Beginner,Reading,0
STU01810,"DevOps, Web Development, Data Analytics",Advanced,practical,2
STU01811,Python,Intermediate,Reading,1
STU01812,Cybersecurity,Intermediate,Reading,1
STU01813,"Artificial Intelligence, Software Development",Advanced,Visual,2
STU01814,"Cybersecurity, Software Development",Beginner,Visual,0
STU01815,"Python, Cloud Computing",Beginner,Visual,0
STU01816,"SQL, Deep Learning, Cloud Computing",Intermediate,Reading,1
STU01817,"Software Development, Web Development, Deep Learning",Intermediate,Visual,1
STU01818,Artificial Intelligence,Intermediate,practical,1
STU01819,"Web Development, DevOps, Artificial Intelligence",Beginner,practical,0
STU01820,Data Science,Beginner,practical,0
STU01821,Cloud Computing,Beginner,practical,0
STU01822,"Data Science, Deep Learning",Advanced,Visual,2
STU01823,"Deep Learning, Cloud Computing, Software Development",Beginner,practical,0
STU01824,"Machine Learning, Web Development",Intermediate,practical,1
STU01825,Cybersecurity,Advanced,Visual,2
STU01826,"DevOps, Web Development",Advanced,practical,2
STU01827,"Software Development, SQL",Beginner,Reading,0
STU01828,Data Analytics,Advanced,practical,2
STU01829,Cloud Computing,Intermediate,Visual,1
STU01830,"Python, Data Analytics, Software Development",Advanced,practical,2
STU01831,"Data Science, Cybersecurity",Advanced,practical,2
STU01832,Cybersecurity,Advanced,Visual,2
STU01833,"Data Analytics, Python, DevOps",Intermediate,Visual,1
STU01834,Software Development,Beginner,Visual,0
STU01835,"Web Development, Deep Learning, Data Analytics",Intermediate,practical,1
STU01836,"Web Development, Data Science, Deep Learning",Advanced,practical,2
STU01837,"Data Science, Cybersecurity",Advanced,Visual,2
STU01838,"Machine Learning, SQL",Beginner,practical,0
STU01839,"Web Development, DevOps",Beginner,Reading,0
STU01840,"Cybersecurity, DevOps",Intermediate,Reading,1
STU01841,"SQL, Data Science",Advanced,practical,2
STU01842,"Deep Learning, Cloud Computing, Web Development",Intermediate,Visual,1
STU01843,Python,Intermediate,practical,1
STU01844,Cloud Computing,Intermediate,Visual,1
STU01845,"Artificial Intelligence, Deep Learning, SQL",Beginner,Visual,0
STU01846,"Web Development, Cybersecurity, DevOps",Advanced,Visual,2
STU01847,"Deep Learning, Web Development",Beginner,Reading,0
STU01848,Deep Learning,Advanced,Reading,2
STU01849,"Software Development, Artificial Intelligence",Intermediate,Reading,1
STU01850,SQL,Beginner,Reading,0
STU01851,"Software Development, Python, Web Development",Intermediate,practical,1
STU01852,Machine Learning,Beginner,Reading,0
STU01853,Data Analytics,Advanced,practical,2
STU01854,Cybersecurity,Advanced,practical,2
STU01855,"Machine Learning, Data Analytics, Data Science",Beginner,Visual,0
STU01856,"Software Development, Cybersecurity",Intermediate,practical,1
STU01857,"Cloud Computing, DevOps, SQL",Intermediate,Visual,1
STU01858,Machine Learning,Intermediate,Reading,1
STU01859,Python,Beginner,Visual,0
STU01860,"Data Analytics, DevOps",Beginner,practical,0
STU01861,"Machine Learning, Python",Beginner,Visual,0
STU01862,Cloud Computing,Advanced,Visual,2
STU01863,Data Science,Beginner,Reading,0
STU01864,Deep Learning,Beginner,Visual,0
STU01865,"Data Analytics, Software Development",Advanced,Visual,2
STU01866,"Cybersecurity, Python, Deep Learning",Beginner,practical,0
STU01867,Web Development,Intermediate,Reading,1
STU01868,"Deep Learning, Software Development",Intermediate,Visual,1
STU01869,"Data Analytics, Web Development",Intermediate,Visual,1
STU01870,"DevOps, Python, Cybersecurity",Intermediate,Reading,1
STU01871,"Cybersecurity, Data Science",Beginner,Reading,0
STU01872,"Deep Learning, Cybersecurity, Python",Intermediate,Visual,1
STU01873,"Cloud Computing, Data Science",Advanced,practical,2
STU01874,"Data Analytics, Web Development, Machine Learning",Advanced,Visual,2
STU01875,"Machine Learning, Data Analytics",Beginner,Reading,0
STU01876,"Deep Learning, Artificial Intelligence, DevOps",Advanced,Visual,2
STU01877,"Deep Learning, DevOps",Beginner,practical,0
STU01878,Artificial Intelligence,Intermediate,practical,1
STU01879,"Software Development, SQL, Web Development",Intermediate,Reading,1
STU01880,"Cybersecurity, DevOps",Beginner,practical,0
STU01881,"Data Analytics, Data Science, Machine Learning",Intermediate,practical,1
STU01882,"Web Development, Machine Learning, Artificial Intelligence",Intermediate,Reading,1
STU01883,"Cloud Computing, DevOps",Beginner,Visual,0
STU01884,Artificial Intelligence,Beginner,Visual,0
STU01885,"Data Science, SQL, Cloud Computing",Beginner,Visual,0
STU01886,Artificial Intelligence,Advanced,Visual,2
STU01887,"Machine Learning, Data Analytics",Advanced,practical,2
STU01888,SQL,Advanced,Visual,2
STU01889,"Cybersecurity, Cloud Computing",Intermediate,practical,1
STU01890,"Artificial Intelligence, Machine Learning",Intermediate,Visual,1
STU01891,"Data Science, Data Analytics, Artificial Intelligence",Beginner,Reading,0
STU01892,Web Development,Intermediate,practical,1
STU01893,"Data Science, Python, Cybersecurity",Intermediate,Visual,1
STU01894,Python,Intermediate,practical,1
STU01895,"Artificial Intelligence, Cybersecurity",Beginner,Reading,0
STU01896,"Cybersecurity, Data Analytics",Advanced,practical,2
STU01897,Data Science,Advanced,Reading,2
STU01898,Cybersecurity,Intermediate,practical,1
STU01899,"SQL, Artificial Intelligence",Beginner,Visual,0
STU01900,Cloud Computing,Intermediate,Visual,1
STU01901,Cloud Computing,Intermediate,practical,1
STU01902,Cybersecurity,Intermediate,practical,1
STU01903,Data Science,Advanced,Reading,2
STU01904,"Machine Learning, Data Analytics, Software Development",Beginner,Reading,0
STU01905,"Artificial Intelligence, Deep Learning",Advanced,Reading,2
STU01906,"Cloud Computing, Cybersecurity",Beginner,Reading,0
STU01907,"Deep Learning, Data Analytics",Intermediate,practical,1
STU01908,"Artificial Intelligence, Cybersecurity, DevOps",Advanced,Visual,2
STU01909,"DevOps, Data Science, Artificial Intelligence",Advanced,Reading,2
STU01910,DevOps,Intermediate,Visual,1
STU01911,"DevOps, Web Development, Machine Learning",Advanced,Reading,2
STU01912,"Software Development, Cloud Computing",Intermediate,Reading,1
STU01913,Software Development,Beginner,Reading,0
STU01914,Cloud Computing,Intermediate,Reading,1
STU01915,"Web Development, Software Development",Beginner,practical,0
STU01916,"Deep Learning, Data Analytics, Data Science",Beginner,practical,0
STU01917,"Data Science, Data Analytics",Beginner,Visual,0
STU01918,"Software Development, DevOps",Beginner,Reading,0
STU01919,Cloud Computing,Intermediate,practical,1
STU01920,Data Science,Intermediate,Reading,1
STU01921,DevOps,Intermediate,practical,1
STU01922,Software Development,Intermediate,Reading,1
STU01923,"Deep Learning, Web Development",Advanced,Visual,2
STU01924,"Data Analytics, Software Development, Cloud Computing",Beginner,Visual,0
STU01925,Data Analytics,Beginner,Reading,0
STU01926,"Python, DevOps, Cybersecurity",Advanced,practical,2
STU01927,"Machine Learning, Cloud Computing, Deep Learning",Intermediate,Visual,1
STU01928,Python,Beginner,Visual,0
STU01929,Python,Advanced,Visual,2
STU01930,Cybersecurity,Beginner,Reading,0
STU01931,"Cybersecurity, SQL, Cloud Computing",Advanced,practical,2
STU01932,Data Analytics,Intermediate,Visual,1
STU01933,"Deep Learning, Cybersecurity, SQL",Beginner,Visual,0
STU01934,"Cloud Computing, Software Development, SQL",Advanced,Visual,2
STU01935,"Machine Learning, SQL",Beginner,Visual,0
STU01936,Data Analytics,Advanced,Reading,2
STU01937,"Data Science, SQL, Deep Learning",Beginner,Reading,0
STU01938,"Cybersecurity, Python",Advanced,Visual,2
STU01939,"Cloud Computing, Machine Learning, Web Development",Beginner,Visual,0
STU01940,"Cybersecurity, Python, Artificial Intelligence",Beginner,Reading,0
STU01941,Machine Learning,Advanced,practical,2
STU01942,Software Development,Beginner,Visual,0
STU01943,"Python, Cloud Computing, DevOps",Beginner,practical,0
STU01944,Deep Learning,Advanced,practical,2
STU01945,"Python, Deep Learning",Beginner,Reading,0
STU01946,Artificial Intelligence,Advanced,practical,2
STU01947,"Cloud Computing, Cybersecurity",Advanced,Visual,2
STU01948,"Deep Learning, Python",Intermediate,Reading,1
STU01949,"Machine Learning, DevOps, Software Development",Advanced,practical,2
STU01950,"Web Development, Cloud Computing",Intermediate,practical,1
STU01951,"Artificial Intelligence, Python",Intermediate,Visual,1
STU01952,Software Development,Advanced,Reading,2
STU01953,"Data Analytics, Cloud Computing, Python",Intermediate,practical,1
STU01954,Cybersecurity,Intermediate,Visual,1
STU01955,Machine Learning,Beginner,Reading,0
STU01956,Artificial Intelligence,Beginner,practical,0
STU01957,Cloud Computing,Advanced,Reading,2
STU01958,Python,Beginner,Visual,0
STU01959,"Deep Learning, Machine Learning",Advanced,Reading,2
STU01960,"Cloud Computing, DevOps, Data Analytics",Advanced,Visual,2
STU01961,Python,Intermediate,practical,1
STU01962,"Data Science, Cloud Computing",Beginner,Visual,0
STU01963,Python,Advanced,practical,2
STU01964,"Machine Learning, Cloud Computing",Beginner,practical,0
STU01965,"Web Development, Cybersecurity, Deep Learning",Advanced,practical,2
STU01966,"DevOps, Python",Intermediate,Visual,1
STU01967,"Software Development, SQL, Data Science",Beginner,Reading,0
STU01968,Artificial Intelligence,Intermediate,practical,1
STU01969,Data Analytics,Beginner,practical,0
STU01970,Data Analytics,Beginner,Reading,0
STU01971,Deep Learning,Beginner,Visual,0
STU01972,"Cybersecurity, Software Development, Data Analytics",Intermediate,Visual,1
STU01973,DevOps,Beginner,Reading,0
STU01974,"Artificial Intelligence, Cloud Computing, Web Development",Intermediate,practical,1
STU01975,"DevOps, SQL, Software Development",Intermediate,practical,1
STU01976,"Software Development, Data Analytics, Cloud Computing",Intermediate,Reading,1
STU01977,"DevOps, Artificial Intelligence",Intermediate,practical,1
STU01978,"Software Development, Data Analytics",Intermediate,Visual,1
STU01979,"Deep Learning, SQL, DevOps",Advanced,practical,2
STU01980,Python,Intermediate,Visual,1
STU01981,"Cloud Computing, Machine Learning, SQL",Advanced,practical,2
STU01982,"SQL, Data Science, Deep Learning",Beginner,Reading,0
STU01983,"Cloud Computing, SQL, DevOps",Intermediate,Visual,1
STU01984,"Data Analytics, Data Science",Advanced,practical,2
STU01985,"Data Science, Python",Beginner,Reading,0
STU01986,"Machine Learning, Cybersecurity",Intermediate,Visual,1
STU01987,"SQL, Data Analytics",Advanced,Visual,2
STU01988,"Machine Learning, SQL, Data Analytics",Advanced,practical,2
STU01989,"Data Science, Artificial Intelligence, Software Development",Intermediate,practical,1
STU01990,SQL,Advanced,practical,2
STU01991,"Cybersecurity, Data Science",Beginner,Visual,0
STU01992,"Data Science, Artificial Intelligence, Cloud Computing",Beginner,Reading,0
STU01993,"Data Science, Software Development, Cloud Computing",Intermediate,practical,1
STU01994,"Machine Learning, Software Development",Beginner,Reading,0
STU01995,"Machine Learning, DevOps",Advanced,Visual,2
STU01996,DevOps,Beginner,Visual,0
STU01997,"Cloud Computing, Deep Learning, Cybersecurity",Intermediate,Visual,1
STU01998,Data Science,Advanced,practical,2
STU01999,Python,Intermediate,practical,1
STU02000,Artificial Intelligence,Intermediate,practical,1
STU02001,Data Science,Beginner,Reading,0
STU02002,Artificial Intelligence,Intermediate,Reading,1
STU02003,Cloud Computing,Beginner,Reading,0
STU02004,"Data Analytics, Machine Learning",Intermediate,Visual,1
STU02005,Cloud Computing,Beginner,practical,0
STU02006,"SQL, Artificial Intelligence, Software Development",Intermediate,practical,1
STU02007,"Web Development, DevOps, Python",Advanced,Reading,2
STU02008,"Data Analytics, Data Science",Advanced,Visual,2
STU02009,Artificial Intelligence,Advanced,Visual,2
STU02010,Software Development,Beginner,practical,0
STU02011,"Deep Learning, Cybersecurity",Advanced,Reading,2
STU02012,Software Development,Advanced,Reading,2
STU02013,"DevOps, Data Science, Deep Learning",Intermediate,Visual,1
STU02014,"Machine Learning, Data Science, Data Analytics",Intermediate,practical,1
STU02015,"Cloud Computing, Cybersecurity",Advanced,Reading,2
STU02016,DevOps,Beginner,practical,0
STU02017,"Software Development, Data Science, Deep Learning",Advanced,practical,2
STU02018,"Cloud Computing, Web Development",Beginner,Visual,0
STU02019,DevOps,Advanced,practical,2
STU02020,"Data Analytics, Machine Learning, DevOps",Advanced,Visual,2
STU02021,"Cybersecurity, Machine Learning, Artificial Intelligence",Advanced,Visual,2
STU02022,"Machine Learning, Cybersecurity, Artificial Intelligence",Advanced,Visual,2
STU02023,Software Development,Beginner,Reading,0
STU02024,"Machine Learning, SQL",Intermediate,practical,1
STU02025,"Data Analytics, Cybersecurity, Cloud Computing",Advanced,Visual,2
STU02026,"SQL, Web Development",Advanced,Visual,2
STU02027,"Machine Learning, Web Development",Beginner,Reading,0
STU02028,"Software Development, Web Development",Intermediate,Visual,1
STU02029,"Data Analytics, Cloud Computing",Beginner,Visual,0
STU02030,"Cybersecurity, Artificial Intelligence",Beginner,practical,0
STU02031,"DevOps, Cybersecurity",Advanced,Reading,2
STU02032,DevOps,Advanced,practical,2
STU02033,"Artificial Intelligence, Web Development, Data Science",Intermediate,practical,1
STU02034,Cloud Computing,Intermediate,Reading,1
STU02035,SQL,Intermediate,practical,1
STU02036,"Machine Learning, Data Science",Intermediate,practical,1
STU02037,"Software Development, Python, Artificial Intelligence",Advanced,Visual,2
STU02038,"Cloud Computing, Deep Learning",Beginner,Visual,0
STU02039,"Cloud Computing, Machine Learning",Beginner,practical,0
STU02040,"Cybersecurity, Data Science, Machine Learning",Beginner,practical,0
STU02041,Machine Learning,Beginner,practical,0
STU02042,"Data Science, DevOps",Advanced,practical,2
STU02043,"SQL, DevOps, Software Development",Intermediate,Visual,1
STU02044,Software Development,Intermediate,Reading,1
STU02045,"Web Development, Artificial Intelligence",Advanced,Reading,2
STU02046,"SQL, Cybersecurity, Cloud Computing",Beginner,practical,0
STU02047,"DevOps, Data Science",Advanced,Reading,2
STU02048,Data Analytics,Advanced,Visual,2
STU02049,Python,Intermediate,Reading,1
STU02050,"Data Analytics, Artificial Intelligence, SQL",Intermediate,Visual,1
STU02051,Data Science,Intermediate,Visual,1
STU02052,"Web Development, Cloud Computing, SQL",Beginner,Reading,0
STU02053,"Data Science, Cloud Computing",Advanced,Visual,2
STU02054,"Cloud Computing, Python",Intermediate,Visual,1
STU02055,"SQL, Web Development",Beginner,Visual,0
STU02056,Machine Learning,Beginner,Visual,0
STU02057,Artificial Intelligence,Intermediate,practical,1
STU02058,"Deep Learning, Python",Advanced,Visual,2
STU02059,"Python, DevOps, Deep Learning",Intermediate,Visual,1
STU02060,"Python, Software Development",Advanced,practical,2
STU02061,"DevOps, Machine Learning",Beginner,Visual,0
STU02062,Cloud Computing,Intermediate,Reading,1
STU02063,Data Science,Beginner,Visual,0
STU02064,"Cloud Computing, Machine Learning, SQL",Intermediate,Reading,1
STU02065,"Web Development, Artificial Intelligence, Python",Intermediate,Reading,1
STU02066,"Data Analytics, Artificial Intelligence",Beginner,Visual,0
STU02067,Data Science,Intermediate,practical,1
STU02068,"Data Analytics, Web Development, SQL",Beginner,Visual,0
STU02069,"Deep Learning, Data Science, Cybersecurity",Intermediate,practical,1
STU02070,"Data Science, Machine Learning",Intermediate,Visual,1
STU02071,"Software Development, DevOps",Advanced,Reading,2
STU02072,Cloud Computing,Intermediate,Visual,1
STU02073,Data Science,Intermediate,Reading,1
STU02074,"Software Development, SQL, Data Science",Beginner,practical,0
STU02075,SQL,Advanced,Visual,2
STU02076,"Software Development, Data Science, SQL",Beginner,practical,0
STU02077,Cybersecurity,Beginner,Visual,0
STU02078,"SQL, Cloud Computing",Intermediate,Reading,1
STU02079,"SQL, Cybersecurity",Intermediate,practical,1
STU02080,"Data Analytics, Artificial Intelligence",Advanced,Reading,2
STU02081,Python,Beginner,Visual,0
STU02082,"Software Development, Machine Learning",Intermediate,practical,1
STU02083,"Cloud Computing, Data Analytics, Deep Learning",Beginner,Reading,0
STU02084,"Software Development, Cybersecurity, Artificial Intelligence",Beginner,practical,0
STU02085,Web Development,Beginner,practical,0
STU02086,"Cloud Computing, Deep Learning",Beginner,practical,0
STU02087,"DevOps, Cloud Computing, Data Science",Beginner,Reading,0
STU02088,"Software Development, Data Science, Machine Learning",Intermediate,Visual,1
STU02089,Deep Learning,Advanced,Visual,2
STU02090,"DevOps, Artificial Intelligence",Advanced,Visual,2
STU02091,"Artificial Intelligence, Web Development",Beginner,Reading,0
STU02092,"SQL, Python, Artificial Intelligence",Beginner,Visual,0
STU02093,"SQL, Deep Learning",Advanced,practical,2
STU02094,"Python, Machine Learning, Software Development",Intermediate,Visual,1
STU02095,"Deep Learning, SQL",Intermediate,practical,1
STU02096,SQL,Beginner,Visual,0
STU02097,"SQL, Data Science, Python",Advanced,Reading,2
STU02098,"Data Science, Cloud Computing",Advanced,practical,2
STU02099,"Data Analytics, Cloud Computing",Intermediate,Reading,1
STU02100,Cloud Computing,Intermediate,practical,1
STU02101,Deep Learning,Beginner,Visual,0
STU02102,"Web Development, Software Development",Intermediate,Visual,1
STU02103,"Cybersecurity, Cloud Computing",Beginner,Visual,0
STU02104,"Data Science, DevOps, Cloud Computing",Intermediate,Visual,1
STU02105,"Machine Learning, Cybersecurity",Intermediate,Visual,1
STU02106,"Data Science, DevOps",Beginner,Visual,0
STU02107,"Machine Learning, SQL",Advanced,practical,2
STU02108,"Deep Learning, Software Development, Machine Learning",Intermediate,practical,1
STU02109,"Web Development, Cybersecurity, Machine Learning",Beginner,practical,0
STU02110,Software Development,Advanced,practical,2
STU02111,"DevOps, Data Analytics",Beginner,practical,0
STU02112,Cybersecurity,Intermediate,practical,1
STU02113,Python,Intermediate,Visual,1
STU02114,Deep Learning,Intermediate,Reading,1
STU02115,"SQL, Deep Learning, Machine Learning",Beginner,practical,0
STU02116,"Software Development, Cloud Computing, Artificial Intelligence",Advanced,Visual,2
STU02117,"Data Analytics, DevOps, Artificial Intelligence",Intermediate,Reading,1
STU02118,"Deep Learning, Python",Intermediate,practical,1
STU02119,Web Development,Advanced,Visual,2
STU02120,Cloud Computing,Beginner,practical,0
STU02121,"Data Analytics, Python, Cloud Computing",Beginner,practical,0
STU02122,"Machine Learning, Data Analytics, SQL",Intermediate,practical,1
STU02123,Cloud Computing,Advanced,Reading,2
STU02124,"Data Analytics, Data Science, Deep Learning",Beginner,Visual,0
STU02125,"Cybersecurity, Python, SQL",Intermediate,practical,1
STU02126,"SQL, Software Development, Cybersecurity",Intermediate,practical,1
STU02127,Cybersecurity,Advanced,Reading,2
STU02128,DevOps,Intermediate,practical,1
STU02129,"Data Science, Data Analytics, Python",Advanced,practical,2
STU02130,"DevOps, Data Analytics",Beginner,practical,0
STU02131,DevOps,Intermediate,Visual,1
STU02132,Cybersecurity,Intermediate,practical,1
STU02133,"Deep Learning, Artificial Intelligence, Python",Advanced,Reading,2
STU02134,Web Development,Beginner,Reading,0
STU02135,"Data Analytics, DevOps, Software Development",Advanced,Reading,2
STU02136,Artificial Intelligence,Advanced,practical,2
STU02137,"SQL, Software Development, Cloud Computing",Intermediate,practical,1
STU02138,"Web Development, Artificial Intelligence, Python",Intermediate,practical,1
STU02139,"Cloud Computing, Artificial Intelligence",Intermediate,practical,1
STU02140,"Deep Learning, SQL",Beginner,Reading,0
STU02141,"Web Development, Artificial Intelligence",Advanced,Reading,2
STU02142,"Software Development, Python, Data Science",Beginner,practical,0
STU02143,"Data Science, Machine Learning, Web Development",Beginner,Reading,0
STU02144,"Machine Learning, Web Development, Data Science",Beginner,Visual,0
STU02145,"DevOps, Web Development",Intermediate,Reading,1
STU02146,"Data Analytics, Artificial Intelligence, Python",Beginner,Reading,0
STU02147,SQL,Beginner,practical,0
STU02148,Cybersecurity,Intermediate,Reading,1
STU02149,"Machine Learning, Data Analytics",Beginner,Reading,0
STU02150,Python,Intermediate,Visual,1
STU02151,Web Development,Beginner,practical,0
STU02152,"Web Development, Artificial Intelligence",Beginner,Visual,0
STU02153,DevOps,Intermediate,Reading,1
STU02154,Web Development,Beginner,practical,0
STU02155,"Cybersecurity, Deep Learning, SQL",Advanced,Visual,2
STU02156,"Deep Learning, Web Development, Python",Beginner,Visual,0
STU02157,DevOps,Beginner,practical,0
STU02158,Data Science,Intermediate,Reading,1
STU02159,"Deep Learning, Machine Learning",Beginner,Reading,0
STU02160,"Deep Learning, Data Science, Machine Learning",Intermediate,Visual,1
STU02161,"Cybersecurity, Artificial Intelligence, Software Development",Advanced,Reading,2
STU02162,Machine Learning,Intermediate,Visual,1
STU02163,"Data Analytics, Cloud Computing",Intermediate,Reading,1
STU02164,"Software Development, Web Development, Cybersecurity",Advanced,Visual,2
STU02165,"Cloud Computing, Software Development",Intermediate,Visual,1
STU02166,Web Development,Intermediate,Visual,1
STU02167,"Data Science, DevOps, Artificial Intelligence",Intermediate,practical,1
STU02168,"Deep Learning, Cloud Computing, Web Development",Intermediate,Visual,1
STU02169,"Data Analytics, Machine Learning, Artificial Intelligence",Beginner,Visual,0
STU02170,DevOps,Advanced,Visual,2
STU02171,Artificial Intelligence,Intermediate,practical,1
STU02172,Data Analytics,Intermediate,Reading,1
STU02173,Data Science,Advanced,Visual,2
STU02174,Data Science,Intermediate,practical,1
STU02175,"Cloud Computing, Web Development",Intermediate,Reading,1
STU02176,Python,Advanced,practical,2
STU02177,"Deep Learning, Python, Web Development",Intermediate,practical,1
STU02178,Python,Advanced,practical,2
STU02179,"DevOps, Python, Deep Learning",Advanced,Reading,2
STU02180,"Cybersecurity, Cloud Computing, Data Analytics",Intermediate,practical,1
STU02181,Cybersecurity,Beginner,Reading,0
STU02182,"Machine Learning, Software Development, Data Analytics",Advanced,practical,2
STU02183,"Cybersecurity, Data Analytics",Beginner,Reading,0
STU02184,Python,Intermediate,Reading,1
STU02185,"Deep Learning, Web Development",Intermediate,Reading,1
STU02186,DevOps,Beginner,Reading,0
STU02187,Artificial Intelligence,Intermediate,practical,1
STU02188,Software Development,Advanced,Reading,2
STU02189,"Deep Learning, Software Development",Beginner,Visual,0
STU02190,"Artificial Intelligence, Cybersecurity, Python",Beginner,Reading,0
STU02191,"Python, Web Development, Cloud Computing",Intermediate,Reading,1
STU02192,SQL,Advanced,Reading,2
STU02193,Data Analytics,Intermediate,practical,1
STU02194,"Deep Learning, Python",Advanced,Visual,2
STU02195,"Web Development, Data Analytics, Machine Learning",Beginner,Reading,0
STU02196,"Artificial Intelligence, Data Science",Advanced,practical,2
STU02197,"Cybersecurity, Web Development, Cloud Computing",Advanced,Visual,2
STU02198,Python,Intermediate,Reading,1
STU02199,"Cybersecurity, Python, Data Science",Advanced,Visual,2
STU02200,"Web Development, Software Development",Intermediate,Visual,1
STU02201,"Deep Learning, Cloud Computing, Artificial Intelligence",Intermediate,Reading,1
STU02202,Python,Advanced,Reading,2
STU02203,Deep Learning,Intermediate,practical,1
STU02204,"Python, Cloud Computing",Intermediate,practical,1
STU02205,"Web Development, Cloud Computing, Data Analytics",Beginner,Visual,0
STU02206,"Data Analytics, Python, DevOps",Intermediate,practical,1
STU02207,"Artificial Intelligence, Python",Beginner,Visual,0
STU02208,"Machine Learning, Artificial Intelligence, Cybersecurity",Intermediate,Reading,1
STU02209,"Web Development, Software Development, Cybersecurity",Advanced,Reading,2
STU02210,"Data Science, DevOps",Advanced,Reading,2
STU02211,"Machine Learning, Cybersecurity",Beginner,practical,0
STU02212,Web Development,Beginner,Reading,0
STU02213,"Data Science, Deep Learning, SQL",Intermediate,Visual,1
STU02214,"Cloud Computing, Software Development",Intermediate,Reading,1
STU02215,"Deep Learning, Cybersecurity",Advanced,Visual,2
STU02216,"Artificial Intelligence, Deep Learning",Intermediate,Visual,1
STU02217,"Cybersecurity, Cloud Computing, Web Development",Advanced,practical,2
STU02218,Artificial Intelligence,Beginner,Visual,0
STU02219,Software Development,Intermediate,Reading,1
STU02220,"Cybersecurity, SQL, Software Development",Intermediate,Reading,1
STU02221,Python,Beginner,Visual,0
STU02222,"Web Development, Cybersecurity, SQL",Beginner,Reading,0
STU02223,"Data Analytics, DevOps",Advanced,Visual,2
STU02224,Artificial Intelligence,Advanced,Visual,2
STU02225,"DevOps, SQL, Web Development",Beginner,Visual,0
STU02226,Cybersecurity,Advanced,Reading,2
STU02227,"DevOps, Python",Intermediate,Visual,1
STU02228,"Cybersecurity, Web Development",Advanced,Visual,2
STU02229,Software Development,Beginner,practical,0
STU02230,SQL,Beginner,Reading,0
STU02231,"DevOps, Machine Learning, SQL",Advanced,Reading,2
STU02232,"Data Science, DevOps, Web Development",Advanced,Reading,2
STU02233,DevOps,Beginner,Reading,0
STU02234,Artificial Intelligence,Advanced,practical,2
STU02235,"Data Analytics, Web Development",Advanced,practical,2
STU02236,Cloud Computing,Beginner,Reading,0
STU02237,"Deep Learning, Cybersecurity",Advanced,practical,2
STU02238,"Web Development, Deep Learning",Beginner,Visual,0
STU02239,"Data Science, Artificial Intelligence, Data Analytics",Advanced,Visual,2
STU02240,"Cybersecurity, Machine Learning, DevOps",Beginner,Reading,0
STU02241,DevOps,Intermediate,Reading,1
STU02242,"Data Analytics, Machine Learning",Beginner,practical,0
STU02243,"DevOps, Machine Learning, Deep Learning",Beginner,practical,0
STU02244,"Cloud Computing, Machine Learning",Beginner,Visual,0
STU02245,"Web Development, Python",Intermediate,practical,1
STU02246,Cybersecurity,Advanced,Reading,2
STU02247,SQL,Intermediate,Visual,1
STU02248,"Artificial Intelligence, Python",Beginner,Visual,0
STU02249,"Data Analytics, Cloud Computing",Beginner,practical,0
STU02250,Cloud Computing,Advanced,practical,2
STU02251,SQL,Beginner,practical,0
STU02252,"Python, Cybersecurity",Advanced,practical,2
STU02253,"SQL, Artificial Intelligence, Deep Learning",Beginner,Reading,0
STU02254,"Cybersecurity, Data Science",Intermediate,practical,1
STU02255,"Python, SQL",Advanced,Visual,2
STU02256,"Data Analytics, DevOps, Python",Beginner,practical,0
STU02257,"Cybersecurity, Data Analytics, Artificial Intelligence",Advanced,Reading,2
STU02258,"Web Development, Data Science, Data Analytics",Advanced,Visual,2
STU02259,"Artificial Intelligence, Software Development",Intermediate,Reading,1
STU02260,"Data Analytics, Web Development, Python",Beginner,practical,0
STU02261,"Data Science, Deep Learning",Advanced,Visual,2
STU02262,"Python, SQL, DevOps",Advanced,Reading,2
STU02263,"Data Analytics, Artificial Intelligence, SQL",Advanced,practical,2
STU02264,"Machine Learning, Artificial Intelligence",Beginner,Visual,0
STU02265,"Data Analytics, Python",Beginner,Reading,0
STU02266,"Python, Cloud Computing, Artificial Intelligence",Advanced,Visual,2
STU02267,"Artificial Intelligence, Cloud Computing",Beginner,Visual,0
STU02268,"DevOps, SQL, Software Development",Advanced,Reading,2
STU02269,SQL,Beginner,Visual,0
STU02270,"Software Development, Cloud Computing, Web Development",Beginner,practical,0
STU02271,DevOps,Beginner,Visual,0
STU02272,Cloud Computing,Intermediate,Reading,1
STU02273,"Python, SQL, Data Science",Advanced,Visual,2
STU02274,"DevOps, Cybersecurity",Advanced,Visual,2
STU02275,"Cybersecurity, Software Development, Cloud Computing",Beginner,practical,0
STU02276,"Data Analytics, Machine Learning",Intermediate,Visual,1
STU02277,"Machine Learning, Data Science",Advanced,Visual,2
STU02278,"Data Analytics, Cloud Computing, Cybersecurity",Beginner,Reading,0
STU02279,SQL,Advanced,Reading,2
STU02280,Deep Learning,Advanced,practical,2
STU02281,Software Development,Beginner,Visual,0
STU02282,"Cybersecurity, Software Development",Intermediate,Reading,1
STU02283,"Python, Cloud Computing",Intermediate,Visual,1
STU02284,"Data Science, Python, DevOps",Intermediate,practical,1
STU02285,Cloud Computing,Intermediate,Reading,1
STU02286,"DevOps, Cloud Computing",Intermediate,Visual,1
STU02287,"Data Science, Data Analytics",Intermediate,Visual,1
STU02288,"Software Development, Cybersecurity, Data Science",Advanced,practical,2
STU02289,"Python, SQL, Cloud Computing",Beginner,Reading,0
STU02290,"Machine Learning, Data Analytics",Beginner,Visual,0
STU02291,"Data Analytics, Python",Intermediate,Reading,1
STU02292,Artificial Intelligence,Intermediate,Reading,1
STU02293,"Deep Learning, Machine Learning, Software Development",Beginner,practical,0
STU02294,"SQL, Machine Learning, Data Analytics",Advanced,Visual,2
STU02295,Python,Advanced,Reading,2
STU02296,"Web Development, SQL, Data Analytics",Advanced,practical,2
STU02297,"Deep Learning, Cloud Computing, Artificial Intelligence",Intermediate,Visual,1
STU02298,"Cybersecurity, Web Development, Machine Learning",Intermediate,Visual,1
STU02299,"Software Development, Web Development, Python",Intermediate,Visual,1
STU02300,"Machine Learning, Data Science, Software Development",Intermediate,Visual,1
STU02301,Artificial Intelligence,Beginner,practical,0
STU02302,"Deep Learning, Software Development",Beginner,Reading,0
STU02303,"Cloud Computing, Software Development",Advanced,Reading,2
STU02304,"Software Development, Data Analytics, Deep Learning",Intermediate,Visual,1
STU02305,Artificial Intelligence,Beginner,Visual,0
STU02306,"SQL, Deep Learning",Intermediate,Visual,1
STU02307,Machine Learning,Advanced,Visual,2
STU02308,"DevOps, Machine Learning",Beginner,practical,0
STU02309,"Cloud Computing, Deep Learning",Intermediate,Visual,1
STU02310,"SQL, Artificial Intelligence",Advanced,Visual,2
STU02311,"SQL, Cybersecurity, Software Development",Intermediate,practical,1
STU02312,DevOps,Intermediate,Visual,1
STU02313,"Python, Deep Learning",Beginner,Visual,0
STU02314,"Web Development, Artificial Intelligence, Data Analytics",Beginner,practical,0
STU02315,"Python, Machine Learning, Web Development",Advanced,Reading,2
STU02316,"Cybersecurity, DevOps, Data Analytics",Beginner,Visual,0
STU02317,"Cybersecurity, Machine Learning, SQL",Beginner,practical,0
STU02318,"Deep Learning, Artificial Intelligence",Intermediate,Reading,1
STU02319,Python,Beginner,Reading,0
STU02320,Data Science,Intermediate,practical,1
STU02321,"Cybersecurity, DevOps, Software Development",Intermediate,practical,1
STU02322,Machine Learning,Advanced,practical,2
STU02323,Python,Advanced,practical,2
STU02324,Artificial Intelligence,Beginner,Reading,0
STU02325,"Web Development, SQL, Software Development",Intermediate,Reading,1
STU02326,"Software Development, Python, Web Development",Beginner,Reading,0
STU02327,"Machine Learning, Data Science, Python",Advanced,Visual,2
STU02328,"Machine Learning, SQL, Data Science",Beginner,Reading,0
STU02329,"Data Science, Cloud Computing",Advanced,practical,2
STU02330,Data Science,Beginner,Visual,0
STU02331,"Machine Learning, Data Science, Python",Intermediate,practical,1
STU02332,Cloud Computing,Intermediate,Reading,1
STU02333,"SQL, Data Analytics",Beginner,Reading,0
STU02334,Deep Learning,Intermediate,Reading,1
STU02335,SQL,Advanced,Visual,2
STU02336,"SQL, Artificial Intelligence",Beginner,Visual,0
STU02337,"Cybersecurity, DevOps, SQL",Intermediate,Visual,1
STU02338,"DevOps, Data Science",Intermediate,Reading,1
STU02339,"Deep Learning, SQL, Web Development",Beginner,Reading,0
STU02340,"Data Analytics, Machine Learning, SQL",Advanced,practical,2
STU02341,"Cybersecurity, Data Analytics",Beginner,Visual,0
STU02342,Artificial Intelligence,Intermediate,Visual,1
STU02343,SQL,Beginner,Visual,0
STU02344,"DevOps, Cloud Computing, Software Development",Beginner,practical,0
STU02345,"Software Development, Python, Data Science",Beginner,Reading,0
STU02346,Deep Learning,Advanced,Reading,2
STU02347,Cloud Computing,Advanced,Reading,2
STU02348,"SQL, Artificial Intelligence",Beginner,Visual,0
STU02349,"Web Development, Cybersecurity",Intermediate,Reading,1
STU02350,Deep Learning,Intermediate,Visual,1
STU02351,"Data Science, Cybersecurity, Artificial Intelligence",Beginner,Reading,0
STU02352,"Data Analytics, Cloud Computing",Advanced,Reading,2
STU02353,"Data Analytics, Cybersecurity, Cloud Computing",Intermediate,practical,1
STU02354,"Artificial Intelligence, Data Science",Intermediate,Visual,1
STU02355,"Python, Web Development",Beginner,practical,0
STU02356,"DevOps, Data Science, Cloud Computing",Beginner,Visual,0
STU02357,"Web Development, Artificial Intelligence, Machine Learning",Advanced,Reading,2
STU02358,"Python, Data Analytics",Beginner,practical,0
STU02359,Cloud Computing,Beginner,Visual,0
STU02360,"Cloud Computing, Data Analytics",Intermediate,Visual,1
STU02361,"Deep Learning, Machine Learning",Advanced,Reading,2
STU02362,"Software Development, Data Analytics, DevOps",Beginner,practical,0
STU02363,"Python, DevOps",Advanced,Visual,2
STU02364,Python,Beginner,Reading,0
STU02365,Cybersecurity,Beginner,practical,0
STU02366,Deep Learning,Advanced,Visual,2
STU02367,"Web Development, Machine Learning, Software Development",Advanced,Visual,2
STU02368,"Deep Learning, Cloud Computing",Beginner,Visual,0
STU02369,"Machine Learning, Artificial Intelligence, DevOps",Beginner,Visual,0
STU02370,"DevOps, Cloud Computing",Intermediate,practical,1
STU02371,"Machine Learning, Cybersecurity, SQL",Advanced,practical,2
STU02372,"Machine Learning, Cloud Computing, Artificial Intelligence",Intermediate,practical,1
STU02373,SQL,Intermediate,Reading,1
STU02374,"DevOps, Machine Learning, Data Analytics",Beginner,practical,0
STU02375,"Cloud Computing, Web Development",Intermediate,Visual,1
STU02376,"Cybersecurity, Machine Learning",Beginner,Visual,0
STU02377,Data Analytics,Advanced,Reading,2
STU02378,DevOps,Beginner,practical,0
STU02379,"Data Analytics, SQL, Cybersecurity",Beginner,practical,0
STU02380,"Machine Learning, Artificial Intelligence, Cybersecurity",Intermediate,Reading,1
STU02381,"Python, Deep Learning",Advanced,Reading,2
STU02382,"Artificial Intelligence, Web Development, SQL",Advanced,practical,2
STU02383,"Data Science, Cloud Computing",Intermediate,practical,1
STU02384,"Python, Software Development, Machine Learning",Beginner,Reading,0
STU02385,"Cloud Computing, SQL",Intermediate,practical,1
STU02386,"Python, SQL, Machine Learning",Intermediate,practical,1
STU02387,"Machine Learning, Artificial Intelligence",Advanced,practical,2
STU02388,"Artificial Intelligence, Cloud Computing",Beginner,Visual,0
STU02389,"DevOps, SQL",Intermediate,practical,1
STU02390,Deep Learning,Intermediate,Visual,1
STU02391,Artificial Intelligence,Beginner,Visual,0
STU02392,Web Development,Advanced,Reading,2
STU02393,Data Science,Beginner,Reading,0
STU02394,Artificial Intelligence,Beginner,Reading,0
STU02395,"Cybersecurity, Web Development",Advanced,Reading,2
STU02396,"Machine Learning, Data Analytics, Web Development",Beginner,Reading,0
STU02397,"Artificial Intelligence, Data Analytics",Intermediate,practical,1
STU02398,"DevOps, Data Science",Advanced,Visual,2
STU02399,Artificial Intelligence,Intermediate,Visual,1
STU02400,"Cloud Computing, Machine Learning",Beginner,Reading,0
STU02401,Python,Intermediate,practical,1
STU02402,Web Development,Advanced,practical,2
STU02403,"DevOps, Software Development, Artificial Intelligence",Intermediate,Visual,1
STU02404,"Artificial Intelligence, Cloud Computing",Beginner,Visual,0
STU02405,"Deep Learning, SQL",Advanced,Visual,2
STU02406,Web Development,Intermediate,practical,1
STU02407,"Python, DevOps, Cloud Computing",Intermediate,Visual,1
STU02408,"Deep Learning, Cybersecurity, DevOps",Beginner,practical,0
STU02409,Web Development,Advanced,Visual,2
STU02410,"DevOps, Data Analytics, Deep Learning",Beginner,Reading,0
STU02411,"Deep Learning, Machine Learning",Beginner,Reading,0
STU02412,"Software Development, Cybersecurity",Advanced,practical,2
STU02413,"Cloud Computing, Python, Web Development",Advanced,Visual,2
STU02414,"Data Science, Data Analytics, Cybersecurity",Advanced,practical,2
STU02415,Software Development,Advanced,Visual,2
STU02416,Data Science,Beginner,practical,0
STU02417,Software Development,Advanced,Reading,2
STU02418,"Web Development, DevOps, Software Development",Intermediate,practical,1
STU02419,"Web Development, Software Development, Cloud Computing",Beginner,Visual,0
STU02420,Deep Learning,Beginner,Visual,0
STU02421,Artificial Intelligence,Advanced,practical,2
STU02422,"Artificial Intelligence, Deep Learning",Beginner,Reading,0
STU02423,"Cybersecurity, Data Science, Software Development",Beginner,practical,0
STU02424,Data Analytics,Beginner,Visual,0
STU02425,"Python, Cybersecurity",Intermediate,Reading,1
STU02426,DevOps,Advanced,Reading,2
STU02427,"DevOps, Data Science",Intermediate,practical,1
STU02428,"Deep Learning, Software Development, Data Analytics",Advanced,practical,2
STU02429,"Data Analytics, Cybersecurity, SQL",Beginner,Reading,0
STU02430,"Software Development, Data Science, Cloud Computing",Beginner,practical,0
STU02431,"SQL, Python, Deep Learning",Beginner,practical,0
STU02432,Web Development,Intermediate,practical,1
STU02433,"DevOps, Data Science",Advanced,Visual,2
STU02434,"SQL, Cybersecurity, Web Development",Beginner,practical,0
STU02435,"Web Development, Deep Learning",Intermediate,Reading,1
STU02436,"Artificial Intelligence, Web Development, Cloud Computing",Beginner,Visual,0
STU02437,"DevOps, Machine Learning",Advanced,Visual,2
STU02438,"Data Science, Python",Intermediate,Visual,1
STU02439,Deep Learning,Intermediate,practical,1
STU02440,SQL,Beginner,Reading,0
STU02441,"Python, DevOps, Software Development",Intermediate,Reading,1
STU02442,"Cloud Computing, Cybersecurity",Advanced,practical,2
STU02443,"Data Science, SQL, Cybersecurity",Advanced,practical,2
STU02444,SQL,Beginner,practical,0
STU02445,"Web Development, Machine Learning, Python",Beginner,Visual,0
STU02446,"Deep Learning, SQL, Python",Intermediate,Reading,1
STU02447,Cloud Computing,Beginner,practical,0
STU02448,"Artificial Intelligence, Software Development, Data Science",Beginner,Visual,0
STU02449,DevOps,Intermediate,Visual,1
STU02450,"Artificial Intelligence, Cloud Computing, Data Analytics",Beginner,practical,0
STU02451,"SQL, Python",Beginner,Visual,0
STU02452,"SQL, Data Science, DevOps",Beginner,Visual,0
STU02453,Machine Learning,Advanced,Reading,2
STU02454,"Web Development, Software Development",Intermediate,Reading,1
STU02455,"Data Analytics, DevOps",Beginner,practical,0
STU02456,"Software Development, Deep Learning, Data Science",Beginner,practical,0
STU02457,"Artificial Intelligence, SQL",Advanced,Reading,2
STU02458,"DevOps, Machine Learning",Advanced,practical,2
STU02459,"Machine Learning, Python, Artificial Intelligence",Beginner,Visual,0
STU02460,"Cloud Computing, SQL, Deep Learning",Beginner,Visual,0
STU02461,"Data Science, Cybersecurity",Advanced,practical,2
STU02462,"Data Science, Deep Learning, SQL",Beginner,Visual,0
STU02463,"Artificial Intelligence, Cybersecurity, Machine Learning",Advanced,practical,2
STU02464,Python,Intermediate,Reading,1
STU02465,"Cloud Computing, DevOps, Data Analytics",Beginner,practical,0
STU02466,Data Analytics,Advanced,Reading,2
STU02467,Artificial Intelligence,Intermediate,Reading,1
STU02468,DevOps,Beginner,practical,0
STU02469,"Python, Cybersecurity",Advanced,Visual,2
STU02470,"Data Science, Python, Web Development",Advanced,Visual,2
STU02471,"Machine Learning, Cybersecurity",Advanced,practical,2
STU02472,"Python, Data Science, Data Analytics",Beginner,Reading,0
STU02473,Artificial Intelligence,Intermediate,practical,1
STU02474,"Machine Learning, Artificial Intelligence, Software Development",Beginner,practical,0
STU02475,"Deep Learning, Python, Artificial Intelligence",Intermediate,practical,1
STU02476,"Machine Learning, Data Analytics",Intermediate,practical,1
STU02477,Artificial Intelligence,Intermediate,practical,1
STU02478,"Cloud Computing, Artificial Intelligence, Software Development",Intermediate,practical,1
STU02479,"SQL, Cybersecurity, Data Analytics",Beginner,Reading,0
STU02480,"Cybersecurity, Web Development, DevOps",Intermediate,practical,1
STU02481,"Data Analytics, Machine Learning, DevOps",Advanced,Visual,2
STU02482,Cloud Computing,Beginner,Visual,0
STU02483,Cloud Computing,Beginner,Reading,0
STU02484,"Data Science, Data Analytics, Cybersecurity",Intermediate,Reading,1
STU02485,"Deep Learning, Cloud Computing, Cybersecurity",Advanced,Visual,2
STU02486,"Software Development, Artificial Intelligence, Cloud Computing",Beginner,Reading,0
STU02487,"Data Science, Machine Learning",Intermediate,Reading,1
STU02488,Data Analytics,Intermediate,Visual,1
STU02489,"Web Development, Machine Learning, Software Development",Advanced,Visual,2
STU02490,"Cloud Computing, Cybersecurity",Intermediate,Visual,1
STU02491,"Software Development, Cloud Computing",Advanced,Reading,2
STU02492,"DevOps, Machine Learning, SQL",Advanced,Visual,2
STU02493,"Deep Learning, Python",Beginner,Reading,0
STU02494,"DevOps, SQL, Web Development",Advanced,practical,2
STU02495,Cybersecurity,Intermediate,Visual,1
STU02496,"DevOps, Software Development",Beginner,Reading,0
STU02497,Software Development,Beginner,Visual,0
STU02498,"Software Development, DevOps, Artificial Intelligence",Advanced,Visual,2
STU02499,"DevOps, Cloud Computing, Artificial Intelligence",Intermediate,Visual,1
STU02500,Python,Intermediate,Reading,1
STU02501,Cloud Computing,Intermediate,practical,1
STU02502,Data Science,Beginner,practical,0
STU02503,"Machine Learning, Cybersecurity, Artificial Intelligence",Intermediate,practical,1
STU02504,"Artificial Intelligence, Cloud Computing, Deep Learning",Advanced,Visual,2
STU02505,"Machine Learning, Artificial Intelligence, Software Development",Beginner,Reading,0
STU02506,"Python, Data Analytics, Cloud Computing",Beginner,practical,0
STU02507,Deep Learning,Advanced,Visual,2
STU02508,"Data Analytics, SQL, Artificial Intelligence",Beginner,practical,0
STU02509,"Cybersecurity, Cloud Computing, Machine Learning",Beginner,Reading,0
STU02510,Software Development,Intermediate,practical,1
STU02511,"Python, Data Analytics, Software Development",Beginner,Visual,0
STU02512,"Machine Learning, Cloud Computing, Web Development",Advanced,practical,2
STU02513,Data Analytics,Beginner,Visual,0
STU02514,Artificial Intelligence,Beginner,Reading,0
STU02515,Artificial Intelligence,Intermediate,practical,1
STU02516,"Python, Web Development, Artificial Intelligence",Intermediate,Visual,1
STU02517,"Deep Learning, SQL, Python",Intermediate,Visual,1
STU02518,Machine Learning,Beginner,Visual,0
STU02519,"Web Development, DevOps, Deep Learning",Beginner,Reading,0
STU02520,"Machine Learning, Artificial Intelligence",Beginner,Visual,0
STU02521,Data Science,Intermediate,Visual,1
STU02522,Data Analytics,Advanced,practical,2
STU02523,"Data Analytics, DevOps",Beginner,Reading,0
STU02524,"Cybersecurity, Artificial Intelligence, Software Development",Beginner,Visual,0
STU02525,"SQL, Cybersecurity",Advanced,Reading,2
STU02526,"Web Development, Cybersecurity",Beginner,Reading,0
STU02527,"Cybersecurity, Python, Web Development",Beginner,Reading,0
STU02528,Data Analytics,Beginner,Visual,0
STU02529,SQL,Intermediate,Visual,1
STU02530,"Cloud Computing, Cybersecurity",Advanced,Reading,2
STU02531,Software Development,Advanced,Reading,2
STU02532,Deep Learning,Beginner,practical,0
STU02533,"DevOps, Cloud Computing",Beginner,practical,0
STU02534,"Data Science, Software Development, Cybersecurity",Intermediate,Reading,1
STU02535,"Artificial Intelligence, Software Development, Web Development",Intermediate,Visual,1
STU02536,Data Science,Advanced,practical,2
STU02537,"Deep Learning, SQL, Web Development",Intermediate,Visual,1
STU02538,"Data Science, Cybersecurity, DevOps",Intermediate,Reading,1
STU02539,"Deep Learning, DevOps",Beginner,Visual,0
STU02540,"Cybersecurity, Data Analytics",Beginner,Reading,0
STU02541,"Artificial Intelligence, Cybersecurity, Data Analytics",Intermediate,practical,1
STU02542,"SQL, Web Development, Artificial Intelligence",Advanced,Reading,2
STU02543,"SQL, Python, Data Science",Beginner,Reading,0
STU02544,"Python, SQL",Intermediate,practical,1
STU02545,Cybersecurity,Advanced,Visual,2
STU02546,"Software Development, Web Development",Intermediate,Visual,1
STU02547,"SQL, Data Science",Intermediate,Visual,1
STU02548,Data Science,Beginner,Reading,0
STU02549,"Data Science, DevOps, Deep Learning",Intermediate,practical,1
STU02550,"Cybersecurity, Artificial Intelligence",Beginner,Visual,0
STU02551,Data Analytics,Intermediate,Visual,1
STU02552,"SQL, Machine Learning, Data Analytics",Beginner,Reading,0
STU02553,Data Analytics,Advanced,Reading,2
STU02554,"Cloud Computing, Deep Learning, Web Development",Intermediate,Reading,1
STU02555,"Data Analytics, SQL",Advanced,Visual,2
STU02556,"Artificial Intelligence, Software Development",Intermediate,Reading,1
STU02557,"Data Analytics, Software Development, DevOps",Advanced,practical,2
STU02558,"Software Development, Cybersecurity",Advanced,Reading,2
STU02559,"Software Development, Web Development",Advanced,practical,2
STU02560,"Deep Learning, Cybersecurity, Artificial Intelligence",Intermediate,practical,1
STU02561,Cloud Computing,Intermediate,practical,1
STU02562,"Python, DevOps",Beginner,Reading,0
STU02563,"Artificial Intelligence, Cloud Computing",Intermediate,Reading,1
STU02564,"Python, Web Development",Beginner,Visual,0
STU02565,Machine Learning,Intermediate,Reading,1
STU02566,"Python, Artificial Intelligence, Software Development",Intermediate,practical,1
STU02567,"Machine Learning, SQL",Advanced,Reading,2
STU02568,Software Development,Beginner,Visual,0
STU02569,"Data Science, SQL",Beginner,Visual,0
STU02570,"Data Analytics, Deep Learning",Beginner,practical,0
STU02571,Web Development,Intermediate,practical,1
STU02572,"Web Development, Python, Software Development",Intermediate,practical,1
STU02573,"Data Analytics, DevOps, Artificial Intelligence",Advanced,Visual,2
STU02574,Machine Learning,Beginner,practical,0
STU02575,"DevOps, Software Development",Beginner,Visual,0
STU02576,Web Development,Advanced,Reading,2
STU02577,"Cloud Computing, SQL, Software Development",Advanced,practical,2
STU02578,Machine Learning,Beginner,Visual,0
STU02579,"Python, Web Development",Intermediate,Reading,1
STU02580,"Deep Learning, Artificial Intelligence, Machine Learning",Intermediate,Visual,1
STU02581,"Deep Learning, Machine Learning, Software Development",Intermediate,Visual,1
STU02582,"Data Science, Data Analytics",Beginner,practical,0
STU02583,"Web Development, SQL, DevOps",Advanced,Visual,2
STU02584,Artificial Intelligence,Beginner,practical,0
STU02585,"DevOps, Machine Learning, Software Development",Beginner,Visual,0
STU02586,Web Development,Intermediate,Reading,1
STU02587,"Data Analytics, Machine Learning",Beginner,Visual,0
STU02588,"Data Analytics, Python",Intermediate,Visual,1
STU02589,"Cloud Computing, Data Analytics",Intermediate,Visual,1
STU02590,Data Science,Advanced,Reading,2
STU02591,"Data Analytics, DevOps, Python",Advanced,Reading,2
STU02592,Deep Learning,Intermediate,Visual,1
STU02593,Artificial Intelligence,Intermediate,Reading,1
STU02594,Python,Advanced,practical,2
STU02595,Cloud Computing,Intermediate,practical,1
STU02596,"Artificial Intelligence, Data Analytics",Beginner,Reading,0
STU02597,"Software Development, Machine Learning",Advanced,practical,2
STU02598,Cloud Computing,Beginner,Reading,0
STU02599,Web Development,Intermediate,Reading,1
STU02600,"SQL, Cloud Computing, Machine Learning",Intermediate,practical,1
STU02601,Cloud Computing,Advanced,Reading,2
STU02602,"Web Development, Data Analytics, Data Science",Advanced,Reading,2
STU02603,Software Development,Beginner,Visual,0
STU02604,Web Development,Intermediate,Reading,1
STU02605,Web Development,Intermediate,Reading,1
STU02606,Cloud Computing,Advanced,practical,2
STU02607,"Deep Learning, Software Development",Intermediate,practical,1
STU02608,"Cybersecurity, Data Analytics, Deep Learning",Advanced,Reading,2
STU02609,SQL,Intermediate,Reading,1
STU02610,DevOps,Beginner,Visual,0
STU02611,Machine Learning,Beginner,Reading,0
STU02612,Cybersecurity,Intermediate,Visual,1
STU02613,"Cloud Computing, SQL",Advanced,Visual,2
STU02614,Cybersecurity,Beginner,practical,0
STU02615,"DevOps, Machine Learning, Python",Advanced,practical,2
STU02616,"Deep Learning, Cybersecurity, Data Science",Intermediate,practical,1
STU02617,"Machine Learning, Python, Cloud Computing",Beginner,Visual,0
STU02618,SQL,Advanced,Visual,2
STU02619,Cybersecurity,Advanced,practical,2
STU02620,"Cloud Computing, Web Development, Data Science",Beginner,practical,0
STU02621,DevOps,Beginner,Visual,0
STU02622,"Artificial Intelligence, Data Science, Deep Learning",Beginner,Reading,0
STU02623,"Data Analytics, Artificial Intelligence",Advanced,Reading,2
STU02624,"Artificial Intelligence, DevOps",Beginner,practical,0
STU02625,"Data Analytics, DevOps, Python",Advanced,Visual,2
STU02626,Deep Learning,Advanced,practical,2
STU02627,"Data Analytics, Artificial Intelligence, DevOps",Intermediate,Reading,1
STU02628,"Python, DevOps, Cloud Computing",Intermediate,Reading,1
STU02629,Machine Learning,Intermediate,Visual,1
STU02630,"Data Analytics, Web Development, Python",Advanced,Visual,2
STU02631,"Data Analytics, Software Development, Machine Learning",Advanced,practical,2
STU02632,"Artificial Intelligence, Cybersecurity, DevOps",Intermediate,Reading,1
STU02633,DevOps,Intermediate,practical,1
STU02634,Cloud Computing,Intermediate,Visual,1
STU02635,"Software Development, Cloud Computing, Python",Beginner,Reading,0
STU02636,"Software Development, Deep Learning",Advanced,practical,2
STU02637,Artificial Intelligence,Beginner,Visual,0
STU02638,Cybersecurity,Intermediate,Reading,1
STU02639,"DevOps, Software Development",Advanced,practical,2
STU02640,SQL,Intermediate,Visual,1
STU02641,"Machine Learning, Python, Web Development",Advanced,practical,2
STU02642,Python,Beginner,Reading,0
STU02643,"Machine Learning, Data Science",Intermediate,practical,1
STU02644,"Python, Data Analytics, Deep Learning",Intermediate,Reading,1
STU02645,"DevOps, Cloud Computing",Beginner,Visual,0
STU02646,DevOps,Intermediate,Visual,1
STU02647,"Data Analytics, Artificial Intelligence, Cybersecurity",Beginner,Reading,0
STU02648,"Data Analytics, Data Science",Beginner,Visual,0
STU02649,"Deep Learning, SQL",Advanced,Visual,2
STU02650,"Python, Software Development",Beginner,Reading,0
STU02651,"Machine Learning, Deep Learning",Advanced,Visual,2
STU02652,"Web Development, Machine Learning, Cybersecurity",Beginner,Visual,0
STU02653,"Deep Learning, Python, Cloud Computing",Advanced,practical,2
STU02654,"DevOps, Machine Learning",Advanced,Visual,2
STU02655,"Cybersecurity, Web Development, Machine Learning",Advanced,practical,2
STU02656,"Data Analytics, Machine Learning",Beginner,practical,0
STU02657,"Deep Learning, Python",Beginner,practical,0
STU02658,"Data Analytics, Deep Learning",Beginner,Reading,0
STU02659,"Machine Learning, SQL",Beginner,Visual,0
STU02660,Software Development,Intermediate,practical,1
STU02661,"Deep Learning, Web Development",Intermediate,Reading,1
STU02662,"Machine Learning, Cybersecurity",Intermediate,Visual,1
STU02663,"Deep Learning, Data Analytics, SQL",Beginner,practical,0
STU02664,Data Analytics,Intermediate,practical,1
STU02665,Machine Learning,Intermediate,practical,1
STU02666,"Cloud Computing, Deep Learning",Intermediate,Visual,1
STU02667,"Data Analytics, Cybersecurity",Beginner,Reading,0
STU02668,Cybersecurity,Advanced,practical,2
STU02669,"Python, Data Analytics",Beginner,Reading,0
STU02670,SQL,Advanced,practical,2
STU02671,"SQL, Python, Web Development",Beginner,Reading,0
STU02672,"Software Development, Data Science, Web Development",Advanced,Reading,2
STU02673,Artificial Intelligence,Beginner,Visual,0
STU02674,Data Analytics,Beginner,Reading,0
STU02675,"Artificial Intelligence, Data Science",Beginner,Reading,0
STU02676,Artificial Intelligence,Intermediate,practical,1
STU02677,"DevOps, Software Development, Web Development",Intermediate,practical,1
STU02678,"DevOps, Data Analytics",Intermediate,Visual,1
STU02679,SQL,Intermediate,practical,1
STU02680,"Cybersecurity, Artificial Intelligence, SQL",Advanced,practical,2
STU02681,Deep Learning,Intermediate,Reading,1
STU02682,"Python, Web Development, Artificial Intelligence",Advanced,Reading,2
STU02683,"SQL, Web Development, Cybersecurity",Intermediate,Visual,1
STU02684,Machine Learning,Intermediate,practical,1
STU02685,Python,Intermediate,practical,1
STU02686,Web Development,Intermediate,Reading,1
STU02687,Data Science,Advanced,Reading,2
STU02688,"Deep Learning, Data Science, Cloud Computing",Intermediate,practical,1
STU02689,"DevOps, Data Science, Artificial Intelligence",Beginner,practical,0
STU02690,Artificial Intelligence,Intermediate,practical,1
STU02691,"Artificial Intelligence, Web Development",Beginner,Reading,0
STU02692,Deep Learning,Intermediate,practical,1
STU02693,"Web Development, Data Analytics, Data Science",Intermediate,practical,1
STU02694,"Data Analytics, DevOps, Web Development",Beginner,practical,0
STU02695,"Web Development, Artificial Intelligence, SQL",Intermediate,Reading,1
STU02696,"Software Development, Web Development, Cybersecurity",Advanced,Reading,2
STU02697,"SQL, Data Analytics, Python",Advanced,Reading,2
STU02698,"DevOps, Artificial Intelligence, Data Analytics",Intermediate,Visual,1
STU02699,"Web Development, Python",Beginner,Reading,0
STU02700,Deep Learning,Intermediate,Reading,1
STU02701,Artificial Intelligence,Intermediate,Reading,1
STU02702,"Python, Machine Learning, Cybersecurity",Intermediate,practical,1
STU02703,"Python, Machine Learning, Artificial Intelligence",Intermediate,practical,1
STU02704,Software Development,Advanced,Reading,2
STU02705,"DevOps, Cybersecurity",Advanced,Reading,2
STU02706,DevOps,Beginner,practical,0
STU02707,"Cybersecurity, DevOps",Advanced,practical,2
STU02708,"Python, Cloud Computing",Intermediate,Visual,1
STU02709,"Web Development, Cloud Computing",Intermediate,Visual,1
STU02710,"DevOps, Software Development, Artificial Intelligence",Advanced,Reading,2
STU02711,"Cloud Computing, Cybersecurity, DevOps",Intermediate,Reading,1
STU02712,"Web Development, Deep Learning",Intermediate,Visual,1
STU02713,Cloud Computing,Advanced,Visual,2
STU02714,Deep Learning,Intermediate,practical,1
STU02715,"Machine Learning, Python",Advanced,Visual,2
STU02716,Machine Learning,Advanced,Visual,2
STU02717,"Machine Learning, Data Science",Intermediate,practical,1
STU02718,Machine Learning,Beginner,Reading,0
STU02719,"Cloud Computing, Software Development",Beginner,practical,0
STU02720,Cloud Computing,Beginner,Visual,0
STU02721,"Cybersecurity, Machine Learning",Beginner,Visual,0
STU02722,Data Science,Advanced,Reading,2
STU02723,"Cybersecurity, Deep Learning, Data Science",Beginner,Reading,0
STU02724,"Data Science, Machine Learning",Advanced,Reading,2
STU02725,"DevOps, SQL, Data Analytics",Intermediate,Visual,1
STU02726,"Machine Learning, Web Development, Cybersecurity",Intermediate,practical,1
STU02727,"Deep Learning, Data Science, Python",Advanced,Visual,2
STU02728,Python,Intermediate,Visual,1
STU02729,DevOps,Intermediate,practical,1
STU02730,Data Science,Advanced,Reading,2
STU02731,Data Analytics,Intermediate,Reading,1
STU02732,Software Development,Intermediate,Reading,1
STU02733,SQL,Beginner,Reading,0
STU02734,"Software Development, Machine Learning",Intermediate,Reading,1
STU02735,Data Analytics,Advanced,Visual,2
STU02736,Data Science,Beginner,Visual,0
STU02737,"Web Development, Cybersecurity",Advanced,Visual,2
STU02738,"Machine Learning, Artificial Intelligence",Beginner,Visual,0
STU02739,"Web Development, Machine Learning, Python",Advanced,Visual,2
STU02740,Data Analytics,Advanced,Visual,2
STU02741,"Deep Learning, Cloud Computing, Web Development",Intermediate,Reading,1
STU02742,"Deep Learning, DevOps, SQL",Beginner,practical,0
STU02743,"Data Science, Python, Cloud Computing",Intermediate,practical,1
STU02744,"Deep Learning, Software Development",Advanced,Reading,2
STU02745,Cybersecurity,Advanced,practical,2
STU02746,"Software Development, Cybersecurity, Data Science",Beginner,practical,0
STU02747,DevOps,Intermediate,Visual,1
STU02748,"Cloud Computing, Data Analytics",Advanced,Visual,2
STU02749,"Machine Learning, Deep Learning, SQL",Advanced,practical,2
STU02750,"Deep Learning, Data Analytics",Beginner,Visual,0
STU02751,"Web Development, SQL, Python",Intermediate,practical,1
STU02752,"Machine Learning, Cloud Computing, Python",Beginner,practical,0
STU02753,SQL,Advanced,Reading,2
STU02754,"Software Development, Web Development, Cybersecurity",Intermediate,practical,1
STU02755,"Data Analytics, Data Science, Python",Beginner,practical,0
STU02756,Cloud Computing,Advanced,Visual,2
STU02757,"Artificial Intelligence, Python, Deep Learning",Beginner,Reading,0
STU02758,"Cybersecurity, Web Development",Advanced,Reading,2
STU02759,"Artificial Intelligence, SQL",Advanced,Reading,2
STU02760,"Artificial Intelligence, Machine Learning",Advanced,practical,2
STU02761,"Data Science, Cybersecurity, SQL",Beginner,Visual,0
STU02762,"DevOps, SQL, Artificial Intelligence",Advanced,Visual,2
STU02763,"Artificial Intelligence, Python, Machine Learning",Advanced,Reading,2
STU02764,"Software Development, Cybersecurity, DevOps",Beginner,Reading,0
STU02765,"Machine Learning, Software Development",Beginner,Reading,0
STU02766,Data Analytics,Beginner,practical,0
STU02767,"Data Analytics, DevOps, Python",Advanced,Reading,2
STU02768,"Python, Machine Learning, Software Development",Beginner,practical,0
STU02769,"Data Analytics, Cloud Computing, Data Science",Intermediate,Reading,1
STU02770,"Data Analytics, Python, Software Development",Intermediate,Visual,1
STU02771,"Machine Learning, DevOps, Python",Advanced,practical,2
STU02772,Python,Intermediate,practical,1
STU02773,Python,Beginner,Visual,0
STU02774,"Data Analytics, SQL",Intermediate,Reading,1
STU02775,"Software Development, Cloud Computing, Web Development",Advanced,Visual,2
STU02776,Artificial Intelligence,Beginner,Visual,0
STU02777,Web Development,Intermediate,practical,1
STU02778,"Machine Learning, Data Analytics, Data Science",Intermediate,Visual,1
STU02779,"Artificial Intelligence, Cybersecurity, Data Science",Beginner,Visual,0
STU02780,"Cloud Computing, Machine Learning",Beginner,Reading,0
STU02781,"Data Science, Machine Learning",Intermediate,practical,1
STU02782,"Cybersecurity, Data Analytics, Machine Learning",Advanced,Reading,2
STU02783,"Cybersecurity, Deep Learning, SQL",Advanced,practical,2
STU02784,SQL,Advanced,Reading,2
STU02785,"Deep Learning, Cloud Computing",Beginner,practical,0
STU02786,Cybersecurity,Advanced,Reading,2
STU02787,Data Science,Advanced,practical,2
STU02788,Web Development,Intermediate,practical,1
STU02789,Software Development,Intermediate,practical,1
STU02790,SQL,Beginner,Reading,0
STU02791,Deep Learning,Intermediate,Reading,1
STU02792,Deep Learning,Beginner,Reading,0
STU02793,"Deep Learning, Data Science, SQL",Beginner,practical,0
STU02794,"Cybersecurity, Machine Learning",Advanced,Reading,2
STU02795,Software Development,Intermediate,Visual,1
STU02796,Data Science,Intermediate,practical,1
STU02797,"Python, SQL",Intermediate,Visual,1
STU02798,Software Development,Intermediate,Visual,1
STU02799,Cybersecurity,Advanced,Reading,2
STU02800,"Artificial Intelligence, Cybersecurity, Data Analytics",Beginner,Reading,0
STU02801,Cybersecurity,Beginner,practical,0
STU02802,"Machine Learning, Data Analytics",Advanced,practical,2
STU02803,Cybersecurity,Advanced,Reading,2
STU02804,"SQL, Python",Beginner,Reading,0
STU02805,"Deep Learning, Cybersecurity",Beginner,Visual,0
STU02806,"Deep Learning, Python, DevOps",Beginner,Reading,0
STU02807,"Cybersecurity, Data Analytics, Data Science",Intermediate,practical,1
STU02808,DevOps,Intermediate,practical,1
STU02809,"Data Science, Web Development, Artificial Intelligence",Intermediate,practical,1
STU02810,"Data Science, SQL",Intermediate,practical,1
STU02811,Cybersecurity,Beginner,Visual,0
STU02812,"Deep Learning, Machine Learning, Data Science",Intermediate,practical,1
STU02813,"Data Science, Deep Learning, Artificial Intelligence",Intermediate,practical,1
STU02814,Data Analytics,Beginner,Visual,0
STU02815,"Data Science, Software Development",Intermediate,Visual,1
STU02816,"Cloud Computing, Data Analytics, Machine Learning",Intermediate,Visual,1
STU02817,Cloud Computing,Advanced,Reading,2
STU02818,"Machine Learning, Cybersecurity",Beginner,Reading,0
STU02819,"Machine Learning, Python, Cybersecurity",Intermediate,practical,1
STU02820,Web Development,Intermediate,Visual,1
STU02821,"Deep Learning, Data Analytics",Advanced,practical,2
STU02822,"Deep Learning, Cybersecurity, DevOps",Beginner,Visual,0
STU02823,Cybersecurity,Beginner,Reading,0
STU02824,"Web Development, Deep Learning",Advanced,Visual,2
STU02825,"Machine Learning, Web Development, DevOps",Beginner,Visual,0
STU02826,Cybersecurity,Advanced,Reading,2
STU02827,Web Development,Intermediate,Visual,1
STU02828,"Data Analytics, Software Development, Machine Learning",Advanced,Visual,2
STU02829,SQL,Intermediate,practical,1
STU02830,"Data Analytics, Python, Machine Learning",Beginner,Reading,0
STU02831,"Cloud Computing, DevOps",Advanced,Reading,2
STU02832,Data Science,Advanced,Visual,2
STU02833,"SQL, Cloud Computing",Beginner,Reading,0
STU02834,"SQL, Web Development, Data Science",Intermediate,Reading,1
STU02835,"Artificial Intelligence, Machine Learning",Intermediate,Reading,1
STU02836,"DevOps, Data Analytics, Deep Learning",Beginner,Visual,0
STU02837,"Web Development, Cybersecurity, Machine Learning",Intermediate,Visual,1
STU02838,"Cybersecurity, Software Development, SQL",Advanced,practical,2
STU02839,Artificial Intelligence,Advanced,Visual,2
STU02840,Web Development,Advanced,practical,2
STU02841,"Software Development, Deep Learning",Beginner,Reading,0
STU02842,"SQL, Cloud Computing",Intermediate,practical,1
STU02843,"Python, Data Analytics, Deep Learning",Advanced,Visual,2
STU02844,Machine Learning,Beginner,Reading,0
STU02845,"SQL, Cybersecurity",Intermediate,Reading,1
STU02846,"DevOps, SQL",Beginner,Reading,0
STU02847,Data Science,Intermediate,Reading,1
STU02848,"Python, Software Development",Intermediate,Reading,1
STU02849,"Deep Learning, Python, DevOps",Advanced,Reading,2
STU02850,"Cloud Computing, DevOps, Deep Learning",Intermediate,Reading,1
STU02851,Cybersecurity,Beginner,Reading,0
STU02852,"Machine Learning, Cybersecurity, DevOps",Advanced,practical,2
STU02853,"SQL, Data Analytics, Deep Learning",Advanced,Reading,2
STU02854,"Python, Data Science",Advanced,practical,2
STU02855,"Data Science, Deep Learning",Intermediate,Visual,1
STU02856,Web Development,Intermediate,Reading,1
STU02857,Cloud Computing,Intermediate,Visual,1
STU02858,"Python, Artificial Intelligence",Intermediate,Visual,1
STU02859,"Software Development, Cloud Computing",Beginner,practical,0
STU02860,"Data Analytics, Artificial Intelligence, Web Development",Intermediate,Reading,1
STU02861,DevOps,Advanced,Reading,2
STU02862,"Software Development, Artificial Intelligence",Advanced,practical,2
STU02863,"Data Science, Python, Web Development",Intermediate,Reading,1
STU02864,Software Development,Beginner,Visual,0
STU02865,"Data Science, Python, Data Analytics",Intermediate,practical,1
STU02866,Cybersecurity,Intermediate,practical,1
STU02867,"Cybersecurity, Software Development",Beginner,Reading,0
STU02868,"Artificial Intelligence, Cloud Computing, SQL",Beginner,Reading,0
STU02869,Deep Learning,Advanced,Reading,2
STU02870,"Cloud Computing, Software Development, Cybersecurity",Advanced,Reading,2
STU02871,Software Development,Beginner,practical,0
STU02872,"Software Development, Data Science",Intermediate,Reading,1
STU02873,Web Development,Advanced,practical,2
STU02874,"Cloud Computing, Cybersecurity, SQL",Intermediate,Reading,1
STU02875,Machine Learning,Beginner,practical,0
STU02876,"Machine Learning, Python",Intermediate,Reading,1
STU02877,"Software Development, Machine Learning",Advanced,Reading,2
STU02878,"Data Analytics, Artificial Intelligence, Cloud Computing",Beginner,Visual,0
STU02879,"Deep Learning, Cybersecurity, DevOps",Intermediate,Reading,1
STU02880,"Data Analytics, Data Science, Software Development",Advanced,Reading,2
STU02881,"Cloud Computing, Software Development, Machine Learning",Intermediate,Reading,1
STU02882,"Deep Learning, SQL",Intermediate,Visual,1
STU02883,"Software Development, Cybersecurity, Deep Learning",Beginner,Reading,0
STU02884,"Machine Learning, Web Development, Cloud Computing",Advanced,Reading,2
STU02885,Data Science,Advanced,practical,2
STU02886,Cybersecurity,Intermediate,Reading,1
STU02887,"Data Analytics, Software Development",Beginner,practical,0
STU02888,"Cybersecurity, SQL, DevOps",Intermediate,Reading,1
STU02889,"Artificial Intelligence, Software Development, SQL",Advanced,Reading,2
STU02890,Data Science,Advanced,Visual,2
STU02891,Data Analytics,Intermediate,practical,1
STU02892,"Cloud Computing, Software Development",Beginner,Visual,0
STU02893,"DevOps, Python, Software Development",Intermediate,practical,1
STU02894,"SQL, Data Science",Intermediate,practical,1
STU02895,"Data Science, Deep Learning",Advanced,Visual,2
STU02896,Python,Intermediate,practical,1
STU02897,"DevOps, Data Analytics",Advanced,practical,2
STU02898,"Machine Learning, Cloud Computing",Intermediate,Reading,1
STU02899,Data Analytics,Intermediate,practical,1
STU02900,"Deep Learning, Machine Learning",Advanced,Visual,2
STU02901,Data Science,Beginner,Visual,0
STU02902,"Software Development, Deep Learning, Python",Intermediate,practical,1
STU02903,"Artificial Intelligence, Software Development, Data Science",Advanced,Reading,2
STU02904,"Deep Learning, SQL",Advanced,Reading,2
STU02905,DevOps,Intermediate,Reading,1
STU02906,"Data Analytics, DevOps",Intermediate,Visual,1
STU02907,"Machine Learning, Software Development",Advanced,practical,2
STU02908,DevOps,Beginner,Visual,0
STU02909,DevOps,Intermediate,practical,1
STU02910,Cybersecurity,Intermediate,Visual,1
STU02911,Data Analytics,Beginner,Reading,0
STU02912,"Data Science, Cybersecurity, Cloud Computing",Beginner,Reading,0
STU02913,"Software Development, Data Science",Intermediate,practical,1
STU02914,Data Science,Advanced,Visual,2
STU02915,Cloud Computing,Advanced,Reading,2
STU02916,Data Analytics,Intermediate,Reading,1
STU02917,"Data Science, Web Development, DevOps",Advanced,practical,2
STU02918,"DevOps, Machine Learning, Deep Learning",Beginner,Reading,0
STU02919,Web Development,Beginner,practical,0
STU02920,DevOps,Advanced,Reading,2
STU02921,"Machine Learning, SQL, Cybersecurity",Advanced,practical,2
STU02922,"Python, Data Analytics",Beginner,practical,0
STU02923,"Data Analytics, DevOps, Cybersecurity",Intermediate,practical,1
STU02924,"DevOps, Artificial Intelligence, Cloud Computing",Advanced,Visual,2
STU02925,"Data Science, SQL",Beginner,practical,0
STU02926,"Cloud Computing, Artificial Intelligence, SQL",Intermediate,Visual,1
STU02927,Deep Learning,Beginner,Visual,0
STU02928,"DevOps, Deep Learning",Beginner,Visual,0
STU02929,Data Science,Advanced,Visual,2
STU02930,Artificial Intelligence,Advanced,Visual,2
STU02931,DevOps,Intermediate,Visual,1
STU02932,"Cybersecurity, Web Development, Artificial Intelligence",Advanced,Reading,2
STU02933,"Deep Learning, Cybersecurity",Advanced,practical,2
STU02934,"Machine Learning, Python",Beginner,Reading,0
STU02935,"Artificial Intelligence, Machine Learning, Cloud Computing",Advanced,Visual,2
STU02936,"DevOps, Artificial Intelligence, Software Development",Intermediate,Visual,1
STU02937,Artificial Intelligence,Advanced,practical,2
STU02938,"DevOps, Cybersecurity, Web Development",Advanced,Reading,2
STU02939,"Artificial Intelligence, Deep Learning",Beginner,Reading,0
STU02940,"Artificial Intelligence, Python",Intermediate,practical,1
STU02941,"Cloud Computing, Machine Learning",Beginner,Visual,0
STU02942,DevOps,Beginner,practical,0
STU02943,"Cloud Computing, Web Development, Machine Learning",Advanced,practical,2
STU02944,"Machine Learning, Data Analytics",Beginner,Reading,0
STU02945,"Data Analytics, DevOps",Intermediate,practical,1
STU02946,"Deep Learning, Data Science",Beginner,Visual,0
STU02947,"DevOps, Cybersecurity, Machine Learning",Intermediate,practical,1
STU02948,"DevOps, Software Development",Beginner,practical,0
STU02949,"SQL, Deep Learning",Advanced,practical,2
STU02950,"Data Analytics, Deep Learning",Beginner,Reading,0
STU02951,"Cybersecurity, Machine Learning, Deep Learning",Beginner,practical,0
STU02952,Web Development,Intermediate,Visual,1
STU02953,"Python, Software Development, SQL",Beginner,Visual,0
STU02954,"Web Development, DevOps, Data Analytics",Intermediate,Visual,1
STU02955,"Data Science, Software Development, DevOps",Advanced,Visual,2
STU02956,"Cybersecurity, Cloud Computing",Beginner,practical,0
STU02957,"Web Development, Data Science, Artificial Intelligence",Advanced,Reading,2
STU02958,Data Science,Intermediate,practical,1
STU02959,"Artificial Intelligence, Cloud Computing, SQL",Beginner,practical,0
STU02960,"Cybersecurity, Web Development, Deep Learning",Beginner,Visual,0
STU02961,"Artificial Intelligence, Software Development",Beginner,Reading,0
STU02962,"Python, SQL, Data Analytics",Beginner,Reading,0
STU02963,Web Development,Intermediate,Visual,1
STU02964,"Artificial Intelligence, Deep Learning",Intermediate,Visual,1
STU02965,"SQL, Artificial Intelligence",Beginner,Visual,0
STU02966,"DevOps, Python",Advanced,Visual,2
STU02967,"Web Development, Cloud Computing",Intermediate,Visual,1
STU02968,Python,Intermediate,Reading,1
STU02969,"Cybersecurity, Machine Learning",Intermediate,Reading,1
STU02970,"DevOps, Data Science",Intermediate,Reading,1
STU02971,Cloud Computing,Intermediate,Visual,1
STU02972,"Machine Learning, Cybersecurity",Beginner,Reading,0
STU02973,"Artificial Intelligence, Web Development",Intermediate,practical,1
STU02974,Machine Learning,Beginner,Reading,0
STU02975,"Web Development, Software Development, SQL",Beginner,Reading,0
STU02976,"Artificial Intelligence, Software Development, Deep Learning",Intermediate,practical,1
STU02977,Deep Learning,Intermediate,Visual,1
STU02978,"Software Development, SQL",Beginner,Reading,0
STU02979,"DevOps, Machine Learning, Data Analytics",Advanced,Reading,2
STU02980,Cloud Computing,Advanced,Reading,2
STU02981,"Data Analytics, Data Science",Intermediate,Visual,1
STU02982,"Data Science, Cloud Computing",Intermediate,Reading,1
STU02983,"Machine Learning, Software Development, Web Development",Intermediate,Visual,1
STU02984,Deep Learning,Advanced,Reading,2
STU02985,"Cloud Computing, Artificial Intelligence",Beginner,Visual,0
STU02986,"SQL, Web Development, DevOps",Beginner,Visual,0
STU02987,"Artificial Intelligence, Data Analytics",Advanced,Reading,2
STU02988,"DevOps, SQL, Cloud Computing",Advanced,Visual,2
STU02989,Machine Learning,Advanced,practical,2
STU02990,DevOps,Intermediate,Visual,1
STU02991,"Data Analytics, DevOps, SQL",Advanced,practical,2
STU02992,Artificial Intelligence,Intermediate,practical,1
STU02993,"Cybersecurity, Deep Learning",Advanced,Visual,2
STU02994,"Python, DevOps",Intermediate,Reading,1
STU02995,"Data Science, Cybersecurity",Advanced,Reading,2
STU02996,"Web Development, SQL, Deep Learning",Advanced,Visual,2
STU02997,"Web Development, DevOps, Python",Beginner,Visual,0
STU02998,Python,Advanced,practical,2
STU02999,"Cybersecurity, DevOps, Web Development",Advanced,Visual,2
STU03000,Machine Learning,Beginner,Reading,0
STU03001,Data Analytics,Advanced,practical,2
STU03002,Artificial Intelligence,Intermediate,practical,1
STU03003,"Software Development, Data Science",Beginner,Reading,0
STU03004,"Python, Artificial Intelligence",Advanced,Visual,2
STU03005,"Machine Learning, Deep Learning, SQL",Intermediate,Reading,1
STU03006,"Artificial Intelligence, Machine Learning",Intermediate,Visual,1
STU03007,Data Analytics,Advanced,Reading,2
STU03008,"Cybersecurity, Data Science, SQL",Intermediate,Visual,1
STU03009,"Cloud Computing, SQL",Intermediate,Visual,1
STU03010,"Deep Learning, Machine Learning",Intermediate,Visual,1
STU03011,Software Development,Advanced,Visual,2
STU03012,Python,Advanced,practical,2
STU03013,"Software Development, Web Development, Artificial Intelligence",Beginner,practical,0
STU03014,Web Development,Advanced,Reading,2
STU03015,"Data Analytics, Software Development",Beginner,practical,0
STU03016,Python,Advanced,Reading,2
STU03017,"Python, Cloud Computing, Artificial Intelligence",Intermediate,practical,1
STU03018,"Web Development, DevOps",Advanced,Visual,2
STU03019,"DevOps, Data Analytics",Beginner,practical,0
STU03020,"Data Analytics, Software Development, Artificial Intelligence",Intermediate,Reading,1
STU03021,"Cloud Computing, Machine Learning",Intermediate,practical,1
STU03022,"Web Development, Cloud Computing",Beginner,Reading,0
STU03023,Machine Learning,Intermediate,Reading,1
STU03024,"DevOps, Data Analytics",Beginner,Visual,0
STU03025,Deep Learning,Beginner,Visual,0
STU03026,Data Science,Intermediate,practical,1
STU03027,Data Analytics,Beginner,Reading,0
STU03028,Software Development,Advanced,practical,2
STU03029,"Cloud Computing, Python",Beginner,practical,0
STU03030,"Cloud Computing, SQL, Machine Learning",Beginner,Visual,0
STU03031,"DevOps, Machine Learning, Web Development",Advanced,Reading,2
STU03032,"Web Development, Python",Beginner,practical,0
STU03033,"Machine Learning, Python",Beginner,Reading,0
STU03034,DevOps,Advanced,Reading,2
STU03035,"Web Development, Deep Learning",Intermediate,Visual,1
STU03036,"Cloud Computing, DevOps",Beginner,Reading,0
STU03037,"Machine Learning, DevOps",Intermediate,Reading,1
STU03038,"DevOps, Machine Learning",Advanced,practical,2
STU03039,"Deep Learning, Web Development",Intermediate,Visual,1
STU03040,"Web Development, Python",Advanced,Reading,2
STU03041,"Cybersecurity, Data Science, SQL",Intermediate,Reading,1
STU03042,"Machine Learning, Deep Learning",Beginner,Reading,0
STU03043,"DevOps, Python, Data Science",Intermediate,Reading,1
STU03044,"Deep Learning, DevOps",Beginner,Visual,0
STU03045,"Python, Data Science",Advanced,practical,2
STU03046,"Cybersecurity, Data Analytics, Deep Learning",Intermediate,practical,1
STU03047,"Deep Learning, SQL",Beginner,practical,0
STU03048,"Software Development, Cloud Computing",Beginner,Visual,0
STU03049,"Cybersecurity, DevOps",Beginner,Visual,0
STU03050,"Python, Artificial Intelligence, Web Development",Advanced,Visual,2
STU03051,"Web Development, Cloud Computing",Advanced,Visual,2
STU03052,"Python, Cloud Computing",Beginner,Visual,0
STU03053,"Software Development, Web Development",Intermediate,Reading,1
STU03054,"DevOps, SQL, Web Development",Intermediate,Reading,1
STU03055,"Deep Learning, DevOps",Advanced,practical,2
STU03056,SQL,Beginner,practical,0
STU03057,Cybersecurity,Advanced,practical,2
STU03058,Software Development,Advanced,practical,2
STU03059,"DevOps, Cybersecurity, Cloud Computing",Beginner,Reading,0
STU03060,Cybersecurity,Intermediate,practical,1
STU03061,"Deep Learning, Data Analytics",Advanced,practical,2
STU03062,Cloud Computing,Advanced,Visual,2
STU03063,"Artificial Intelligence, DevOps",Advanced,practical,2
STU03064,"DevOps, Artificial Intelligence",Beginner,practical,0
STU03065,"Data Analytics, Cloud Computing",Beginner,Visual,0
STU03066,"Cybersecurity, Data Analytics, DevOps",Advanced,Reading,2
STU03067,"Deep Learning, DevOps, Cloud Computing",Advanced,Visual,2
STU03068,"Machine Learning, Deep Learning",Advanced,Visual,2
STU03069,"Cloud Computing, Data Science",Advanced,practical,2
STU03070,"Deep Learning, Machine Learning, Web Development",Beginner,Reading,0
STU03071,"Software Development, Data Analytics, Python",Intermediate,Reading,1
STU03072,Artificial Intelligence,Intermediate,Reading,1
STU03073,Deep Learning,Intermediate,Visual,1
STU03074,"Cybersecurity, Python",Intermediate,Visual,1
STU03075,"Python, Machine Learning",Beginner,Reading,0
STU03076,"Artificial Intelligence, Machine Learning",Advanced,Visual,2
STU03077,"Web Development, Python",Advanced,Reading,2
STU03078,Data Science,Intermediate,practical,1
STU03079,"Machine Learning, Software Development, Cloud Computing",Advanced,practical,2
STU03080,Deep Learning,Beginner,practical,0
STU03081,DevOps,Beginner,practical,0
STU03082,Web Development,Advanced,Reading,2
STU03083,"Data Analytics, Artificial Intelligence",Intermediate,Visual,1
STU03084,SQL,Advanced,practical,2
STU03085,Data Science,Intermediate,Visual,1
STU03086,"Deep Learning, Data Analytics",Beginner,Visual,0
STU03087,"Cloud Computing, Cybersecurity, Machine Learning",Advanced,Reading,2
STU03088,"Data Science, Machine Learning",Intermediate,practical,1
STU03089,Data Analytics,Advanced,Visual,2
STU03090,"Artificial Intelligence, SQL",Beginner,Visual,0
STU03091,"Cybersecurity, Software Development",Beginner,Reading,0
STU03092,"Data Science, Cybersecurity",Advanced,practical,2
STU03093,SQL,Intermediate,Visual,1
STU03094,"Deep Learning, Python",Intermediate,Reading,1
STU03095,Machine Learning,Intermediate,practical,1
STU03096,"Cybersecurity, Machine Learning, Data Science",Beginner,practical,0
STU03097,"Data Analytics, Cybersecurity, Data Science",Beginner,practical,0
STU03098,Artificial Intelligence,Advanced,practical,2
STU03099,"Web Development, Cybersecurity",Beginner,Visual,0
STU03100,Data Analytics,Intermediate,Reading,1
STU03101,"Machine Learning, Software Development",Intermediate,practical,1
STU03102,"Machine Learning, Data Analytics, Data Science",Advanced,Visual,2
STU03103,"Artificial Intelligence, Web Development",Beginner,Reading,0
STU03104,DevOps,Intermediate,Reading,1
STU03105,Python,Advanced,practical,2
STU03106,Software Development,Beginner,Visual,0
STU03107,SQL,Advanced,practical,2
STU03108,"Data Analytics, Artificial Intelligence, Software Development",Advanced,Visual,2
STU03109,"Software Development, SQL, Deep Learning",Intermediate,practical,1
STU03110,Artificial Intelligence,Beginner,Visual,0
STU03111,Cybersecurity,Beginner,practical,0
STU03112,Machine Learning,Beginner,practical,0
STU03113,"DevOps, Data Analytics",Beginner,Reading,0
STU03114,"Data Science, Cybersecurity, Cloud Computing",Intermediate,Visual,1
STU03115,"Cloud Computing, DevOps",Intermediate,Reading,1
STU03116,Artificial Intelligence,Advanced,practical,2
STU03117,"Data Science, Deep Learning, Data Analytics",Beginner,Reading,0
STU03118,"Data Science, Cybersecurity",Intermediate,Visual,1
STU03119,"Cybersecurity, Data Analytics, Python",Intermediate,Reading,1
STU03120,"Data Science, Python",Beginner,Visual,0
STU03121,"Machine Learning, Cloud Computing",Advanced,practical,2
STU03122,Software Development,Advanced,Reading,2
STU03123,"Software Development, SQL",Intermediate,Reading,1
STU03124,"Data Science, Deep Learning, SQL",Intermediate,practical,1
STU03125,"Web Development, Data Science, Cloud Computing",Advanced,practical,2
STU03126,"Python, DevOps",Advanced,practical,2
STU03127,"Software Development, Python, Machine Learning",Intermediate,Reading,1
STU03128,Python,Beginner,practical,0
STU03129,"Machine Learning, DevOps",Beginner,Visual,0
STU03130,Software Development,Intermediate,Visual,1
STU03131,Web Development,Intermediate,Reading,1
STU03132,"Artificial Intelligence, Web Development, Cloud Computing",Beginner,practical,0
STU03133,Software Development,Advanced,Visual,2
STU03134,Data Science,Beginner,practical,0
STU03135,"Data Science, Machine Learning, SQL",Advanced,Reading,2
STU03136,"SQL, Machine Learning",Intermediate,Visual,1
STU03137,"Web Development, Data Science, Cybersecurity",Advanced,Reading,2
STU03138,Artificial Intelligence,Beginner,practical,0
STU03139,"Python, SQL, Cloud Computing",Intermediate,Visual,1
STU03140,Data Science,Beginner,practical,0
STU03141,"Cybersecurity, Software Development",Beginner,Visual,0
STU03142,"Python, SQL, Web Development",Intermediate,Reading,1
STU03143,"Artificial Intelligence, Web Development, Cybersecurity",Advanced,Visual,2
STU03144,"Machine Learning, Python",Beginner,Visual,0
STU03145,Cybersecurity,Beginner,Visual,0
STU03146,Data Analytics,Advanced,Reading,2
STU03147,"Artificial Intelligence, Data Analytics, SQL",Intermediate,Reading,1
STU03148,"Data Science, Deep Learning",Intermediate,practical,1
STU03149,DevOps,Beginner,Reading,0
STU03150,"Deep Learning, DevOps, Cybersecurity",Intermediate,Reading,1
STU03151,"SQL, Web Development, Machine Learning",Beginner,Reading,0
STU03152,"DevOps, Cybersecurity, Web Development",Advanced,Reading,2
STU03153,SQL,Intermediate,Reading,1
STU03154,"Cybersecurity, Artificial Intelligence",Beginner,Visual,0
STU03155,"Web Development, Software Development",Beginner,practical,0
STU03156,"Data Science, SQL, Software Development",Beginner,Visual,0
STU03157,"Deep Learning, Software Development, Data Analytics",Advanced,Visual,2
STU03158,"Data Science, Machine Learning",Advanced,Reading,2
STU03159,"Cybersecurity, Web Development",Beginner,Visual,0
STU03160,"Machine Learning, Cybersecurity, SQL",Beginner,practical,0
STU03161,Software Development,Intermediate,Visual,1
STU03162,"Data Analytics, Python",Advanced,Reading,2
STU03163,"Web Development, Machine Learning, Software Development",Intermediate,practical,1
STU03164,"Data Science, Cybersecurity",Beginner,Visual,0
STU03165,"Data Science, Machine Learning",Intermediate,Visual,1
STU03166,"SQL, DevOps, Data Analytics",Intermediate,Reading,1
STU03167,"Data Science, Machine Learning",Beginner,Visual,0
STU03168,Software Development,Advanced,Visual,2
STU03169,Software Development,Advanced,Reading,2
STU03170,Web Development,Advanced,Reading,2
STU03171,"Data Analytics, Web Development, DevOps",Beginner,Visual,0
STU03172,"Deep Learning, Web Development",Advanced,Reading,2
STU03173,"Machine Learning, Cloud Computing, Cybersecurity",Beginner,Visual,0
STU03174,"Web Development, Python",Intermediate,practical,1
STU03175,"Cybersecurity, SQL",Advanced,Visual,2
STU03176,"Web Development, Cybersecurity, Data Science",Beginner,practical,0
STU03177,"Artificial Intelligence, Web Development, Cloud Computing",Beginner,practical,0
STU03178,Cybersecurity,Advanced,practical,2
STU03179,"Data Analytics, Cybersecurity, DevOps",Intermediate,Reading,1
STU03180,"Data Science, Machine Learning",Beginner,Reading,0
STU03181,"Python, Web Development",Advanced,Visual,2
STU03182,"Cloud Computing, Web Development",Advanced,Visual,2
STU03183,"DevOps, SQL",Advanced,practical,2
STU03184,"Web Development, DevOps, Cybersecurity",Intermediate,Reading,1
STU03185,Data Science,Advanced,practical,2
STU03186,"DevOps, Software Development, Artificial Intelligence",Advanced,Reading,2
STU03187,"Cybersecurity, Data Science, Cloud Computing",Intermediate,Reading,1
STU03188,DevOps,Advanced,Reading,2
STU03189,"Data Analytics, Python, Deep Learning",Advanced,Visual,2
STU03190,"Web Development, Data Analytics",Advanced,Visual,2
STU03191,Software Development,Advanced,Visual,2
STU03192,"DevOps, Cloud Computing, SQL",Beginner,practical,0
STU03193,"Data Science, Data Analytics",Intermediate,practical,1
STU03194,"DevOps, Cloud Computing, Data Analytics",Intermediate,Reading,1
STU03195,Cloud Computing,Advanced,Visual,2
STU03196,"Machine Learning, DevOps, Cybersecurity",Intermediate,practical,1
STU03197,"Machine Learning, Deep Learning",Advanced,practical,2
STU03198,"DevOps, Deep Learning, Python",Advanced,Visual,2
STU03199,Data Science,Beginner,Reading,0
STU03200,"Python, Web Development",Advanced,Visual,2
STU03201,"Web Development, Deep Learning",Advanced,Reading,2
STU03202,Deep Learning,Intermediate,Visual,1
STU03203,"Data Science, Machine Learning",Beginner,Reading,0
STU03204,"Cybersecurity, Cloud Computing",Intermediate,Visual,1
STU03205,"Deep Learning, DevOps, Python",Intermediate,Visual,1
STU03206,"SQL, Cybersecurity",Beginner,practical,0
STU03207,"Web Development, DevOps",Intermediate,practical,1
STU03208,Python,Advanced,practical,2
STU03209,"Machine Learning, Cloud Computing, Cybersecurity",Advanced,Visual,2
STU03210,"Python, Cybersecurity",Intermediate,Reading,1
STU03211,"Cloud Computing, SQL, Deep Learning",Intermediate,Visual,1
STU03212,Machine Learning,Advanced,Reading,2
STU03213,Software Development,Beginner,practical,0
STU03214,Software Development,Intermediate,Reading,1
STU03215,"DevOps, Python, Software Development",Beginner,practical,0
STU03216,DevOps,Beginner,Reading,0
STU03217,"Data Analytics, Artificial Intelligence, Cybersecurity",Intermediate,Visual,1
STU03218,"SQL, Artificial Intelligence, Data Science",Beginner,Reading,0
STU03219,"Cybersecurity, Web Development",Beginner,Reading,0
STU03220,Deep Learning,Advanced,Visual,2
STU03221,"Data Science, SQL, Artificial Intelligence",Advanced,Visual,2
STU03222,"Cloud Computing, DevOps, Deep Learning",Intermediate,Reading,1
STU03223,"Data Science, Artificial Intelligence, SQL",Advanced,practical,2
STU03224,"Machine Learning, Data Science",Advanced,Visual,2
STU03225,"SQL, Deep Learning, Data Science",Advanced,Visual,2
STU03226,"SQL, Cloud Computing, Software Development",Advanced,Reading,2
STU03227,"Deep Learning, Artificial Intelligence",Beginner,practical,0
STU03228,"Cybersecurity, Deep Learning, DevOps",Intermediate,Visual,1
STU03229,Data Science,Intermediate,Reading,1
STU03230,"Machine Learning, Deep Learning, Software Development",Intermediate,Reading,1
STU03231,"Artificial Intelligence, SQL",Beginner,Visual,0
STU03232,"Artificial Intelligence, Python",Beginner,Visual,0
STU03233,"SQL, Python",Beginner,practical,0
STU03234,"Machine Learning, Deep Learning, Software Development",Advanced,Reading,2
STU03235,"DevOps, Data Science",Beginner,Reading,0
STU03236,"Python, Deep Learning",Advanced,Reading,2
STU03237,Cybersecurity,Intermediate,practical,1
STU03238,"Python, Deep Learning",Intermediate,Reading,1
STU03239,Cybersecurity,Beginner,practical,0
STU03240,Data Science,Intermediate,Visual,1
STU03241,Deep Learning,Beginner,practical,0
STU03242,"Cloud Computing, SQL",Advanced,Reading,2
STU03243,"Cybersecurity, SQL",Intermediate,practical,1
STU03244,"DevOps, Data Science",Beginner,Reading,0
STU03245,Software Development,Advanced,practical,2
STU03246,"DevOps, Data Science, Deep Learning",Beginner,Reading,0
STU03247,Machine Learning,Beginner,practical,0
STU03248,"Cybersecurity, Cloud Computing",Advanced,Reading,2
STU03249,"Web Development, Software Development",Beginner,practical,0
STU03250,"Machine Learning, DevOps, Cybersecurity",Advanced,Reading,2
STU03251,"Deep Learning, Data Analytics, Web Development",Intermediate,practical,1
STU03252,"DevOps, Artificial Intelligence, Data Science",Beginner,Visual,0
STU03253,"Data Science, SQL, Cloud Computing",Intermediate,Reading,1
STU03254,"Cloud Computing, Web Development",Beginner,Reading,0
STU03255,Data Science,Advanced,Reading,2
STU03256,DevOps,Intermediate,practical,1
STU03257,Web Development,Beginner,practical,0
STU03258,Web Development,Intermediate,Reading,1
STU03259,Cybersecurity,Intermediate,practical,1
STU03260,"Cloud Computing, Machine Learning",Beginner,Visual,0
STU03261,"Machine Learning, SQL, Deep Learning",Advanced,Reading,2
STU03262,Python,Beginner,Visual,0
STU03263,Software Development,Intermediate,Reading,1
STU03264,"Cloud Computing, Cybersecurity, Deep Learning",Advanced,Visual,2
STU03265,"DevOps, Software Development",Advanced,Reading,2
STU03266,Data Analytics,Intermediate,practical,1
STU03267,Data Science,Intermediate,Reading,1
STU03268,"Data Science, SQL, Web Development",Intermediate,practical,1
STU03269,"Machine Learning, Data Science, Data Analytics",Intermediate,practical,1
STU03270,"Cybersecurity, Python",Advanced,Visual,2
STU03271,"Cybersecurity, Cloud Computing",Intermediate,practical,1
STU03272,Artificial Intelligence,Advanced,Reading,2
STU03273,"SQL, Software Development",Intermediate,practical,1
STU03274,Artificial Intelligence,Beginner,Reading,0
STU03275,Artificial Intelligence,Intermediate,Reading,1
STU03276,Cloud Computing,Intermediate,Visual,1
STU03277,"Cloud Computing, Web Development",Intermediate,Visual,1
STU03278,"DevOps, Deep Learning",Beginner,Reading,0
STU03279,"Deep Learning, Cloud Computing",Beginner,Visual,0
STU03280,Artificial Intelligence,Intermediate,Visual,1
STU03281,"SQL, DevOps",Beginner,Reading,0
STU03282,Deep Learning,Advanced,Reading,2
STU03283,"Web Development, Deep Learning, SQL",Intermediate,Visual,1
STU03284,"Data Analytics, Machine Learning, Cloud Computing",Advanced,Reading,2
STU03285,"Deep Learning, DevOps, Cloud Computing",Advanced,practical,2
STU03286,Artificial Intelligence,Advanced,Visual,2
STU03287,"Machine Learning, Python",Intermediate,Visual,1
STU03288,"SQL, Data Analytics, Software Development",Intermediate,practical,1
STU03289,"Software Development, Machine Learning, DevOps",Beginner,practical,0
STU03290,Software Development,Beginner,practical,0
STU03291,Web Development,Intermediate,Visual,1
STU03292,Cybersecurity,Advanced,practical,2
STU03293,"Cloud Computing, Machine Learning, Artificial Intelligence",Beginner,practical,0
STU03294,"Cybersecurity, Artificial Intelligence, Data Analytics",Advanced,Visual,2
STU03295,SQL,Beginner,Reading,0
STU03296,"Cybersecurity, Cloud Computing, SQL",Beginner,practical,0
STU03297,Software Development,Beginner,Visual,0
STU03298,"DevOps, Data Science",Intermediate,practical,1
STU03299,Artificial Intelligence,Beginner,Reading,0
STU03300,"Python, Cloud Computing, Data Science",Beginner,Visual,0
STU03301,"Data Science, DevOps, SQL",Beginner,Visual,0
STU03302,"Artificial Intelligence, Web Development, Software Development",Advanced,Reading,2
STU03303,Web Development,Beginner,practical,0
STU03304,"DevOps, Deep Learning",Intermediate,practical,1
STU03305,DevOps,Advanced,practical,2
STU03306,"SQL, Data Analytics, Python",Advanced,Reading,2
STU03307,Cybersecurity,Intermediate,Reading,1
STU03308,"Software Development, Deep Learning",Intermediate,Reading,1
STU03309,Cloud Computing,Intermediate,practical,1
STU03310,"Cybersecurity, SQL, Software Development",Beginner,Reading,0
STU03311,Python,Intermediate,Reading,1
STU03312,"Machine Learning, Artificial Intelligence",Advanced,Visual,2
STU03313,Data Analytics,Beginner,Visual,0
STU03314,"Data Analytics, Software Development, Deep Learning",Intermediate,Reading,1
STU03315,"Software Development, Web Development, Machine Learning",Intermediate,Reading,1
STU03316,Machine Learning,Intermediate,Visual,1
STU03317,"Data Science, Cloud Computing, DevOps",Intermediate,practical,1
STU03318,"Machine Learning, Software Development, Python",Advanced,practical,2
STU03319,"Data Analytics, DevOps, Machine Learning",Advanced,Visual,2
STU03320,"Data Science, Cloud Computing, Python",Intermediate,practical,1
STU03321,SQL,Advanced,Visual,2
STU03322,Deep Learning,Advanced,practical,2
STU03323,"Data Analytics, Web Development, Machine Learning",Beginner,practical,0
STU03324,Machine Learning,Intermediate,Reading,1
STU03325,"Cloud Computing, SQL",Intermediate,practical,1
STU03326,"Web Development, DevOps",Advanced,Reading,2
STU03327,DevOps,Beginner,Visual,0
STU03328,"Software Development, DevOps",Beginner,Visual,0
STU03329,"Web Development, SQL, Data Science",Intermediate,practical,1
STU03330,"Artificial Intelligence, Python",Beginner,practical,0
STU03331,"Software Development, Web Development",Intermediate,Reading,1
STU03332,"Web Development, Cloud Computing",Beginner,practical,0
STU03333,"DevOps, Machine Learning, Data Science",Intermediate,practical,1
STU03334,"Artificial Intelligence, DevOps",Advanced,practical,2
STU03335,"Data Science, Data Analytics, Software Development",Beginner,Reading,0
STU03336,"Data Science, Python, Data Analytics",Advanced,practical,2
STU03337,"Software Development, Deep Learning, Cloud Computing",Beginner,practical,0
STU03338,DevOps,Beginner,practical,0
STU03339,Artificial Intelligence,Advanced,practical,2
STU03340,"Machine Learning, Python",Advanced,Reading,2
STU03341,Artificial Intelligence,Intermediate,practical,1
STU03342,"Cybersecurity, Data Analytics",Beginner,Reading,0
STU03343,"Python, Data Analytics",Advanced,practical,2
STU03344,"Artificial Intelligence, SQL, Data Analytics",Advanced,Visual,2
STU03345,Machine Learning,Intermediate,Reading,1
STU03346,"Data Analytics, Data Science",Intermediate,Reading,1
STU03347,"SQL, Artificial Intelligence",Intermediate,practical,1
STU03348,Machine Learning,Beginner,Visual,0
STU03349,"Artificial Intelligence, Cloud Computing",Intermediate,Reading,1
STU03350,"Deep Learning, Machine Learning",Beginner,Reading,0
STU03351,DevOps,Beginner,practical,0
STU03352,"Software Development, Web Development",Intermediate,practical,1
STU03353,Data Science,Advanced,practical,2
STU03354,SQL,Advanced,Reading,2
STU03355,"Data Science, Cybersecurity, Data Analytics",Intermediate,Reading,1
STU03356,"DevOps, Artificial Intelligence, Software Development",Beginner,practical,0
STU03357,SQL,Advanced,Reading,2
STU03358,Machine Learning,Advanced,practical,2
STU03359,SQL,Beginner,practical,0
STU03360,"Machine Learning, DevOps, SQL",Intermediate,Visual,1
STU03361,"Data Science, Python",Beginner,Visual,0
STU03362,"Data Analytics, SQL",Intermediate,Visual,1
STU03363,Data Science,Beginner,practical,0
STU03364,"Python, Artificial Intelligence, Deep Learning",Intermediate,Reading,1
STU03365,"Artificial Intelligence, Python, Cybersecurity",Intermediate,practical,1
STU03366,"DevOps, Deep Learning, Artificial Intelligence",Advanced,practical,2
STU03367,"Python, Deep Learning",Advanced,practical,2
STU03368,"Cloud Computing, Data Analytics, Web Development",Beginner,Reading,0
STU03369,"Data Science, Web Development, Deep Learning",Advanced,Reading,2
STU03370,Python,Intermediate,practical,1
STU03371,"Cloud Computing, Web Development, Cybersecurity",Intermediate,practical,1
STU03372,SQL,Intermediate,practical,1
STU03373,"Artificial Intelligence, SQL",Beginner,practical,0
STU03374,DevOps,Beginner,Visual,0
STU03375,Data Analytics,Advanced,Reading,2
STU03376,"Machine Learning, Cybersecurity",Intermediate,Reading,1
STU03377,"Deep Learning, Python, Web Development",Beginner,Visual,0
STU03378,"Artificial Intelligence, Python",Advanced,Reading,2
STU03379,"Cybersecurity, SQL",Intermediate,practical,1
STU03380,Machine Learning,Beginner,practical,0
STU03381,Data Science,Beginner,Visual,0
STU03382,Deep Learning,Beginner,Reading,0
STU03383,"Machine Learning, Cloud Computing",Advanced,Visual,2
STU03384,"Software Development, Cloud Computing, Cybersecurity",Advanced,practical,2
STU03385,Cloud Computing,Advanced,Reading,2
STU03386,"Cybersecurity, Deep Learning",Advanced,Reading,2
STU03387,"Web Development, Artificial Intelligence, Python",Beginner,practical,0
STU03388,"Machine Learning, Deep Learning, DevOps",Beginner,Reading,0
STU03389,Cybersecurity,Advanced,practical,2
STU03390,"Artificial Intelligence, Data Science, Software Development",Advanced,practical,2
STU03391,Cybersecurity,Intermediate,practical,1
STU03392,"Artificial Intelligence, Deep Learning",Advanced,Visual,2
STU03393,Data Analytics,Advanced,practical,2
STU03394,"Python, Deep Learning, Cybersecurity",Advanced,Reading,2
STU03395,"Data Science, SQL",Intermediate,practical,1
STU03396,Python,Beginner,Reading,0
STU03397,Artificial Intelligence,Beginner,Visual,0
STU03398,"Machine Learning, Software Development",Advanced,practical,2
STU03399,Machine Learning,Advanced,Visual,2
STU03400,"Web Development, Machine Learning, Python",Advanced,Visual,2
STU03401,"SQL, Web Development",Intermediate,Reading,1
STU03402,"Cybersecurity, Cloud Computing",Advanced,practical,2
STU03403,"SQL, Data Science, DevOps",Beginner,practical,0
STU03404,"Cloud Computing, Python, DevOps",Advanced,practical,2
STU03405,"Web Development, Machine Learning, Python",Intermediate,Reading,1
STU03406,Machine Learning,Advanced,Visual,2
STU03407,"Data Science, Cloud Computing",Advanced,Reading,2
STU03408,"Python, Software Development",Intermediate,practical,1
STU03409,"Cloud Computing, Data Analytics",Beginner,practical,0
STU03410,"Data Science, Cloud Computing, Machine Learning",Intermediate,Visual,1
STU03411,Cloud Computing,Intermediate,practical,1
STU03412,"SQL, Machine Learning, Cloud Computing",Advanced,Visual,2
STU03413,"Python, Cybersecurity, DevOps",Intermediate,Visual,1
STU03414,Data Science,Beginner,Visual,0
STU03415,Cloud Computing,Advanced,practical,2
STU03416,"Data Analytics, Cloud Computing",Intermediate,Reading,1
STU03417,"Cloud Computing, Cybersecurity",Intermediate,Reading,1
STU03418,"Machine Learning, Artificial Intelligence, Data Analytics",Beginner,practical,0
STU03419,"Web Development, Machine Learning, SQL",Beginner,Reading,0
STU03420,"Artificial Intelligence, Web Development, Cloud Computing",Intermediate,Reading,1
STU03421,"DevOps, Data Science",Advanced,Visual,2
STU03422,"Python, SQL, Web Development",Intermediate,Reading,1
STU03423,"Cloud Computing, Python",Intermediate,Visual,1
STU03424,"DevOps, Artificial Intelligence",Beginner,Reading,0
STU03425,"Data Science, Artificial Intelligence, Web Development",Advanced,practical,2
STU03426,"SQL, Artificial Intelligence, DevOps",Intermediate,Visual,1
STU03427,"Data Science, Web Development",Intermediate,Visual,1
STU03428,"Python, Deep Learning, Cloud Computing",Advanced,Reading,2
STU03429,Web Development,Advanced,Reading,2
STU03430,"Software Development, DevOps, Data Science",Beginner,practical,0
STU03431,Cybersecurity,Advanced,Visual,2
STU03432,"Python, Machine Learning",Advanced,Reading,2
STU03433,"Deep Learning, Machine Learning",Intermediate,Reading,1
STU03434,"Data Science, Data Analytics",Advanced,Reading,2
STU03435,"Software Development, Data Analytics",Beginner,Reading,0
STU03436,Data Science,Intermediate,Visual,1
STU03437,Cybersecurity,Beginner,Reading,0
STU03438,"Cybersecurity, SQL, Data Analytics",Beginner,practical,0
STU03439,"Artificial Intelligence, Data Science, Deep Learning",Advanced,practical,2
STU03440,Deep Learning,Intermediate,Visual,1
STU03441,SQL,Advanced,Reading,2
STU03442,"Software Development, Artificial Intelligence, SQL",Intermediate,Visual,1
STU03443,"Artificial Intelligence, SQL",Advanced,practical,2
STU03444,"Software Development, Web Development, DevOps",Advanced,Visual,2
STU03445,"Web Development, Cloud Computing",Intermediate,Reading,1
STU03446,"Artificial Intelligence, Data Science",Advanced,practical,2
STU03447,"Data Science, DevOps",Advanced,practical,2
STU03448,"Machine Learning, Cloud Computing, SQL",Beginner,Reading,0
STU03449,"DevOps, Data Analytics, Web Development",Intermediate,practical,1
STU03450,"Python, Data Science, Cloud Computing",Advanced,Reading,2
STU03451,"Artificial Intelligence, Deep Learning",Intermediate,practical,1
STU03452,Data Analytics,Intermediate,practical,1
STU03453,DevOps,Intermediate,Reading,1
STU03454,Data Analytics,Beginner,Visual,0
STU03455,"Deep Learning, Software Development",Beginner,Reading,0
STU03456,"DevOps, Deep Learning",Beginner,Reading,0
STU03457,DevOps,Advanced,Reading,2
STU03458,Cybersecurity,Beginner,Reading,0
STU03459,"Software Development, Data Science, Cloud Computing",Intermediate,practical,1
STU03460,"Data Analytics, Web Development, Artificial Intelligence",Advanced,practical,2
STU03461,"Python, Cybersecurity",Advanced,practical,2
STU03462,Cloud Computing,Intermediate,Reading,1
STU03463,"Software Development, Cybersecurity",Advanced,Reading,2
STU03464,DevOps,Advanced,Visual,2
STU03465,"Python, Machine Learning, Artificial Intelligence",Intermediate,practical,1
STU03466,"Cybersecurity, Python",Intermediate,practical,1
STU03467,"SQL, Web Development, Software Development",Intermediate,Reading,1
STU03468,"Software Development, Python",Intermediate,Reading,1
STU03469,Software Development,Beginner,Reading,0
STU03470,"Python, Deep Learning",Intermediate,Visual,1
STU03471,"Web Development, Software Development, Python",Advanced,Reading,2
STU03472,"Cloud Computing, Python",Advanced,practical,2
STU03473,"Software Development, Web Development",Beginner,practical,0
STU03474,"Web Development, DevOps",Beginner,Reading,0
STU03475,"Deep Learning, Cybersecurity, Software Development",Intermediate,practical,1
STU03476,Artificial Intelligence,Intermediate,Visual,1
STU03477,"Artificial Intelligence, Deep Learning",Beginner,practical,0
STU03478,"Artificial Intelligence, Machine Learning",Advanced,practical,2
STU03479,Data Analytics,Beginner,Visual,0
STU03480,"Web Development, DevOps, Software Development",Beginner,Reading,0
STU03481,"SQL, Machine Learning, Data Science",Advanced,practical,2
STU03482,Machine Learning,Beginner,Reading,0
STU03483,"Artificial Intelligence, DevOps, Software Development",Intermediate,Visual,1
STU03484,"SQL, DevOps",Advanced,Visual,2
STU03485,"Artificial Intelligence, Data Analytics, Python",Intermediate,Reading,1
STU03486,"SQL, Deep Learning",Intermediate,Reading,1
STU03487,Artificial Intelligence,Advanced,Visual,2
STU03488,DevOps,Intermediate,practical,1
STU03489,"SQL, Machine Learning",Advanced,Visual,2
STU03490,Cloud Computing,Intermediate,practical,1
STU03491,"Python, Data Analytics, DevOps",Beginner,practical,0
STU03492,"Artificial Intelligence, Cloud Computing, Deep Learning",Beginner,practical,0
STU03493,Web Development,Advanced,practical,2
STU03494,SQL,Advanced,Reading,2
STU03495,Cybersecurity,Advanced,Visual,2
STU03496,"Machine Learning, Web Development",Advanced,Reading,2
STU03497,"Data Science, Software Development",Beginner,Visual,0
STU03498,"Software Development, SQL, Artificial Intelligence",Intermediate,Reading,1
STU03499,Software Development,Advanced,Visual,2
STU03500,"Python, Cybersecurity",Beginner,Visual,0
STU03501,"SQL, Software Development, Cybersecurity",Beginner,Reading,0
STU03502,Artificial Intelligence,Beginner,Visual,0
STU03503,Artificial Intelligence,Intermediate,Reading,1
STU03504,"DevOps, SQL, Data Analytics",Beginner,Visual,0
STU03505,"Data Analytics, Data Science, Machine Learning",Advanced,Visual,2
STU03506,"SQL, Web Development, Artificial Intelligence",Intermediate,Reading,1
STU03507,"Deep Learning, Artificial Intelligence",Advanced,Reading,2
STU03508,Cybersecurity,Beginner,practical,0
STU03509,Data Analytics,Intermediate,practical,1
STU03510,"Software Development, Cloud Computing",Advanced,Reading,2
STU03511,"Cloud Computing, Deep Learning, Artificial Intelligence",Intermediate,Reading,1
STU03512,"Cloud Computing, SQL",Beginner,Visual,0
STU03513,"Machine Learning, Artificial Intelligence, Data Analytics",Beginner,practical,0
STU03514,"Data Analytics, Cloud Computing, Cybersecurity",Intermediate,practical,1
STU03515,Cybersecurity,Advanced,Reading,2
STU03516,"Python, Machine Learning",Advanced,Reading,2
STU03517,Data Science,Beginner,practical,0
STU03518,"Deep Learning, Python, Cybersecurity",Intermediate,Visual,1
STU03519,"Cybersecurity, Deep Learning",Beginner,practical,0
STU03520,SQL,Beginner,practical,0
STU03521,SQL,Advanced,Visual,2
STU03522,Deep Learning,Beginner,Visual,0
STU03523,"Artificial Intelligence, Data Science, Web Development",Intermediate,practical,1
STU03524,Data Analytics,Beginner,Reading,0
STU03525,"Cloud Computing, Web Development",Intermediate,Visual,1
STU03526,SQL,Intermediate,Reading,1
STU03527,"Cybersecurity, Cloud Computing, Python",Advanced,practical,2
STU03528,Web Development,Advanced,Reading,2
STU03529,"Web Development, SQL",Advanced,Visual,2
STU03530,"Machine Learning, Cybersecurity",Intermediate,Reading,1
STU03531,Machine Learning,Advanced,practical,2
STU03532,Artificial Intelligence,Beginner,Visual,0
STU03533,"SQL, Deep Learning",Intermediate,Visual,1
STU03534,"Machine Learning, Data Analytics",Advanced,practical,2
STU03535,"Machine Learning, Data Science",Intermediate,practical,1
STU03536,Web Development,Advanced,Reading,2
STU03537,Python,Beginner,Visual,0
STU03538,"Data Analytics, Python, DevOps",Advanced,Visual,2
STU03539,Software Development,Advanced,Visual,2
STU03540,"SQL, Data Science",Intermediate,practical,1
STU03541,DevOps,Advanced,Reading,2
STU03542,Data Analytics,Advanced,Reading,2
STU03543,"DevOps, Machine Learning, Data Science",Advanced,practical,2
STU03544,"DevOps, Web Development",Beginner,Reading,0
STU03545,"DevOps, SQL",Intermediate,Reading,1
STU03546,Python,Intermediate,Visual,1
STU03547,Data Science,Advanced,Reading,2
STU03548,"Cloud Computing, DevOps, Software Development",Beginner,Visual,0
STU03549,"SQL, Deep Learning",Advanced,Reading,2
STU03550,"Cloud Computing, Software Development",Beginner,Reading,0
STU03551,"Machine Learning, Data Science, Data Analytics",Advanced,Visual,2
STU03552,"Software Development, Machine Learning",Advanced,Reading,2
STU03553,"Python, Cybersecurity",Beginner,Visual,0
STU03554,"Web Development, Data Analytics",Beginner,practical,0
STU03555,Artificial Intelligence,Intermediate,Reading,1
STU03556,"DevOps, Web Development, Data Analytics",Advanced,Visual,2
STU03557,"Web Development, Python",Intermediate,Visual,1
STU03558,"DevOps, Software Development, Data Science",Beginner,practical,0
STU03559,"Data Science, Deep Learning, Software Development",Intermediate,practical,1
STU03560,"Machine Learning, Data Analytics",Intermediate,practical,1
STU03561,"SQL, Web Development",Advanced,Visual,2
STU03562,"SQL, Deep Learning, Software Development",Intermediate,Visual,1
STU03563,"Artificial Intelligence, DevOps",Intermediate,Reading,1
STU03564,"Data Science, Cloud Computing",Beginner,practical,0
STU03565,"SQL, Data Analytics, Python",Beginner,Visual,0
STU03566,"SQL, Web Development",Intermediate,Reading,1
STU03567,"DevOps, Artificial Intelligence",Beginner,practical,0
STU03568,"Software Development, Cybersecurity",Intermediate,Reading,1
STU03569,"Software Development, DevOps",Beginner,Visual,0
STU03570,Artificial Intelligence,Beginner,Visual,0
STU03571,Artificial Intelligence,Intermediate,Reading,1
STU03572,Deep Learning,Beginner,practical,0
STU03573,Machine Learning,Beginner,Visual,0
STU03574,"Cybersecurity, Web Development, Python",Beginner,Visual,0
STU03575,"Machine Learning, SQL, Data Analytics",Advanced,practical,2
STU03576,"Deep Learning, Machine Learning",Advanced,Visual,2
STU03577,"Web Development, Python, Cybersecurity",Intermediate,Reading,1
STU03578,"Cybersecurity, Web Development",Intermediate,Reading,1
STU03579,"DevOps, Cloud Computing",Beginner,Reading,0
STU03580,"Data Science, Cloud Computing, Data Analytics",Intermediate,Reading,1
STU03581,"Artificial Intelligence, Deep Learning, Data Science",Intermediate,Reading,1
STU03582,"Software Development, Machine Learning, SQL",Intermediate,Visual,1
STU03583,"Software Development, Data Analytics",Advanced,practical,2
STU03584,DevOps,Advanced,Reading,2
STU03585,"Python, DevOps, Artificial Intelligence",Intermediate,Visual,1
STU03586,Data Analytics,Intermediate,Reading,1
STU03587,"Deep Learning, Data Science",Intermediate,Visual,1
STU03588,"Python, Artificial Intelligence",Intermediate,Visual,1
STU03589,"DevOps, Deep Learning, Data Science",Intermediate,Reading,1
STU03590,"Data Science, Cybersecurity",Intermediate,Reading,1
STU03591,DevOps,Advanced,practical,2
STU03592,"Data Analytics, Software Development",Advanced,Reading,2
STU03593,"SQL, Data Analytics, Software Development",Intermediate,Reading,1
STU03594,Artificial Intelligence,Advanced,practical,2
STU03595,"Cloud Computing, Machine Learning, Deep Learning",Beginner,Visual,0
STU03596,"Cybersecurity, Cloud Computing",Advanced,Reading,2
STU03597,"Data Science, Artificial Intelligence",Intermediate,practical,1
STU03598,DevOps,Advanced,Reading,2
STU03599,Cybersecurity,Intermediate,practical,1
STU03600,"Cloud Computing, Data Analytics, DevOps",Intermediate,Visual,1
STU03601,"Web Development, Python, Cloud Computing",Advanced,Reading,2
STU03602,SQL,Advanced,Visual,2
STU03603,"DevOps, Python",Beginner,practical,0
STU03604,"Deep Learning, Software Development, SQL",Advanced,Reading,2
STU03605,SQL,Advanced,Visual,2
STU03606,"Artificial Intelligence, DevOps, Cybersecurity",Beginner,Reading,0
STU03607,"Python, Software Development",Beginner,Reading,0
STU03608,SQL,Intermediate,Reading,1
STU03609,"Deep Learning, Python",Intermediate,Reading,1
STU03610,Web Development,Intermediate,Reading,1
STU03611,"Data Analytics, SQL, Artificial Intelligence",Advanced,Reading,2
STU03612,"Web Development, DevOps, SQL",Advanced,Reading,2
STU03613,"Deep Learning, Python",Advanced,practical,2
STU03614,Deep Learning,Intermediate,Reading,1
STU03615,"Software Development, Deep Learning, SQL",Beginner,Visual,0
STU03616,"SQL, Data Analytics",Advanced,Visual,2
STU03617,"SQL, Software Development, Cybersecurity",Advanced,Visual,2
STU03618,"Artificial Intelligence, DevOps, Cybersecurity",Advanced,practical,2
STU03619,"Data Science, Cloud Computing",Beginner,practical,0
STU03620,Python,Advanced,Reading,2
STU03621,"DevOps, Python, SQL",Intermediate,practical,1
STU03622,"Software Development, DevOps",Advanced,practical,2
STU03623,"Cloud Computing, Deep Learning, Cybersecurity",Beginner,Reading,0
STU03624,Deep Learning,Advanced,practical,2
STU03625,"SQL, Deep Learning",Advanced,Reading,2
STU03626,SQL,Advanced,Visual,2
STU03627,"DevOps, Cloud Computing, Software Development",Beginner,practical,0
STU03628,DevOps,Advanced,Reading,2
STU03629,"DevOps, Deep Learning, Cybersecurity",Intermediate,practical,1
STU03630,Cloud Computing,Intermediate,Visual,1
STU03631,Data Science,Intermediate,Visual,1
STU03632,Cybersecurity,Beginner,practical,0
STU03633,"Artificial Intelligence, Data Science, Cloud Computing",Intermediate,Reading,1
STU03634,"Cloud Computing, Data Analytics",Beginner,Visual,0
STU03635,Data Analytics,Intermediate,Visual,1
STU03636,"Web Development, Deep Learning",Intermediate,Visual,1
STU03637,DevOps,Beginner,Visual,0
STU03638,"Machine Learning, Cybersecurity, Python",Intermediate,Reading,1
STU03639,SQL,Beginner,Visual,0
STU03640,"Artificial Intelligence, Deep Learning",Intermediate,practical,1
STU03641,"Data Science, Deep Learning, Web Development",Advanced,practical,2
STU03642,"Web Development, Software Development, Data Analytics",Intermediate,Reading,1
STU03643,"Artificial Intelligence, Cloud Computing",Intermediate,practical,1
STU03644,Software Development,Intermediate,Reading,1
STU03645,Machine Learning,Beginner,practical,0
STU03646,Data Science,Advanced,Visual,2
STU03647,"DevOps, Data Analytics, Cybersecurity",Beginner,Reading,0
STU03648,"Web Development, Artificial Intelligence",Advanced,Reading,2
STU03649,"Software Development, Web Development",Intermediate,Visual,1
STU03650,"DevOps, Data Science, Cloud Computing",Intermediate,Visual,1
STU03651,Python,Intermediate,Visual,1
STU03652,Artificial Intelligence,Intermediate,Visual,1
STU03653,"Artificial Intelligence, Cybersecurity, Software Development",Intermediate,Visual,1
STU03654,"SQL, Software Development, Machine Learning",Beginner,Reading,0
STU03655,Cloud Computing,Advanced,Visual,2
STU03656,"Machine Learning, Deep Learning, Web Development",Beginner,Visual,0
STU03657,Data Analytics,Beginner,Visual,0
STU03658,"Artificial Intelligence, Data Science",Intermediate,Reading,1
STU03659,"SQL, Software Development, Artificial Intelligence",Advanced,Visual,2
STU03660,"Artificial Intelligence, Web Development",Intermediate,Reading,1
STU03661,"Data Science, Artificial Intelligence, Cybersecurity",Beginner,practical,0
STU03662,"Web Development, Python",Beginner,Visual,0
STU03663,"Software Development, Data Analytics",Beginner,Visual,0
STU03664,"DevOps, Machine Learning, Data Science",Advanced,Reading,2
STU03665,"Cybersecurity, SQL",Beginner,practical,0
STU03666,"Data Analytics, Cloud Computing",Intermediate,practical,1
STU03667,"Deep Learning, Software Development, Data Analytics",Beginner,Visual,0
STU03668,"Python, Web Development, Machine Learning",Intermediate,practical,1
STU03669,Machine Learning,Advanced,Visual,2
STU03670,Cloud Computing,Advanced,practical,2
STU03671,Artificial Intelligence,Advanced,Visual,2
STU03672,"SQL, Data Science",Intermediate,Reading,1
STU03673,"Data Science, DevOps, Cloud Computing",Advanced,Visual,2
STU03674,"Data Science, DevOps, Machine Learning",Intermediate,Reading,1
STU03675,"Cybersecurity, Cloud Computing",Beginner,Reading,0
STU03676,"Machine Learning, Cloud Computing",Beginner,practical,0
STU03677,"DevOps, Data Science",Beginner,Visual,0
STU03678,"SQL, Software Development, Cloud Computing",Beginner,practical,0
STU03679,"Software Development, Python, DevOps",Advanced,practical,2
STU03680,Web Development,Intermediate,Visual,1
STU03681,Data Analytics,Intermediate,Visual,1
STU03682,"SQL, Cybersecurity, Python",Advanced,Visual,2
STU03683,DevOps,Advanced,practical,2
STU03684,"DevOps, Data Science, Software Development",Advanced,practical,2
STU03685,Cloud Computing,Advanced,practical,2
STU03686,"DevOps, Web Development, Artificial Intelligence",Intermediate,Visual,1
STU03687,Web Development,Beginner,Reading,0
STU03688,DevOps,Intermediate,Visual,1
STU03689,"Cybersecurity, Data Science",Beginner,Reading,0
STU03690,"Data Science, Web Development, Machine Learning",Beginner,Visual,0
STU03691,Cloud Computing,Beginner,Visual,0
STU03692,"Data Analytics, Machine Learning",Beginner,practical,0
STU03693,Web Development,Beginner,Visual,0
STU03694,"Deep Learning, DevOps",Intermediate,Visual,1
STU03695,"Cybersecurity, Cloud Computing",Beginner,Visual,0
STU03696,"Data Analytics, Data Science",Advanced,Visual,2
STU03697,Cloud Computing,Beginner,Reading,0
STU03698,"Machine Learning, Software Development",Intermediate,Visual,1
STU03699,"Cloud Computing, Data Science",Intermediate,Visual,1
STU03700,"Data Science, Cybersecurity, Python",Beginner,Reading,0
STU03701,"Cloud Computing, Data Analytics",Beginner,Reading,0
STU03702,"SQL, Machine Learning",Intermediate,practical,1
STU03703,Software Development,Advanced,practical,2
STU03704,"Artificial Intelligence, DevOps",Beginner,Reading,0
STU03705,"Deep Learning, DevOps",Beginner,practical,0
STU03706,"Machine Learning, DevOps, Cybersecurity",Advanced,Visual,2
STU03707,"Cloud Computing, Data Science",Intermediate,practical,1
STU03708,"Cybersecurity, Machine Learning",Advanced,practical,2
STU03709,"Data Science, DevOps, Machine Learning",Advanced,practical,2
STU03710,"Data Analytics, Cloud Computing",Beginner,Visual,0
STU03711,"Software Development, Python",Advanced,Reading,2
STU03712,"Machine Learning, Web Development, DevOps",Intermediate,Reading,1
STU03713,"Data Analytics, Cloud Computing, Python",Beginner,Reading,0
STU03714,Deep Learning,Intermediate,practical,1
STU03715,Python,Beginner,Reading,0
STU03716,Deep Learning,Intermediate,Reading,1
STU03717,"Python, Machine Learning, DevOps",Advanced,Reading,2
STU03718,"Artificial Intelligence, Cybersecurity, Deep Learning",Beginner,Visual,0
STU03719,"Data Science, Deep Learning, Artificial Intelligence",Intermediate,Reading,1
STU03720,Cloud Computing,Advanced,Reading,2
STU03721,"Artificial Intelligence, DevOps",Intermediate,practical,1
STU03722,Machine Learning,Advanced,practical,2
STU03723,"Software Development, SQL",Beginner,practical,0
STU03724,SQL,Advanced,Visual,2
STU03725,SQL,Advanced,Visual,2
STU03726,Software Development,Beginner,practical,0
STU03727,"Data Analytics, SQL",Intermediate,Visual,1
STU03728,Data Analytics,Advanced,practical,2
STU03729,"Data Analytics, Cybersecurity",Advanced,Reading,2
STU03730,"DevOps, Python, SQL",Beginner,Reading,0
STU03731,"Deep Learning, Artificial Intelligence",Intermediate,Reading,1
STU03732,"Cloud Computing, Deep Learning, DevOps",Intermediate,practical,1
STU03733,"Web Development, SQL, Data Science",Intermediate,Reading,1
STU03734,"Artificial Intelligence, Data Analytics",Advanced,Visual,2
STU03735,"Cloud Computing, Artificial Intelligence",Beginner,practical,0
STU03736,"Web Development, Software Development",Intermediate,practical,1
STU03737,"Cloud Computing, Machine Learning",Intermediate,Visual,1
STU03738,Data Science,Advanced,Visual,2
STU03739,"Machine Learning, Artificial Intelligence",Beginner,Visual,0
STU03740,"Data Science, Data Analytics, Cybersecurity",Advanced,Reading,2
STU03741,"Data Science, Python",Intermediate,Reading,1
STU03742,"Data Analytics, Machine Learning",Beginner,Visual,0
STU03743,Machine Learning,Advanced,Reading,2
STU03744,"Data Science, Data Analytics, Artificial Intelligence",Intermediate,Reading,1
STU03745,Data Analytics,Intermediate,Visual,1
STU03746,Python,Advanced,practical,2
STU03747,SQL,Advanced,practical,2
STU03748,"Cloud Computing, Artificial Intelligence, SQL",Beginner,practical,0
STU03749,"Machine Learning, Data Analytics, Software Development",Advanced,Visual,2
STU03750,Web Development,Intermediate,practical,1
STU03751,"Cybersecurity, Python",Intermediate,Reading,1
STU03752,Deep Learning,Beginner,Visual,0
STU03753,"DevOps, Deep Learning",Beginner,Reading,0
STU03754,Software Development,Advanced,Reading,2
STU03755,"Cloud Computing, Python",Advanced,practical,2
STU03756,"Cybersecurity, Artificial Intelligence, Software Development",Advanced,Visual,2
STU03757,Data Science,Intermediate,Reading,1
STU03758,Web Development,Advanced,Visual,2
STU03759,"Software Development, Cloud Computing",Advanced,Reading,2
STU03760,Data Science,Intermediate,Visual,1
STU03761,"SQL, Web Development",Advanced,Reading,2
STU03762,"DevOps, SQL",Intermediate,practical,1
STU03763,"Python, Machine Learning",Beginner,practical,0
STU03764,Machine Learning,Beginner,Visual,0
STU03765,Deep Learning,Advanced,Visual,2
STU03766,"Web Development, Software Development",Beginner,practical,0
STU03767,"Data Science, Deep Learning",Advanced,practical,2
STU03768,SQL,Advanced,Reading,2
STU03769,"Artificial Intelligence, Cybersecurity, Deep Learning",Intermediate,Reading,1
STU03770,"Machine Learning, Artificial Intelligence, Deep Learning",Intermediate,Reading,1
STU03771,"DevOps, Data Analytics",Intermediate,Visual,1
STU03772,Artificial Intelligence,Advanced,Visual,2
STU03773,"Data Analytics, Cloud Computing, Deep Learning",Intermediate,practical,1
STU03774,Cloud Computing,Beginner,practical,0
STU03775,"Data Analytics, Deep Learning, Cybersecurity",Intermediate,Reading,1
STU03776,"Machine Learning, Cybersecurity, Web Development",Intermediate,practical,1
STU03777,Web Development,Beginner,Reading,0
STU03778,"DevOps, SQL, Data Science",Beginner,practical,0
STU03779,"Data Analytics, SQL, Data Science",Advanced,practical,2
STU03780,Data Analytics,Advanced,practical,2
STU03781,DevOps,Intermediate,practical,1
STU03782,"Data Science, Cloud Computing, SQL",Advanced,Visual,2
STU03783,DevOps,Advanced,Reading,2
STU03784,"Machine Learning, DevOps, Data Science",Intermediate,Visual,1
STU03785,Machine Learning,Intermediate,practical,1
STU03786,"Machine Learning, Web Development",Intermediate,Reading,1
STU03787,"Artificial Intelligence, SQL, Data Science",Intermediate,practical,1
STU03788,"Artificial Intelligence, Software Development",Intermediate,Visual,1
STU03789,Artificial Intelligence,Beginner,Visual,0
STU03790,Software Development,Intermediate,Reading,1
STU03791,"Data Science, Python, Cybersecurity",Advanced,practical,2
STU03792,Web Development,Advanced,Reading,2
STU03793,"Deep Learning, Python",Beginner,Reading,0
STU03794,"Cloud Computing, DevOps",Advanced,practical,2
STU03795,"Data Analytics, Data Science",Intermediate,Reading,1
STU03796,"Cybersecurity, DevOps, Data Science",Intermediate,practical,1
STU03797,"Machine Learning, Cybersecurity, SQL",Intermediate,practical,1
STU03798,"Python, Artificial Intelligence, DevOps",Beginner,Visual,0
STU03799,"Deep Learning, Artificial Intelligence, Software Development",Beginner,Visual,0
STU03800,"Software Development, Data Science, DevOps",Beginner,Reading,0
STU03801,"Web Development, Python",Advanced,practical,2
STU03802,"Python, Data Analytics, Web Development",Intermediate,Visual,1
STU03803,"Cybersecurity, DevOps",Beginner,practical,0
STU03804,"Data Science, Machine Learning, DevOps",Beginner,practical,0
STU03805,"Machine Learning, Data Analytics, Cybersecurity",Intermediate,practical,1
STU03806,Machine Learning,Beginner,Reading,0
STU03807,Deep Learning,Beginner,Visual,0
STU03808,"Cybersecurity, Artificial Intelligence, Software Development",Advanced,Reading,2
STU03809,Python,Beginner,practical,0
STU03810,"Data Science, SQL",Intermediate,Visual,1
STU03811,"Python, SQL",Intermediate,Reading,1
STU03812,"Data Science, DevOps",Advanced,Reading,2
STU03813,"Cloud Computing, Data Science",Intermediate,Visual,1
STU03814,"Web Development, Machine Learning",Intermediate,Reading,1
STU03815,Cloud Computing,Advanced,practical,2
STU03816,"Cloud Computing, Artificial Intelligence, Machine Learning",Advanced,Reading,2
STU03817,"Data Science, Artificial Intelligence, Data Analytics",Advanced,Reading,2
STU03818,Machine Learning,Intermediate,Reading,1
STU03819,"Cybersecurity, Artificial Intelligence",Intermediate,Reading,1
STU03820,"Machine Learning, Data Science",Intermediate,Reading,1
STU03821,"Machine Learning, Software Development, Cloud Computing",Beginner,practical,0
STU03822,Software Development,Beginner,practical,0
STU03823,"Web Development, Python",Advanced,Visual,2
STU03824,"Artificial Intelligence, DevOps, SQL",Advanced,Reading,2
STU03825,"DevOps, Web Development",Intermediate,Reading,1
STU03826,"Web Development, SQL, DevOps",Beginner,Reading,0
STU03827,"Artificial Intelligence, Deep Learning",Advanced,Reading,2
STU03828,"Cloud Computing, Software Development, Python",Beginner,Reading,0
STU03829,Software Development,Intermediate,practical,1
STU03830,"Python, Web Development, Artificial Intelligence",Intermediate,Reading,1
STU03831,Deep Learning,Beginner,Visual,0
STU03832,Deep Learning,Beginner,Visual,0
STU03833,"Web Development, Cloud Computing, Artificial Intelligence",Beginner,Reading,0
STU03834,Artificial Intelligence,Intermediate,Visual,1
STU03835,"Deep Learning, Machine Learning",Advanced,practical,2
STU03836,"Cloud Computing, Software Development, SQL",Intermediate,Reading,1
STU03837,"SQL, Software Development",Advanced,Reading,2
STU03838,"Machine Learning, Deep Learning",Beginner,practical,0
STU03839,"Web Development, Software Development, Data Analytics",Beginner,Visual,0
STU03840,"Machine Learning, Software Development",Advanced,practical,2
STU03841,Deep Learning,Intermediate,Visual,1
STU03842,Python,Advanced,practical,2
STU03843,"SQL, Artificial Intelligence",Beginner,Reading,0
STU03844,Data Analytics,Intermediate,Reading,1
STU03845,Software Development,Advanced,Reading,2
STU03846,"Cybersecurity, Artificial Intelligence",Beginner,Reading,0
STU03847,Python,Advanced,practical,2
STU03848,"Artificial Intelligence, Machine Learning",Advanced,Visual,2
STU03849,"Data Analytics, DevOps",Intermediate,Reading,1
STU03850,"Machine Learning, Deep Learning",Advanced,Reading,2
STU03851,"Software Development, DevOps, Python",Beginner,practical,0
STU03852,"Software Development, Cybersecurity, DevOps",Intermediate,Visual,1
STU03853,"Artificial Intelligence, Python, DevOps",Advanced,Visual,2
STU03854,"Artificial Intelligence, Machine Learning",Beginner,Visual,0
STU03855,"Data Analytics, Python",Intermediate,Reading,1
STU03856,"Cloud Computing, Data Analytics",Advanced,practical,2
STU03857,"Python, Machine Learning, DevOps",Beginner,Reading,0
STU03858,DevOps,Advanced,practical,2
STU03859,"Data Science, Data Analytics, Python",Intermediate,Visual,1
STU03860,"Data Science, DevOps",Intermediate,practical,1
STU03861,"Machine Learning, Software Development",Advanced,practical,2
STU03862,DevOps,Advanced,Visual,2
STU03863,Deep Learning,Advanced,practical,2
STU03864,"SQL, Python",Beginner,Reading,0
STU03865,"Web Development, Deep Learning, Cybersecurity",Intermediate,practical,1
STU03866,Artificial Intelligence,Beginner,Reading,0
STU03867,"Machine Learning, Deep Learning, Cybersecurity",Beginner,Visual,0
STU03868,"Python, Cybersecurity",Beginner,practical,0
STU03869,Python,Intermediate,practical,1
STU03870,"Python, Machine Learning, Software Development",Beginner,practical,0
STU03871,"Web Development, Cloud Computing, SQL",Beginner,Visual,0
STU03872,"Web Development, DevOps",Advanced,Reading,2
STU03873,Deep Learning,Intermediate,Visual,1
STU03874,"Software Development, DevOps, Web Development",Intermediate,practical,1
STU03875,"Python, Cybersecurity, Machine Learning",Intermediate,Reading,1
STU03876,Software Development,Advanced,Reading,2
STU03877,"Data Analytics, Software Development",Intermediate,practical,1
STU03878,Data Science,Advanced,practical,2
STU03879,Data Analytics,Advanced,Visual,2
STU03880,"Cybersecurity, Web Development",Beginner,Visual,0
STU03881,Python,Intermediate,Reading,1
STU03882,"Deep Learning, Cybersecurity, Data Science",Intermediate,practical,1
STU03883,"Web Development, Data Science",Intermediate,practical,1
STU03884,Machine Learning,Beginner,practical,0
STU03885,Deep Learning,Advanced,Reading,2
STU03886,"Cloud Computing, Data Analytics",Advanced,practical,2
STU03887,Python,Intermediate,Reading,1
STU03888,"SQL, Data Analytics",Beginner,Reading,0
STU03889,"Machine Learning, Artificial Intelligence",Advanced,practical,2
STU03890,Cloud Computing,Advanced,Reading,2
STU03891,Data Science,Intermediate,Visual,1
STU03892,"Cloud Computing, Machine Learning, Deep Learning",Beginner,Reading,0
STU03893,"Software Development, DevOps, Cybersecurity",Beginner,Visual,0
STU03894,"Web Development, SQL",Beginner,Reading,0
STU03895,SQL,Advanced,Visual,2
STU03896,"Web Development, Artificial Intelligence, Data Analytics",Beginner,Visual,0
STU03897,"Cybersecurity, Data Analytics, Software Development",Beginner,practical,0
STU03898,Machine Learning,Beginner,Visual,0
STU03899,Data Science,Beginner,Visual,0
STU03900,"Deep Learning, Software Development",Advanced,Visual,2
STU03901,"Web Development, Data Analytics, Artificial Intelligence",Beginner,practical,0
STU03902,SQL,Beginner,practical,0
STU03903,Machine Learning,Beginner,Visual,0
STU03904,Data Science,Beginner,Visual,0
STU03905,"Python, DevOps",Beginner,practical,0
STU03906,Data Science,Advanced,Visual,2
STU03907,Web Development,Beginner,Reading,0
STU03908,"Machine Learning, Cloud Computing",Intermediate,Visual,1
STU03909,Python,Intermediate,Reading,1
STU03910,Data Science,Beginner,Visual,0
STU03911,Software Development,Intermediate,practical,1
STU03912,"Machine Learning, SQL",Advanced,practical,2
STU03913,"DevOps, Cloud Computing",Beginner,Reading,0
STU03914,"Data Science, Software Development",Advanced,practical,2
STU03915,"Python, Cybersecurity, Machine Learning",Advanced,Reading,2
STU03916,SQL,Advanced,Reading,2
STU03917,"Data Science, Python, Deep Learning",Beginner,practical,0
STU03918,"DevOps, Artificial Intelligence, Deep Learning",Beginner,practical,0
STU03919,Data Analytics,Advanced,practical,2
STU03920,"Software Development, Data Analytics",Beginner,Reading,0
STU03921,"Data Analytics, Python",Intermediate,Reading,1
STU03922,"Data Science, Cloud Computing, Machine Learning",Intermediate,Reading,1
STU03923,"Deep Learning, Artificial Intelligence",Advanced,Visual,2
STU03924,"Cybersecurity, Data Science, Data Analytics",Beginner,Visual,0
STU03925,"Web Development, Artificial Intelligence",Advanced,Visual,2
STU03926,"Data Science, Web Development",Intermediate,Reading,1
STU03927,"Python, Artificial Intelligence, Data Analytics",Advanced,Visual,2
STU03928,"Machine Learning, Cybersecurity, Data Analytics",Beginner,practical,0
STU03929,"Cybersecurity, Web Development",Advanced,Visual,2
STU03930,"Software Development, DevOps, Web Development",Beginner,Visual,0
STU03931,Web Development,Intermediate,Reading,1
STU03932,Python,Beginner,practical,0
STU03933,"Machine Learning, Data Analytics, DevOps",Advanced,Reading,2
STU03934,"Artificial Intelligence, SQL",Beginner,Visual,0
STU03935,"SQL, Cybersecurity, Software Development",Advanced,Visual,2
STU03936,"Data Analytics, DevOps",Beginner,practical,0
STU03937,Python,Beginner,Reading,0
STU03938,"Data Analytics, Python",Advanced,Visual,2
STU03939,Web Development,Intermediate,practical,1
STU03940,"Deep Learning, Cybersecurity",Beginner,Visual,0
STU03941,"Cloud Computing, Machine Learning, SQL",Beginner,Visual,0
STU03942,"Cybersecurity, Cloud Computing, Web Development",Advanced,Visual,2
STU03943,"SQL, Data Analytics",Beginner,Reading,0
STU03944,Cloud Computing,Advanced,Reading,2
STU03945,"Cybersecurity, Cloud Computing",Advanced,Reading,2
STU03946,"Artificial Intelligence, Cloud Computing, Python",Beginner,Visual,0
STU03947,"SQL, Cloud Computing, Data Science",Intermediate,Visual,1
STU03948,Data Analytics,Intermediate,Reading,1
STU03949,"Python, Cybersecurity",Intermediate,Visual,1
STU03950,Software Development,Advanced,practical,2
STU03951,"DevOps, Web Development",Beginner,Reading,0
STU03952,Artificial Intelligence,Advanced,practical,2
STU03953,"Machine Learning, Cloud Computing",Advanced,Visual,2
STU03954,Data Science,Intermediate,Visual,1
STU03955,"Python, Artificial Intelligence",Beginner,Visual,0
STU03956,"Software Development, Deep Learning, Data Science",Advanced,practical,2
STU03957,"Machine Learning, Data Analytics",Advanced,Visual,2
STU03958,"Web Development, Artificial Intelligence, Data Analytics",Advanced,Visual,2
STU03959,Web Development,Beginner,practical,0
STU03960,Cybersecurity,Beginner,Visual,0
STU03961,"DevOps, Cloud Computing, Machine Learning",Advanced,Visual,2
STU03962,"Machine Learning, Data Analytics, Artificial Intelligence",Beginner,practical,0
STU03963,Deep Learning,Beginner,practical,0
STU03964,Python,Beginner,Visual,0
STU03965,Web Development,Beginner,Reading,0
STU03966,"Cybersecurity, Machine Learning",Advanced,Reading,2
STU03967,Software Development,Beginner,Reading,0
STU03968,"SQL, Artificial Intelligence, Data Analytics",Intermediate,Visual,1
STU03969,Python,Beginner,Visual,0
STU03970,"Python, Software Development, Cloud Computing",Beginner,Visual,0
STU03971,"Machine Learning, Python",Advanced,practical,2
STU03972,Software Development,Advanced,Visual,2
STU03973,"Data Analytics, Cloud Computing",Advanced,practical,2
STU03974,"Python, Deep Learning, SQL",Intermediate,Reading,1
STU03975,Software Development,Beginner,practical,0
STU03976,"DevOps, Data Science",Advanced,Visual,2
STU03977,"SQL, Machine Learning",Advanced,practical,2
STU03978,Artificial Intelligence,Advanced,Visual,2
STU03979,"SQL, Web Development, Data Analytics",Beginner,Reading,0
STU03980,"Artificial Intelligence, Data Analytics, Python",Advanced,Visual,2
STU03981,"SQL, Cloud Computing, Machine Learning",Intermediate,Reading,1
STU03982,"Data Analytics, Cloud Computing, Cybersecurity",Beginner,Visual,0
STU03983,"Artificial Intelligence, SQL, Data Analytics",Advanced,Visual,2
STU03984,Software Development,Advanced,practical,2
STU03985,"SQL, Artificial Intelligence, Deep Learning",Advanced,Reading,2
STU03986,Data Science,Beginner,practical,0
STU03987,DevOps,Beginner,Reading,0
STU03988,"Artificial Intelligence, DevOps, Software Development",Advanced,Visual,2
STU03989,"Artificial Intelligence, Python, Deep Learning",Advanced,practical,2
STU03990,"Cybersecurity, Data Science",Advanced,Visual,2
STU03991,"SQL, Python, Data Analytics",Intermediate,practical,1
STU03992,"Software Development, SQL, Artificial Intelligence",Beginner,practical,0
STU03993,"Data Science, Machine Learning, Data Analytics",Beginner,practical,0
STU03994,Cybersecurity,Intermediate,practical,1
STU03995,DevOps,Intermediate,Reading,1
STU03996,"Data Analytics, Artificial Intelligence, Data Science",Beginner,Visual,0
STU03997,"Data Analytics, SQL, Deep Learning",Advanced,Reading,2
STU03998,"Machine Learning, Software Development, DevOps",Intermediate,practical,1
STU03999,Web Development,Intermediate,Reading,1
STU04000,"DevOps, Data Science, Artificial Intelligence",Intermediate,Visual,1
STU04001,"Cloud Computing, Software Development",Intermediate,Reading,1
STU04002,Web Development,Intermediate,practical,1
STU04003,"Web Development, Machine Learning, Data Analytics",Beginner,Reading,0
STU04004,"Cloud Computing, Data Analytics",Beginner,Reading,0
STU04005,DevOps,Intermediate,practical,1
STU04006,"Cybersecurity, Web Development",Advanced,Visual,2
STU04007,"Data Science, Python, Software Development",Intermediate,Reading,1
STU04008,"Data Analytics, SQL",Intermediate,Reading,1
STU04009,"Cloud Computing, Machine Learning, Data Analytics",Beginner,Visual,0
STU04010,"Software Development, Web Development",Advanced,practical,2
STU04011,Deep Learning,Advanced,practical,2
STU04012,"DevOps, Deep Learning",Beginner,practical,0
STU04013,"Data Science, Software Development, Web Development",Intermediate,practical,1
STU04014,Python,Advanced,Reading,2
STU04015,DevOps,Beginner,Visual,0
STU04016,Artificial Intelligence,Beginner,practical,0
STU04017,"DevOps, Machine Learning",Advanced,practical,2
STU04018,"Python, Cloud Computing, Software Development",Beginner,practical,0
STU04019,"DevOps, Cybersecurity",Beginner,Reading,0
STU04020,"SQL, Deep Learning, Software Development",Intermediate,practical,1
STU04021,Web Development,Beginner,Reading,0
STU04022,Machine Learning,Advanced,Reading,2
STU04023,"Cybersecurity, DevOps, Cloud Computing",Intermediate,Visual,1
STU04024,"Cloud Computing, Artificial Intelligence, Web Development",Beginner,Visual,0
STU04025,"SQL, Deep Learning, Data Science",Advanced,Reading,2
STU04026,Python,Beginner,practical,0
STU04027,Cybersecurity,Beginner,Visual,0
STU04028,"Data Analytics, Artificial Intelligence",Advanced,Visual,2
STU04029,"Software Development, Machine Learning",Advanced,Visual,2
STU04030,"Cybersecurity, Deep Learning, Cloud Computing",Beginner,practical,0
STU04031,SQL,Advanced,Reading,2
STU04032,"Machine Learning, Software Development, Web Development",Advanced,practical,2
STU04033,"Deep Learning, Data Analytics",Beginner,practical,0
STU04034,"SQL, Software Development",Intermediate,Visual,1
STU04035,"Artificial Intelligence, Web Development",Beginner,Reading,0
STU04036,Machine Learning,Advanced,practical,2
STU04037,Machine Learning,Beginner,Visual,0
STU04038,"Artificial Intelligence, Web Development, SQL",Beginner,Visual,0
STU04039,"SQL, DevOps, Web Development",Intermediate,practical,1
STU04040,"Machine Learning, Data Analytics",Intermediate,Reading,1
STU04041,"Web Development, Deep Learning",Advanced,Visual,2
STU04042,"Python, Deep Learning, Artificial Intelligence",Advanced,practical,2
STU04043,"Deep Learning, Data Analytics",Beginner,Reading,0
STU04044,"Cybersecurity, Web Development",Advanced,Visual,2
STU04045,"Data Science, Web Development",Advanced,practical,2
STU04046,"Python, Data Analytics, SQL",Advanced,practical,2
STU04047,"SQL, Deep Learning, Python",Advanced,Visual,2
STU04048,Deep Learning,Beginner,practical,0
STU04049,"Software Development, DevOps, Deep Learning",Advanced,practical,2
STU04050,Cybersecurity,Beginner,Reading,0
STU04051,Web Development,Intermediate,Reading,1
STU04052,"Data Analytics, Software Development",Intermediate,Reading,1
STU04053,"Deep Learning, Machine Learning, Data Analytics",Beginner,practical,0
STU04054,"Data Analytics, Data Science, Deep Learning",Intermediate,Visual,1
STU04055,"SQL, Machine Learning",Intermediate,practical,1
STU04056,"Deep Learning, Software Development, Cloud Computing",Intermediate,Visual,1
STU04057,Software Development,Intermediate,Reading,1
STU04058,Deep Learning,Advanced,Reading,2
STU04059,Software Development,Advanced,Reading,2
STU04060,"Artificial Intelligence, DevOps, Python",Intermediate,Reading,1
STU04061,"DevOps, Web Development",Intermediate,practical,1
STU04062,"Data Analytics, Artificial Intelligence",Intermediate,Reading,1
STU04063,Machine Learning,Beginner,Reading,0
STU04064,"Data Analytics, DevOps, Software Development",Intermediate,Visual,1
STU04065,"Software Development, Web Development, Data Analytics",Advanced,Reading,2
STU04066,"Deep Learning, Machine Learning, Web Development",Intermediate,Visual,1
STU04067,"Web Development, Cloud Computing",Advanced,practical,2
STU04068,"Cloud Computing, Artificial Intelligence",Beginner,Visual,0
STU04069,"DevOps, Deep Learning, Cloud Computing",Advanced,practical,2
STU04070,Python,Intermediate,Reading,1
STU04071,Cloud Computing,Intermediate,Visual,1
STU04072,"Cloud Computing, Machine Learning, Data Analytics",Intermediate,practical,1
STU04073,"Software Development, SQL",Intermediate,practical,1
STU04074,Cybersecurity,Beginner,Visual,0
STU04075,"Cloud Computing, Python",Intermediate,Reading,1
STU04076,"Deep Learning, Python",Advanced,practical,2
STU04077,"Web Development, SQL, Data Science",Advanced,Reading,2
STU04078,Machine Learning,Beginner,Reading,0
STU04079,"Cloud Computing, Artificial Intelligence, DevOps",Intermediate,practical,1
STU04080,Software Development,Beginner,Visual,0
STU04081,"Data Analytics, Deep Learning",Beginner,practical,0
STU04082,"Artificial Intelligence, Machine Learning, Cybersecurity",Advanced,Reading,2
STU04083,"SQL, Data Science, Machine Learning",Advanced,Reading,2
STU04084,"Cloud Computing, Software Development",Advanced,practical,2
STU04085,"Web Development, DevOps",Advanced,Reading,2
STU04086,"Web Development, DevOps, Cybersecurity",Intermediate,Reading,1
STU04087,Software Development,Intermediate,practical,1
STU04088,Cloud Computing,Intermediate,Reading,1
STU04089,"Data Science, SQL",Beginner,Reading,0
STU04090,"Data Science, Deep Learning",Advanced,Visual,2
STU04091,Python,Beginner,Reading,0
STU04092,"Cybersecurity, Data Analytics, Software Development",Advanced,Reading,2
STU04093,Data Analytics,Intermediate,Visual,1
STU04094,"Data Science, Web Development",Advanced,practical,2
STU04095,"Artificial Intelligence, Cybersecurity, Python",Intermediate,practical,1
STU04096,"Data Science, Artificial Intelligence, Machine Learning",Beginner,Reading,0
STU04097,"Artificial Intelligence, Deep Learning",Intermediate,Visual,1
STU04098,"Python, Data Science, Deep Learning",Advanced,Reading,2
STU04099,"Python, DevOps",Intermediate,Reading,1
STU04100,"Web Development, DevOps, Data Analytics",Intermediate,practical,1
STU04101,Artificial Intelligence,Beginner,Visual,0
STU04102,"Web Development, DevOps",Intermediate,Reading,1
STU04103,"Deep Learning, DevOps",Intermediate,Reading,1
STU04104,Data Analytics,Intermediate,Visual,1
STU04105,Data Science,Intermediate,practical,1
STU04106,"SQL, Deep Learning, Software Development",Intermediate,practical,1
STU04107,Web Development,Intermediate,practical,1
STU04108,"Data Analytics, SQL",Intermediate,Visual,1
STU04109,SQL,Beginner,Visual,0
STU04110,DevOps,Beginner,Visual,0
STU04111,"Python, SQL",Intermediate,practical,1
STU04112,"SQL, Data Analytics",Intermediate,Visual,1
STU04113,"Machine Learning, Cybersecurity, Deep Learning",Beginner,Reading,0
STU04114,"Software Development, Python, Cloud Computing",Intermediate,Visual,1
STU04115,"Deep Learning, Cybersecurity, Data Science",Intermediate,Reading,1
STU04116,Data Analytics,Intermediate,Visual,1
STU04117,"DevOps, Web Development",Intermediate,Reading,1
STU04118,Web Development,Beginner,Reading,0
STU04119,"DevOps, Deep Learning",Beginner,practical,0
STU04120,DevOps,Intermediate,Reading,1
STU04121,"Deep Learning, Cloud Computing",Intermediate,practical,1
STU04122,Data Science,Advanced,Reading,2
STU04123,"Machine Learning, Web Development",Beginner,practical,0
STU04124,Data Science,Intermediate,Reading,1
STU04125,"Data Science, Data Analytics",Intermediate,practical,1
STU04126,"Data Science, Cybersecurity",Advanced,Reading,2
STU04127,Software Development,Intermediate,practical,1
STU04128,"Deep Learning, Python, Web Development",Advanced,practical,2
STU04129,Software Development,Beginner,Reading,0
STU04130,"Cloud Computing, Data Science",Beginner,practical,0
STU04131,"Artificial Intelligence, Machine Learning",Intermediate,Reading,1
STU04132,Machine Learning,Advanced,Visual,2
STU04133,Cybersecurity,Beginner,Visual,0
STU04134,"Software Development, Artificial Intelligence",Beginner,practical,0
STU04135,SQL,Intermediate,practical,1
STU04136,"Artificial Intelligence, DevOps",Beginner,Visual,0
STU04137,SQL,Beginner,practical,0
STU04138,"Cloud Computing, Artificial Intelligence",Intermediate,practical,1
STU04139,Machine Learning,Intermediate,Reading,1
STU04140,Artificial Intelligence,Advanced,practical,2
STU04141,Data Analytics,Beginner,practical,0
STU04142,Machine Learning,Intermediate,Reading,1
STU04143,"DevOps, Software Development",Intermediate,Visual,1
STU04144,Artificial Intelligence,Beginner,Visual,0
STU04145,Machine Learning,Intermediate,practical,1
STU04146,Web Development,Intermediate,practical,1
STU04147,DevOps,Beginner,Visual,0
STU04148,"Web Development, Machine Learning",Advanced,practical,2
STU04149,Cloud Computing,Intermediate,Visual,1
STU04150,Python,Intermediate,Visual,1
STU04151,"Python, SQL",Beginner,Reading,0
STU04152,"Web Development, Data Science",Advanced,Visual,2
STU04153,Cybersecurity,Intermediate,practical,1
STU04154,Cloud Computing,Advanced,practical,2
STU04155,"Python, DevOps",Intermediate,Reading,1
STU04156,"Data Science, Software Development",Intermediate,Reading,1
STU04157,Python,Intermediate,Visual,1
STU04158,"Data Science, Machine Learning, SQL",Beginner,Visual,0
STU04159,"Artificial Intelligence, Cloud Computing, Data Science",Beginner,Visual,0
STU04160,"Data Science, Cloud Computing",Advanced,Visual,2
STU04161,Software Development,Intermediate,Visual,1
STU04162,"Cloud Computing, Data Science, Artificial Intelligence",Beginner,Visual,0
STU04163,Deep Learning,Intermediate,practical,1
STU04164,"Software Development, Artificial Intelligence",Beginner,Visual,0
STU04165,Data Analytics,Advanced,Visual,2
STU04166,"Cybersecurity, Python, Data Analytics",Beginner,Visual,0
STU04167,DevOps,Beginner,Reading,0
STU04168,"Web Development, SQL",Advanced,Reading,2
STU04169,"Web Development, Machine Learning, DevOps",Beginner,Visual,0
STU04170,"Machine Learning, Software Development, Cybersecurity",Beginner,practical,0
STU04171,"Python, DevOps, Software Development",Advanced,practical,2
STU04172,"Cybersecurity, Deep Learning",Beginner,Reading,0
STU04173,"DevOps, SQL, Python",Beginner,Reading,0
STU04174,"Machine Learning, Data Analytics, SQL",Beginner,Visual,0
STU04175,"Python, Cybersecurity",Advanced,Reading,2
STU04176,"Web Development, Cybersecurity, Data Science",Beginner,practical,0
STU04177,Data Analytics,Beginner,Reading,0
STU04178,"Artificial Intelligence, Deep Learning, Cybersecurity",Beginner,Reading,0
STU04179,Deep Learning,Beginner,Visual,0
STU04180,"DevOps, Web Development",Beginner,Reading,0
STU04181,DevOps,Advanced,practical,2
STU04182,"Deep Learning, Python, Web Development",Advanced,practical,2
STU04183,"Data Analytics, Data Science",Advanced,Reading,2
STU04184,Data Analytics,Intermediate,Reading,1
STU04185,"Software Development, Cloud Computing",Intermediate,Reading,1
STU04186,"Software Development, Cloud Computing",Beginner,Visual,0
STU04187,"SQL, Data Science",Intermediate,practical,1
STU04188,DevOps,Intermediate,practical,1
STU04189,"Python, Deep Learning",Beginner,Reading,0
STU04190,"Artificial Intelligence, Cloud Computing, Cybersecurity",Intermediate,Visual,1
STU04191,"Data Analytics, Cybersecurity, Data Science",Advanced,Reading,2
STU04192,Cloud Computing,Intermediate,Visual,1
STU04193,"Python, DevOps",Advanced,practical,2
STU04194,"Artificial Intelligence, Machine Learning",Intermediate,Visual,1
STU04195,"Cloud Computing, Software Development",Beginner,Reading,0
STU04196,"Cloud Computing, Data Science, Machine Learning",Intermediate,practical,1
STU04197,"Cybersecurity, Web Development, Data Analytics",Advanced,practical,2
STU04198,Cybersecurity,Intermediate,practical,1
STU04199,"Python, DevOps",Advanced,Visual,2
STU04200,"Artificial Intelligence, Software Development, Data Science",Beginner,practical,0
STU04201,"Cybersecurity, SQL",Intermediate,practical,1
STU04202,Artificial Intelligence,Intermediate,Reading,1
STU04203,Python,Beginner,Reading,0
STU04204,"Data Science, Data Analytics",Intermediate,Visual,1
STU04205,Python,Advanced,practical,2
STU04206,Software Development,Advanced,Reading,2
STU04207,"Web Development, Data Science, Deep Learning",Advanced,Reading,2
STU04208,"SQL, Python, Machine Learning",Advanced,practical,2
STU04209,"Data Analytics, Machine Learning, Deep Learning",Intermediate,Visual,1
STU04210,SQL,Beginner,Reading,0
STU04211,"SQL, Machine Learning",Beginner,Visual,0
STU04212,"Cloud Computing, Machine Learning, Software Development",Advanced,Reading,2
STU04213,Machine Learning,Intermediate,Visual,1
STU04214,"Machine Learning, Web Development",Beginner,Visual,0
STU04215,"Python, Software Development, Data Science",Advanced,practical,2
STU04216,"Web Development, Artificial Intelligence, Data Analytics",Intermediate,Visual,1
STU04217,"DevOps, Python",Advanced,Reading,2
STU04218,"Deep Learning, Artificial Intelligence",Beginner,Visual,0
STU04219,"Software Development, Data Science, Cybersecurity",Beginner,Reading,0
STU04220,"Machine Learning, Data Analytics",Intermediate,Visual,1
STU04221,Data Analytics,Intermediate,practical,1
STU04222,"Python, Deep Learning",Advanced,Visual,2
STU04223,"Cybersecurity, Cloud Computing",Intermediate,Reading,1
STU04224,"Software Development, Web Development, Cloud Computing",Intermediate,Visual,1
STU04225,"SQL, Data Analytics",Beginner,practical,0
STU04226,"Cybersecurity, SQL",Advanced,Visual,2
STU04227,DevOps,Beginner,Visual,0
STU04228,"Cloud Computing, Python",Advanced,Visual,2
STU04229,"DevOps, SQL, Software Development",Intermediate,practical,1
STU04230,Cloud Computing,Intermediate,Visual,1
STU04231,"Deep Learning, Data Analytics, Artificial Intelligence",Beginner,practical,0
STU04232,Web Development,Intermediate,Reading,1
STU04233,"Web Development, Cloud Computing, Data Analytics",Beginner,practical,0
STU04234,"Machine Learning, Cloud Computing, Deep Learning",Beginner,Visual,0
STU04235,"Data Analytics, DevOps, Data Science",Beginner,Reading,0
STU04236,"Data Science, Deep Learning, Software Development",Intermediate,Visual,1
STU04237,Web Development,Beginner,practical,0
STU04238,"Python, Cloud Computing, DevOps",Intermediate,practical,1
STU04239,"Artificial Intelligence, Python, Data Analytics",Intermediate,practical,1
STU04240,Cloud Computing,Intermediate,Reading,1
STU04241,"Cybersecurity, Software Development",Advanced,Visual,2
STU04242,"Cloud Computing, Data Analytics",Beginner,Reading,0
STU04243,"DevOps, Cloud Computing",Beginner,Visual,0
STU04244,Cloud Computing,Beginner,practical,0
STU04245,"Web Development, Data Science",Advanced,practical,2
STU04246,"Cybersecurity, Web Development",Advanced,practical,2
STU04247,Data Science,Advanced,practical,2
STU04248,"Software Development, Deep Learning",Advanced,practical,2
STU04249,"Software Development, Data Science",Beginner,Visual,0
STU04250,Web Development,Intermediate,Visual,1
STU04251,Deep Learning,Advanced,Reading,2
STU04252,"Cybersecurity, Artificial Intelligence",Advanced,practical,2
STU04253,"Python, Machine Learning",Advanced,Reading,2
STU04254,"Cybersecurity, Data Science",Beginner,practical,0
STU04255,"Software Development, DevOps",Beginner,Visual,0
STU04256,"Data Analytics, Python",Beginner,Reading,0
STU04257,"Cloud Computing, Software Development",Beginner,practical,0
STU04258,"Deep Learning, Artificial Intelligence, Cybersecurity",Intermediate,Reading,1
STU04259,Web Development,Beginner,Reading,0
STU04260,"Cloud Computing, Deep Learning, Data Analytics",Beginner,practical,0
STU04261,"Python, SQL, Web Development",Advanced,Visual,2
STU04262,"Deep Learning, Software Development, DevOps",Advanced,practical,2
STU04263,Cybersecurity,Beginner,practical,0
STU04264,Cloud Computing,Advanced,Reading,2
STU04265,Cloud Computing,Intermediate,practical,1
STU04266,Software Development,Intermediate,practical,1
STU04267,"Artificial Intelligence, Cloud Computing, Cybersecurity",Beginner,Visual,0
STU04268,Machine Learning,Beginner,Visual,0
STU04269,Python,Beginner,Visual,0
STU04270,"DevOps, Data Analytics, Cybersecurity",Beginner,practical,0
STU04271,Web Development,Beginner,Visual,0
STU04272,SQL,Intermediate,Reading,1
STU04273,"SQL, Cloud Computing",Intermediate,Reading,1
STU04274,"Deep Learning, Python",Intermediate,practical,1
STU04275,"Web Development, Software Development, Data Science",Beginner,practical,0
STU04276,"Artificial Intelligence, Deep Learning, Machine Learning",Beginner,Reading,0
STU04277,"Software Development, Data Analytics, Python",Intermediate,Reading,1
STU04278,"Deep Learning, Data Analytics",Intermediate,Reading,1
STU04279,"Machine Learning, Artificial Intelligence, Cybersecurity",Beginner,practical,0
STU04280,"SQL, Software Development",Intermediate,practical,1
STU04281,DevOps,Beginner,practical,0
STU04282,"Software Development, Machine Learning",Intermediate,practical,1
STU04283,SQL,Beginner,practical,0
STU04284,"Cloud Computing, SQL",Advanced,Visual,2
STU04285,"Cybersecurity, Artificial Intelligence",Intermediate,Visual,1
STU04286,"Artificial Intelligence, Data Science, Data Analytics",Advanced,practical,2
STU04287,"Artificial Intelligence, Cloud Computing, Machine Learning",Advanced,Reading,2
STU04288,"Artificial Intelligence, Deep Learning, DevOps",Beginner,practical,0
STU04289,"Cloud Computing, Python, DevOps",Advanced,practical,2
STU04290,"Python, Data Science, Software Development",Beginner,Reading,0
STU04291,"Machine Learning, Artificial Intelligence",Beginner,Visual,0
STU04292,"DevOps, Deep Learning, Data Science",Beginner,Reading,0
STU04293,Data Science,Beginner,Visual,0
STU04294,Data Analytics,Advanced,Reading,2
STU04295,"Deep Learning, Python, Cybersecurity",Advanced,Visual,2
STU04296,"Web Development, Cloud Computing, Data Science",Beginner,Reading,0
STU04297,"DevOps, Cloud Computing",Beginner,Visual,0
STU04298,"Web Development, Machine Learning",Beginner,Visual,0
STU04299,"Data Science, Machine Learning",Intermediate,practical,1
STU04300,Web Development,Beginner,Visual,0
STU04301,"Software Development, Data Science, Artificial Intelligence",Beginner,Reading,0
STU04302,"Machine Learning, Data Science, Web Development",Intermediate,practical,1
STU04303,"Software Development, SQL",Beginner,practical,0
STU04304,"Data Science, Deep Learning",Intermediate,Visual,1
STU04305,"DevOps, Data Science, Cybersecurity",Advanced,Visual,2
STU04306,Data Analytics,Intermediate,Visual,1
STU04307,"Cloud Computing, Web Development, SQL",Advanced,practical,2
STU04308,SQL,Intermediate,practical,1
STU04309,Web Development,Advanced,Visual,2
STU04310,Artificial Intelligence,Advanced,Reading,2
STU04311,"Data Analytics, Deep Learning",Advanced,Reading,2
STU04312,"Deep Learning, Web Development",Advanced,Visual,2
STU04313,"Machine Learning, Data Science, Deep Learning",Intermediate,practical,1
STU04314,"SQL, Data Science, DevOps",Intermediate,Reading,1
STU04315,"Data Science, Web Development, Cybersecurity",Beginner,Visual,0
STU04316,"Cloud Computing, DevOps, Artificial Intelligence",Beginner,practical,0
STU04317,"SQL, Machine Learning, Data Analytics",Advanced,Visual,2
STU04318,"Artificial Intelligence, Data Science",Advanced,practical,2
STU04319,Cloud Computing,Intermediate,Reading,1
STU04320,Cybersecurity,Beginner,Visual,0
STU04321,DevOps,Beginner,Visual,0
STU04322,Artificial Intelligence,Beginner,Reading,0
STU04323,Data Science,Advanced,Reading,2
STU04324,"DevOps, Data Analytics",Advanced,practical,2
STU04325,Cloud Computing,Intermediate,Visual,1
STU04326,"SQL, Web Development",Beginner,Visual,0
STU04327,"Data Science, Deep Learning, Python",Advanced,practical,2
STU04328,Software Development,Intermediate,practical,1
STU04329,"Artificial Intelligence, Deep Learning, SQL",Beginner,Visual,0
STU04330,Artificial Intelligence,Beginner,Reading,0
STU04331,"Machine Learning, Deep Learning",Intermediate,Reading,1
STU04332,"SQL, Artificial Intelligence",Beginner,Reading,0
STU04333,Deep Learning,Beginner,Reading,0
STU04334,Cloud Computing,Advanced,Reading,2
STU04335,"Python, Software Development, Artificial Intelligence",Beginner,Visual,0
STU04336,Machine Learning,Beginner,Reading,0
STU04337,"Python, Deep Learning",Advanced,Reading,2
STU04338,"Software Development, DevOps",Advanced,Visual,2
STU04339,"Machine Learning, Python, SQL",Beginner,Reading,0
STU04340,Artificial Intelligence,Advanced,practical,2
STU04341,"Machine Learning, Data Analytics",Advanced,Visual,2
STU04342,"SQL, DevOps, Software Development",Beginner,practical,0
STU04343,SQL,Beginner,practical,0
STU04344,"Python, Artificial Intelligence",Advanced,Reading,2
STU04345,"Web Development, SQL",Advanced,practical,2
STU04346,"Data Analytics, Data Science",Intermediate,Visual,1
STU04347,Cybersecurity,Beginner,practical,0
STU04348,"Python, DevOps",Advanced,Reading,2
STU04349,"Machine Learning, SQL, Cybersecurity",Beginner,practical,0
STU04350,Artificial Intelligence,Advanced,Reading,2
STU04351,"Data Analytics, SQL, Python",Intermediate,Visual,1
STU04352,Deep Learning,Intermediate,practical,1
STU04353,"Python, Data Analytics, Cybersecurity",Advanced,Visual,2
STU04354,"SQL, Python, Machine Learning",Intermediate,Visual,1
STU04355,Cloud Computing,Beginner,Visual,0
STU04356,Deep Learning,Advanced,Reading,2
STU04357,"Data Analytics, Artificial Intelligence",Advanced,Reading,2
STU04358,"Data Analytics, Machine Learning",Advanced,Reading,2
STU04359,SQL,Intermediate,practical,1
STU04360,Data Science,Advanced,Reading,2
STU04361,"Cybersecurity, Data Analytics",Beginner,practical,0
STU04362,"Cybersecurity, Software Development",Advanced,Reading,2
STU04363,Cybersecurity,Beginner,Visual,0
STU04364,"Cloud Computing, Python, Data Science",Intermediate,Reading,1
STU04365,Data Analytics,Intermediate,practical,1
STU04366,Python,Advanced,Visual,2
STU04367,"Deep Learning, SQL, Software Development",Advanced,Visual,2
STU04368,"SQL, Cloud Computing",Advanced,Visual,2
STU04369,Machine Learning,Advanced,practical,2
STU04370,Deep Learning,Beginner,Visual,0
STU04371,"Deep Learning, DevOps",Beginner,Reading,0
STU04372,"Cybersecurity, Web Development, Machine Learning",Intermediate,Visual,1
STU04373,"Software Development, Artificial Intelligence, Data Science",Advanced,Visual,2
STU04374,Web Development,Beginner,Reading,0
STU04375,"Python, DevOps",Advanced,Visual,2
STU04376,"Software Development, Cybersecurity, Cloud Computing",Intermediate,Visual,1
STU04377,"Artificial Intelligence, Data Science, Machine Learning",Intermediate,Visual,1
STU04378,Web Development,Beginner,practical,0
STU04379,Web Development,Intermediate,practical,1
STU04380,"Web Development, Artificial Intelligence",Intermediate,Visual,1
STU04381,"Web Development, Software Development, Cybersecurity",Advanced,Visual,2
STU04382,"Software Development, Cybersecurity, Data Science",Beginner,practical,0
STU04383,Machine Learning,Advanced,Visual,2
STU04384,DevOps,Advanced,practical,2
STU04385,"Web Development, SQL",Beginner,Visual,0
STU04386,"Cybersecurity, Cloud Computing, SQL",Intermediate,Visual,1
STU04387,Cybersecurity,Advanced,Reading,2
STU04388,"Software Development, Machine Learning",Advanced,practical,2
STU04389,"Data Analytics, Machine Learning, Python",Advanced,practical,2
STU04390,Cybersecurity,Advanced,Visual,2
STU04391,Data Science,Beginner,Visual,0
STU04392,"Data Science, SQL, Web Development",Beginner,practical,0
STU04393,"Cybersecurity, Software Development",Beginner,practical,0
STU04394,"Artificial Intelligence, DevOps",Advanced,Visual,2
STU04395,"Deep Learning, Software Development, Data Science",Advanced,Reading,2
STU04396,Python,Beginner,Visual,0
STU04397,SQL,Advanced,Visual,2
STU04398,"Cloud Computing, Artificial Intelligence, Python",Intermediate,practical,1
STU04399,"Web Development, Data Science, Software Development",Beginner,practical,0
STU04400,"Software Development, Cloud Computing",Intermediate,practical,1
STU04401,"Artificial Intelligence, Deep Learning, Cloud Computing",Advanced,Reading,2
STU04402,Deep Learning,Advanced,practical,2
STU04403,"Data Science, Data Analytics",Advanced,practical,2
STU04404,"Cloud Computing, Cybersecurity",Beginner,Reading,0
STU04405,"DevOps, SQL, Artificial Intelligence",Beginner,practical,0
STU04406,"Cloud Computing, Software Development, Web Development",Advanced,practical,2
STU04407,Machine Learning,Intermediate,Reading,1
STU04408,Data Analytics,Beginner,Visual,0
STU04409,"Python, Cloud Computing",Beginner,Visual,0
STU04410,"Web Development, Deep Learning",Advanced,Visual,2
STU04411,Cloud Computing,Intermediate,practical,1
STU04412,"Cloud Computing, Web Development, Machine Learning",Advanced,Reading,2
STU04413,DevOps,Advanced,Reading,2
STU04414,Data Science,Beginner,Visual,0
STU04415,Software Development,Intermediate,Reading,1
STU04416,"Machine Learning, Software Development",Intermediate,Visual,1
STU04417,"Python, Artificial Intelligence, Data Science",Intermediate,Visual,1
STU04418,DevOps,Advanced,Visual,2
STU04419,"SQL, Data Science, Machine Learning",Intermediate,Reading,1
STU04420,"DevOps, Cybersecurity, Artificial Intelligence",Advanced,Visual,2
STU04421,Data Science,Beginner,practical,0
STU04422,"Deep Learning, Artificial Intelligence",Advanced,Visual,2
STU04423,Artificial Intelligence,Advanced,Reading,2
STU04424,"Cloud Computing, Artificial Intelligence, SQL",Advanced,Reading,2
STU04425,Python,Advanced,Reading,2
STU04426,Cybersecurity,Advanced,Visual,2
STU04427,Python,Advanced,practical,2
STU04428,"Artificial Intelligence, DevOps",Intermediate,Reading,1
STU04429,Software Development,Intermediate,Reading,1
STU04430,"DevOps, Deep Learning, SQL",Advanced,Visual,2
STU04431,"Software Development, Artificial Intelligence",Advanced,practical,2
STU04432,"Deep Learning, Python",Advanced,Visual,2
STU04433,Data Analytics,Advanced,Visual,2
STU04434,"Deep Learning, Data Science",Advanced,Visual,2
STU04435,"Data Science, Artificial Intelligence",Advanced,Visual,2
STU04436,Artificial Intelligence,Beginner,Visual,0
STU04437,SQL,Beginner,practical,0
STU04438,"DevOps, Software Development, Artificial Intelligence",Advanced,practical,2
STU04439,"Web Development, Deep Learning",Advanced,practical,2
STU04440,"Deep Learning, Artificial Intelligence",Intermediate,Reading,1
STU04441,Software Development,Advanced,Visual,2
STU04442,Machine Learning,Beginner,practical,0
STU04443,"DevOps, Cybersecurity, Software Development",Advanced,Visual,2
STU04444,"Cloud Computing, Cybersecurity",Intermediate,Visual,1
STU04445,SQL,Beginner,practical,0
STU04446,"Web Development, Cybersecurity, Data Science",Intermediate,Visual,1
STU04447,"DevOps, Data Analytics, Software Development",Advanced,practical,2
STU04448,"Deep Learning, Python",Advanced,practical,2
STU04449,"Cloud Computing, Python",Beginner,practical,0
STU04450,SQL,Beginner,Reading,0
STU04451,Deep Learning,Advanced,practical,2
STU04452,"Python, SQL",Intermediate,practical,1
STU04453,DevOps,Beginner,Visual,0
STU04454,"Artificial Intelligence, DevOps",Intermediate,Visual,1
STU04455,Machine Learning,Beginner,Visual,0
STU04456,"Python, SQL, Software Development",Advanced,practical,2
STU04457,"Machine Learning, DevOps",Intermediate,Reading,1
STU04458,"Data Analytics, Software Development",Advanced,Reading,2
STU04459,"DevOps, Software Development",Beginner,Reading,0
STU04460,"Data Analytics, Cybersecurity",Advanced,Reading,2
STU04461,"Data Analytics, Software Development",Beginner,Visual,0
STU04462,Data Science,Advanced,Reading,2
STU04463,Software Development,Intermediate,Visual,1
STU04464,"Data Science, Cybersecurity",Beginner,Reading,0
STU04465,Artificial Intelligence,Intermediate,Reading,1
STU04466,"Machine Learning, Data Analytics, Cybersecurity",Intermediate,practical,1
STU04467,Software Development,Advanced,practical,2
STU04468,"Deep Learning, Cybersecurity",Advanced,Reading,2
STU04469,"Python, DevOps, SQL",Advanced,Reading,2
STU04470,Artificial Intelligence,Beginner,Reading,0
STU04471,"Python, SQL",Beginner,practical,0
STU04472,"Data Science, Artificial Intelligence",Intermediate,practical,1
STU04473,"Cybersecurity, Machine Learning",Advanced,Visual,2
STU04474,"SQL, Artificial Intelligence",Advanced,practical,2
STU04475,"Deep Learning, Data Analytics",Intermediate,Reading,1
STU04476,SQL,Advanced,Visual,2
STU04477,"Cybersecurity, Machine Learning, Python",Advanced,Reading,2
STU04478,Artificial Intelligence,Intermediate,Reading,1
STU04479,Cybersecurity,Intermediate,Visual,1
STU04480,Python,Intermediate,practical,1
STU04481,"Web Development, DevOps, Cloud Computing",Advanced,practical,2
STU04482,Cloud Computing,Advanced,Visual,2
STU04483,"Artificial Intelligence, Cybersecurity",Advanced,Reading,2
STU04484,"Deep Learning, Cloud Computing",Intermediate,Visual,1
STU04485,DevOps,Advanced,Visual,2
STU04486,"Deep Learning, Data Science, Artificial Intelligence",Beginner,Visual,0
STU04487,"Machine Learning, DevOps",Intermediate,Visual,1
STU04488,"Software Development, Cybersecurity",Beginner,practical,0
STU04489,"Cybersecurity, Deep Learning",Intermediate,Reading,1
STU04490,"Data Science, Artificial Intelligence, Machine Learning",Advanced,practical,2
STU04491,"Cybersecurity, Cloud Computing",Intermediate,Visual,1
STU04492,Data Analytics,Intermediate,practical,1
STU04493,Machine Learning,Beginner,practical,0
STU04494,"Cybersecurity, Cloud Computing",Intermediate,Visual,1
STU04495,"Web Development, Machine Learning, Python",Intermediate,Reading,1
STU04496,"Software Development, Machine Learning, DevOps",Beginner,Visual,0
STU04497,"DevOps, Software Development",Advanced,practical,2
STU04498,"Data Science, Artificial Intelligence",Beginner,practical,0
STU04499,"Deep Learning, Data Science, Web Development",Intermediate,Reading,1
STU04500,Web Development,Intermediate,Reading,1
STU04501,SQL,Advanced,Reading,2
STU04502,"Cloud Computing, Cybersecurity, Data Science",Advanced,practical,2
STU04503,Python,Advanced,practical,2
STU04504,Deep Learning,Beginner,practical,0
STU04505,"SQL, DevOps",Advanced,Visual,2
STU04506,"Cybersecurity, Software Development, SQL",Beginner,practical,0
STU04507,"Machine Learning, Deep Learning",Beginner,Reading,0
STU04508,"Cloud Computing, Software Development",Intermediate,Visual,1
STU04509,"Deep Learning, Data Science",Advanced,practical,2
STU04510,DevOps,Intermediate,Visual,1
STU04511,"Data Analytics, Python",Advanced,Reading,2
STU04512,"Cybersecurity, Python, Artificial Intelligence",Intermediate,Visual,1
STU04513,"Python, Machine Learning",Advanced,Visual,2
STU04514,Deep Learning,Advanced,Visual,2
STU04515,Data Science,Advanced,practical,2
STU04516,"Software Development, Cloud Computing",Beginner,Reading,0
STU04517,Data Science,Advanced,practical,2
STU04518,"Machine Learning, SQL",Advanced,Reading,2
STU04519,"Machine Learning, SQL, DevOps",Advanced,Visual,2
STU04520,Data Science,Advanced,Reading,2
STU04521,"Software Development, SQL, Machine Learning",Beginner,Reading,0
STU04522,"Cloud Computing, Cybersecurity, Deep Learning",Intermediate,Visual,1
STU04523,"Deep Learning, Artificial Intelligence, Cloud Computing",Beginner,Visual,0
STU04524,"Artificial Intelligence, Cloud Computing",Intermediate,Visual,1
STU04525,SQL,Intermediate,Visual,1
STU04526,"Web Development, Software Development",Advanced,Visual,2
STU04527,"Data Analytics, Data Science, Cloud Computing",Intermediate,practical,1
STU04528,Deep Learning,Intermediate,Visual,1
STU04529,Data Science,Intermediate,practical,1
STU04530,"Machine Learning, Deep Learning",Beginner,Reading,0
STU04531,"DevOps, Data Analytics, Data Science",Beginner,Visual,0
STU04532,"Cybersecurity, Deep Learning, Data Science",Advanced,Reading,2
STU04533,DevOps,Beginner,Reading,0
STU04534,"SQL, Software Development",Intermediate,Reading,1
STU04535,"Data Analytics, Deep Learning, Cloud Computing",Intermediate,Reading,1
STU04536,"Software Development, Machine Learning, Data Analytics",Intermediate,Visual,1
STU04537,"Data Science, Data Analytics, Artificial Intelligence",Intermediate,practical,1
STU04538,"Cloud Computing, Artificial Intelligence",Intermediate,practical,1
STU04539,Artificial Intelligence,Intermediate,Visual,1
STU04540,"DevOps, Artificial Intelligence",Intermediate,Reading,1
STU04541,"Cybersecurity, Data Science",Advanced,Reading,2
STU04542,"Software Development, Deep Learning, Machine Learning",Intermediate,Reading,1
STU04543,"Artificial Intelligence, SQL",Beginner,Visual,0
STU04544,"Cybersecurity, Machine Learning",Beginner,practical,0
STU04545,"Web Development, Cybersecurity, Python",Intermediate,practical,1
STU04546,"Deep Learning, Cybersecurity, DevOps",Beginner,practical,0
STU04547,"SQL, Data Science",Beginner,Visual,0
STU04548,Data Science,Beginner,Reading,0
STU04549,"Web Development, DevOps, Data Science",Intermediate,practical,1
STU04550,"Cloud Computing, DevOps, Data Science",Advanced,Reading,2
STU04551,"Artificial Intelligence, SQL",Beginner,Visual,0
STU04552,DevOps,Advanced,Reading,2
STU04553,SQL,Beginner,practical,0
STU04554,"SQL, Machine Learning, Deep Learning",Beginner,practical,0
STU04555,"Web Development, DevOps, Artificial Intelligence",Beginner,Visual,0
STU04556,"Web Development, Artificial Intelligence, Data Analytics",Beginner,Reading,0
STU04557,Machine Learning,Intermediate,practical,1
STU04558,"Artificial Intelligence, Cloud Computing",Intermediate,practical,1
STU04559,"Data Science, Artificial Intelligence, Deep Learning",Beginner,Visual,0
STU04560,Artificial Intelligence,Intermediate,practical,1
STU04561,Machine Learning,Intermediate,Visual,1
STU04562,Data Science,Intermediate,Reading,1
STU04563,"Deep Learning, Artificial Intelligence",Intermediate,practical,1
STU04564,"Web Development, Cloud Computing, DevOps",Intermediate,practical,1
STU04565,Software Development,Intermediate,Reading,1
STU04566,"Web Development, SQL, Cloud Computing",Advanced,Reading,2
STU04567,"Cybersecurity, Web Development, SQL",Intermediate,Reading,1
STU04568,"Cloud Computing, Deep Learning, SQL",Advanced,Reading,2
STU04569,"DevOps, SQL",Advanced,Visual,2
STU04570,Data Science,Advanced,practical,2
STU04571,"Cloud Computing, Cybersecurity, SQL",Advanced,Reading,2
STU04572,"Artificial Intelligence, Web Development",Advanced,Visual,2
STU04573,"DevOps, Cloud Computing, Data Analytics",Beginner,practical,0
STU04574,"Artificial Intelligence, DevOps, Data Science",Beginner,Visual,0
STU04575,"Artificial Intelligence, Software Development, Data Analytics",Beginner,practical,0
STU04576,"Cloud Computing, DevOps, Deep Learning",Beginner,practical,0
STU04577,"SQL, Deep Learning, Software Development",Advanced,Reading,2
STU04578,"Python, Machine Learning",Intermediate,practical,1
STU04579,Data Science,Intermediate,Reading,1
STU04580,"Web Development, Machine Learning",Intermediate,practical,1
STU04581,"Deep Learning, Software Development, Artificial Intelligence",Intermediate,practical,1
STU04582,Data Science,Beginner,Reading,0
STU04583,"Machine Learning, DevOps, Python",Intermediate,Visual,1
STU04584,Cloud Computing,Intermediate,Reading,1
STU04585,SQL,Intermediate,practical,1
STU04586,"Artificial Intelligence, Machine Learning, Cybersecurity",Beginner,Reading,0
STU04587,"Machine Learning, Web Development",Advanced,practical,2
STU04588,Python,Intermediate,Visual,1
STU04589,"Data Science, Web Development",Advanced,practical,2
STU04590,"Python, Deep Learning",Intermediate,Reading,1
STU04591,Data Science,Advanced,practical,2
STU04592,"Deep Learning, Cloud Computing, Software Development",Advanced,Reading,2
STU04593,"Data Analytics, Software Development, Python",Beginner,practical,0
STU04594,Artificial Intelligence,Intermediate,Reading,1
STU04595,"Cybersecurity, Web Development, Artificial Intelligence",Advanced,Visual,2
STU04596,Data Analytics,Intermediate,Reading,1
STU04597,"Machine Learning, Deep Learning",Intermediate,Reading,1
STU04598,Python,Intermediate,Reading,1
STU04599,Data Science,Beginner,Reading,0
STU04600,"Deep Learning, Artificial Intelligence, Python",Advanced,Reading,2
STU04601,Software Development,Intermediate,Visual,1
STU04602,"Cybersecurity, Data Analytics",Intermediate,Visual,1
STU04603,Deep Learning,Intermediate,Reading,1
STU04604,Web Development,Advanced,Reading,2
STU04605,"Web Development, Deep Learning",Intermediate,Reading,1
STU04606,Deep Learning,Beginner,Reading,0
STU04607,Python,Advanced,Reading,2
STU04608,"Machine Learning, Web Development",Advanced,Reading,2
STU04609,Data Science,Intermediate,Reading,1
STU04610,"Deep Learning, Data Analytics",Beginner,Reading,0
STU04611,DevOps,Advanced,Visual,2
STU04612,"DevOps, Software Development",Intermediate,practical,1
STU04613,"SQL, Cloud Computing, Deep Learning",Advanced,Visual,2
STU04614,"Cloud Computing, Python, Machine Learning",Advanced,practical,2
STU04615,Cloud Computing,Advanced,Reading,2
STU04616,"Cloud Computing, SQL",Beginner,Visual,0
STU04617,Machine Learning,Advanced,Visual,2
STU04618,"Cybersecurity, Python, Artificial Intelligence",Advanced,Reading,2
STU04619,"Web Development, Cloud Computing, Machine Learning",Beginner,Visual,0
STU04620,"Artificial Intelligence, Machine Learning",Intermediate,Visual,1
STU04621,"Data Science, Machine Learning, Artificial Intelligence",Beginner,Visual,0
STU04622,Cloud Computing,Intermediate,Reading,1
STU04623,"Python, Software Development, Data Analytics",Intermediate,practical,1
STU04624,"SQL, DevOps, Data Science",Advanced,Reading,2
STU04625,"Data Science, Deep Learning",Beginner,practical,0
STU04626,"Deep Learning, SQL",Intermediate,Visual,1
STU04627,"Cloud Computing, Data Science",Beginner,practical,0
STU04628,"Machine Learning, Software Development, Python",Beginner,Visual,0
STU04629,"SQL, Python",Beginner,Reading,0
STU04630,"SQL, Cybersecurity",Intermediate,practical,1
STU04631,"Data Science, Software Development, Machine Learning",Beginner,practical,0
STU04632,Web Development,Beginner,Reading,0
STU04633,"Data Analytics, SQL",Beginner,Reading,0
STU04634,"SQL, Software Development, Deep Learning",Advanced,Visual,2
STU04635,"Deep Learning, Cloud Computing",Beginner,practical,0
STU04636,Cybersecurity,Beginner,Reading,0
STU04637,Web Development,Beginner,practical,0
STU04638,"Cybersecurity, Cloud Computing",Advanced,Reading,2
STU04639,"Deep Learning, Software Development",Beginner,Reading,0
STU04640,Software Development,Advanced,Reading,2
STU04641,"Cloud Computing, Machine Learning, Data Science",Beginner,Reading,0
STU04642,"SQL, Data Analytics",Beginner,Visual,0
STU04643,"Software Development, Cybersecurity",Advanced,Visual,2
STU04644,"Python, Cloud Computing, Machine Learning",Advanced,Reading,2
STU04645,"Artificial Intelligence, Data Analytics, Cloud Computing",Intermediate,Visual,1
STU04646,Artificial Intelligence,Advanced,Reading,2
STU04647,Cloud Computing,Beginner,Reading,0
STU04648,"SQL, Web Development",Intermediate,Visual,1
STU04649,Cloud Computing,Advanced,practical,2
STU04650,Data Science,Beginner,practical,0
STU04651,"Software Development, Deep Learning",Intermediate,practical,1
STU04652,Python,Intermediate,practical,1
STU04653,Artificial Intelligence,Beginner,Visual,0
STU04654,"SQL, Cloud Computing",Intermediate,practical,1
STU04655,"Web Development, Data Science, Machine Learning",Intermediate,Reading,1
STU04656,DevOps,Beginner,practical,0
STU04657,"Machine Learning, Software Development, Python",Beginner,practical,0
STU04658,"Web Development, Cybersecurity, DevOps",Intermediate,Visual,1
STU04659,"Python, Deep Learning",Intermediate,Reading,1
STU04660,"Data Science, Cloud Computing",Beginner,Visual,0
STU04661,"Machine Learning, Web Development, Artificial Intelligence",Advanced,practical,2
STU04662,"Data Science, Cloud Computing, Machine Learning",Advanced,practical,2
STU04663,Web Development,Advanced,practical,2
STU04664,Data Science,Intermediate,practical,1
STU04665,Software Development,Advanced,practical,2
STU04666,Software Development,Intermediate,Reading,1
STU04667,"Cybersecurity, Web Development, Artificial Intelligence",Intermediate,Visual,1
STU04668,"Data Science, Cloud Computing, Software Development",Advanced,Visual,2
STU04669,Data Analytics,Intermediate,practical,1
STU04670,"SQL, Deep Learning, Machine Learning",Beginner,Reading,0
STU04671,DevOps,Intermediate,Reading,1
STU04672,"Machine Learning, Artificial Intelligence, Python",Beginner,practical,0
STU04673,"Cybersecurity, Python",Intermediate,Visual,1
STU04674,"Software Development, Artificial Intelligence, Python",Beginner,Reading,0
STU04675,Data Science,Advanced,practical,2
STU04676,"Cloud Computing, Data Science, Web Development",Beginner,practical,0
STU04677,"Cybersecurity, Data Analytics",Advanced,Visual,2
STU04678,"Web Development, Deep Learning, Software Development",Beginner,Reading,0
STU04679,"Artificial Intelligence, Web Development",Beginner,Reading,0
STU04680,"Data Science, SQL",Beginner,practical,0
STU04681,"Data Analytics, Cybersecurity, Web Development",Beginner,practical,0
STU04682,"Software Development, Deep Learning",Intermediate,Visual,1
STU04683,Data Science,Intermediate,Visual,1
STU04684,"Cloud Computing, Web Development",Intermediate,Visual,1
STU04685,"Data Analytics, Deep Learning",Beginner,Reading,0
STU04686,"Deep Learning, Python, Machine Learning",Beginner,practical,0
STU04687,"Cybersecurity, Data Analytics",Beginner,practical,0
STU04688,"Cybersecurity, Artificial Intelligence",Intermediate,Reading,1
STU04689,Data Science,Beginner,practical,0
STU04690,Software Development,Advanced,Reading,2
STU04691,"Artificial Intelligence, Deep Learning, Cloud Computing",Intermediate,practical,1
STU04692,"Data Science, Cybersecurity, Data Analytics",Advanced,Reading,2
STU04693,"Machine Learning, Web Development",Beginner,practical,0
STU04694,"Cloud Computing, Web Development",Advanced,Visual,2
STU04695,"Machine Learning, Software Development",Beginner,practical,0
STU04696,Machine Learning,Advanced,practical,2
STU04697,"Web Development, Data Analytics",Advanced,Visual,2
STU04698,"Python, SQL, Data Analytics",Beginner,Visual,0
STU04699,"Cybersecurity, Software Development",Beginner,Visual,0
STU04700,"SQL, Software Development, Artificial Intelligence",Beginner,Visual,0
STU04701,"Cybersecurity, Cloud Computing, Python",Beginner,Visual,0
STU04702,"Artificial Intelligence, Machine Learning",Intermediate,Reading,1
STU04703,"Python, DevOps, Data Analytics",Advanced,practical,2
STU04704,SQL,Beginner,Reading,0
STU04705,"Web Development, Software Development, SQL",Advanced,practical,2
STU04706,Web Development,Beginner,practical,0
STU04707,Cloud Computing,Intermediate,Visual,1
STU04708,"Data Science, Artificial Intelligence, Software Development",Intermediate,practical,1
STU04709,Machine Learning,Advanced,Visual,2
STU04710,"Artificial Intelligence, SQL",Intermediate,Visual,1
STU04711,Data Analytics,Advanced,Reading,2
STU04712,Deep Learning,Intermediate,Visual,1
STU04713,"Python, Cloud Computing, Deep Learning",Advanced,practical,2
STU04714,"Data Science, Data Analytics",Advanced,Reading,2
STU04715,Web Development,Beginner,Reading,0
STU04716,"Data Science, Python, Machine Learning",Intermediate,practical,1
STU04717,"Cloud Computing, Deep Learning, Machine Learning",Intermediate,practical,1
STU04718,"Python, SQL, Artificial Intelligence",Advanced,Visual,2
STU04719,Python,Intermediate,practical,1
STU04720,"Cybersecurity, Deep Learning, Data Science",Beginner,Visual,0
STU04721,"Artificial Intelligence, Deep Learning, DevOps",Intermediate,Visual,1
STU04722,Cybersecurity,Intermediate,Reading,1
STU04723,"SQL, DevOps",Beginner,practical,0
STU04724,"Cloud Computing, Artificial Intelligence, Data Analytics",Advanced,Reading,2
STU04725,Software Development,Intermediate,Reading,1
STU04726,"DevOps, Machine Learning",Advanced,practical,2
STU04727,Deep Learning,Beginner,practical,0
STU04728,"Cybersecurity, Deep Learning, DevOps",Beginner,Visual,0
STU04729,"Cybersecurity, Cloud Computing, Artificial Intelligence",Advanced,Reading,2
STU04730,DevOps,Beginner,Visual,0
STU04731,"Cybersecurity, SQL",Beginner,practical,0
STU04732,"Machine Learning, DevOps, Data Analytics",Beginner,Visual,0
STU04733,"Software Development, Machine Learning, Data Analytics",Beginner,Reading,0
STU04734,"Web Development, Data Analytics",Advanced,practical,2
STU04735,Cybersecurity,Intermediate,Visual,1
STU04736,Data Science,Advanced,Visual,2
STU04737,"SQL, Python",Intermediate,practical,1
STU04738,"Machine Learning, Python, Data Science",Beginner,Visual,0
STU04739,"Data Science, Machine Learning, Cybersecurity",Beginner,practical,0
STU04740,"Cybersecurity, DevOps",Intermediate,Visual,1
STU04741,"Data Science, DevOps, Software Development",Advanced,practical,2
STU04742,"Deep Learning, Python",Intermediate,Reading,1
STU04743,"Software Development, Data Science",Beginner,Visual,0
STU04744,"Data Analytics, Data Science",Beginner,Reading,0
STU04745,"Software Development, Machine Learning",Intermediate,Reading,1
STU04746,Software Development,Beginner,practical,0
STU04747,DevOps,Advanced,Visual,2
STU04748,Python,Intermediate,Reading,1
STU04749,"Web Development, Software Development, Cybersecurity",Advanced,Reading,2
STU04750,"Machine Learning, DevOps",Intermediate,practical,1
STU04751,"Machine Learning, Deep Learning, Python",Advanced,Reading,2
STU04752,"Data Analytics, Artificial Intelligence",Intermediate,Reading,1
STU04753,DevOps,Intermediate,Reading,1
STU04754,"Python, DevOps",Beginner,practical,0
STU04755,"Cybersecurity, Cloud Computing",Intermediate,practical,1
STU04756,"SQL, Data Analytics, Machine Learning",Intermediate,practical,1
STU04757,"Cloud Computing, Deep Learning",Intermediate,Visual,1
STU04758,Machine Learning,Beginner,Reading,0
STU04759,"Cybersecurity, SQL",Beginner,practical,0
STU04760,"Software Development, Deep Learning",Beginner,practical,0
STU04761,"Data Science, Software Development, Cybersecurity",Advanced,Visual,2
STU04762,"Cybersecurity, SQL, Deep Learning",Advanced,Visual,2
STU04763,"Data Analytics, Cybersecurity",Beginner,practical,0
STU04764,"Software Development, Deep Learning, Data Science",Beginner,Reading,0
STU04765,"Data Science, Web Development",Beginner,Visual,0
STU04766,"Data Science, Web Development",Advanced,Reading,2
STU04767,Software Development,Beginner,Visual,0
STU04768,"Deep Learning, Python, Cybersecurity",Beginner,practical,0
STU04769,"Artificial Intelligence, Cloud Computing",Beginner,Visual,0
STU04770,"Software Development, Cybersecurity",Beginner,practical,0
STU04771,Artificial Intelligence,Beginner,Reading,0
STU04772,"Python, Deep Learning, Cloud Computing",Intermediate,Visual,1
STU04773,"Deep Learning, Cloud Computing, DevOps",Beginner,practical,0
STU04774,"Data Analytics, Cybersecurity",Intermediate,practical,1
STU04775,Python,Intermediate,Visual,1
STU04776,"Data Science, Machine Learning",Intermediate,practical,1
STU04777,"Cybersecurity, Python",Beginner,Reading,0
STU04778,"SQL, Web Development, Machine Learning",Advanced,Visual,2
STU04779,"Cybersecurity, DevOps, SQL",Advanced,Visual,2
STU04780,"Cloud Computing, Artificial Intelligence, Data Science",Intermediate,Visual,1
STU04781,Deep Learning,Advanced,Visual,2
STU04782,SQL,Intermediate,Reading,1
STU04783,"Deep Learning, DevOps",Advanced,practical,2
STU04784,"SQL, Cybersecurity",Intermediate,practical,1
STU04785,"Web Development, Python",Beginner,Reading,0
STU04786,"Software Development, SQL",Beginner,Visual,0
STU04787,"Python, Cybersecurity",Advanced,Visual,2
STU04788,Machine Learning,Intermediate,practical,1
STU04789,"Deep Learning, DevOps, Cybersecurity",Intermediate,Visual,1
STU04790,Cybersecurity,Advanced,Reading,2
STU04791,Artificial Intelligence,Intermediate,Visual,1
STU04792,"Cybersecurity, Deep Learning, Data Analytics",Intermediate,Visual,1
STU04793,Cloud Computing,Intermediate,practical,1
STU04794,"Data Science, Python, Cybersecurity",Advanced,practical,2
STU04795,Data Science,Beginner,practical,0
STU04796,"Cybersecurity, DevOps, Software Development",Advanced,practical,2
STU04797,"Artificial Intelligence, Web Development",Intermediate,Visual,1
STU04798,"Machine Learning, Data Science, Cloud Computing",Advanced,Visual,2
STU04799,"Data Science, Python",Intermediate,practical,1
STU04800,Software Development,Intermediate,Visual,1
STU04801,"Cybersecurity, Artificial Intelligence, Web Development",Advanced,practical,2
STU04802,Cybersecurity,Advanced,Reading,2
STU04803,Software Development,Intermediate,practical,1
STU04804,"Software Development, Data Science",Intermediate,Visual,1
STU04805,Python,Intermediate,practical,1
STU04806,"Data Science, Deep Learning",Advanced,Reading,2
STU04807,"Cloud Computing, Artificial Intelligence",Beginner,Visual,0
STU04808,"Artificial Intelligence, Cloud Computing",Intermediate,Visual,1
STU04809,DevOps,Intermediate,practical,1
STU04810,Artificial Intelligence,Intermediate,practical,1
STU04811,Data Science,Advanced,Visual,2
STU04812,"Machine Learning, SQL, Data Analytics",Beginner,Reading,0
STU04813,Cybersecurity,Intermediate,Visual,1
STU04814,"DevOps, SQL, Cloud Computing",Beginner,Visual,0
STU04815,"SQL, Software Development",Advanced,practical,2
STU04816,Software Development,Advanced,Reading,2
STU04817,"Cybersecurity, Deep Learning",Advanced,Visual,2
STU04818,"Web Development, Python",Intermediate,Reading,1
STU04819,"Software Development, Cloud Computing, SQL",Intermediate,Reading,1
STU04820,Machine Learning,Advanced,practical,2
STU04821,Artificial Intelligence,Advanced,practical,2
STU04822,"Web Development, Cybersecurity, Software Development",Beginner,Visual,0
STU04823,"Machine Learning, DevOps",Beginner,Visual,0
STU04824,SQL,Advanced,practical,2
STU04825,"Artificial Intelligence, Data Analytics, DevOps",Beginner,Reading,0
STU04826,Machine Learning,Beginner,Visual,0
STU04827,"Cloud Computing, Machine Learning",Intermediate,practical,1
STU04828,"Artificial Intelligence, Data Analytics",Beginner,Visual,0
STU04829,Cloud Computing,Beginner,Reading,0
STU04830,"DevOps, Python, Data Analytics",Advanced,practical,2
STU04831,"Cybersecurity, Software Development, Data Science",Advanced,practical,2
STU04832,"SQL, Cybersecurity, Web Development",Advanced,Visual,2
STU04833,"SQL, Data Analytics, Deep Learning",Beginner,Visual,0
STU04834,Deep Learning,Beginner,Reading,0
STU04835,Deep Learning,Intermediate,practical,1
STU04836,"Artificial Intelligence, Machine Learning",Advanced,Visual,2
STU04837,"Deep Learning, Artificial Intelligence, SQL",Beginner,Visual,0
STU04838,"Deep Learning, Artificial Intelligence",Beginner,practical,0
STU04839,"Data Analytics, Python",Advanced,Visual,2
STU04840,"DevOps, Data Science",Advanced,Visual,2
STU04841,Cloud Computing,Advanced,Visual,2
STU04842,"SQL, Data Science",Intermediate,Reading,1
STU04843,Cloud Computing,Beginner,practical,0
STU04844,"Deep Learning, Machine Learning",Intermediate,Visual,1
STU04845,"Cybersecurity, Python",Intermediate,practical,1
STU04846,"Data Science, Software Development, SQL",Intermediate,Visual,1
STU04847,Web Development,Beginner,practical,0
STU04848,"Cybersecurity, Python, Web Development",Advanced,Visual,2
STU04849,Data Science,Advanced,practical,2
STU04850,"Cloud Computing, Python",Beginner,Reading,0
STU04851,"Machine Learning, Python",Beginner,Visual,0
STU04852,Machine Learning,Intermediate,Visual,1
STU04853,"Web Development, Data Science",Intermediate,practical,1
STU04854,"Deep Learning, Software Development, DevOps",Intermediate,Visual,1
STU04855,"Web Development, Artificial Intelligence",Beginner,Visual,0
STU04856,"Deep Learning, Python, Data Science",Advanced,practical,2
STU04857,Deep Learning,Advanced,Reading,2
STU04858,DevOps,Advanced,Reading,2
STU04859,Software Development,Beginner,Visual,0
STU04860,"Data Science, Software Development",Beginner,practical,0
STU04861,Python,Beginner,practical,0
STU04862,"Python, SQL, Cloud Computing",Advanced,Visual,2
STU04863,"Cloud Computing, Data Analytics",Advanced,Visual,2
STU04864,"Deep Learning, Web Development, Cybersecurity",Advanced,practical,2
STU04865,"Cybersecurity, DevOps, Data Analytics",Beginner,Reading,0
STU04866,Artificial Intelligence,Intermediate,practical,1
STU04867,"DevOps, Data Analytics, Cloud Computing",Intermediate,Visual,1
STU04868,"Python, Cybersecurity, Web Development",Beginner,practical,0
STU04869,"Machine Learning, Cloud Computing",Advanced,Visual,2
STU04870,"Software Development, Data Science, Python",Intermediate,Visual,1
STU04871,"DevOps, Deep Learning",Advanced,Reading,2
STU04872,Cybersecurity,Advanced,Visual,2
STU04873,Machine Learning,Advanced,Visual,2
STU04874,"DevOps, Web Development",Advanced,Reading,2
STU04875,"Software Development, Machine Learning",Advanced,Reading,2
STU04876,DevOps,Beginner,Reading,0
STU04877,"Software Development, Cloud Computing, Python",Intermediate,practical,1
STU04878,"Data Analytics, Deep Learning, Cybersecurity",Advanced,Reading,2
STU04879,Cloud Computing,Advanced,Reading,2
STU04880,Python,Beginner,Visual,0
STU04881,Data Science,Intermediate,Reading,1
STU04882,"Web Development, Data Science, Python",Beginner,Visual,0
STU04883,"Python, Cloud Computing, Data Science",Advanced,practical,2
STU04884,"SQL, Artificial Intelligence",Advanced,practical,2
STU04885,Data Analytics,Advanced,Reading,2
STU04886,"Data Science, SQL, Cybersecurity",Beginner,Visual,0
STU04887,"Web Development, Python, Cybersecurity",Beginner,Reading,0
STU04888,Deep Learning,Advanced,Reading,2
STU04889,"DevOps, Data Analytics, Deep Learning",Beginner,Reading,0
STU04890,"Web Development, Machine Learning, SQL",Advanced,practical,2
STU04891,"Deep Learning, Cloud Computing, Software Development",Advanced,Reading,2
STU04892,Machine Learning,Beginner,Visual,0
STU04893,"Cybersecurity, Machine Learning",Intermediate,practical,1
STU04894,"Artificial Intelligence, Cloud Computing, DevOps",Advanced,Reading,2
STU04895,"Web Development, Artificial Intelligence, Python",Advanced,practical,2
STU04896,"Artificial Intelligence, Deep Learning, Cybersecurity",Beginner,Visual,0
STU04897,"SQL, DevOps, Python",Advanced,practical,2
STU04898,Data Science,Advanced,Visual,2
STU04899,"DevOps, Software Development, Cloud Computing",Intermediate,Visual,1
STU04900,Web Development,Beginner,practical,0
STU04901,"SQL, DevOps, Data Science",Intermediate,Reading,1
STU04902,Machine Learning,Advanced,Visual,2
STU04903,"Deep Learning, Artificial Intelligence",Advanced,Visual,2
STU04904,Machine Learning,Beginner,Visual,0
STU04905,"Deep Learning, Data Science, Data Analytics",Beginner,practical,0
STU04906,SQL,Advanced,Visual,2
STU04907,"Software Development, Cloud Computing, Artificial Intelligence",Intermediate,practical,1
STU04908,"Data Analytics, Cloud Computing",Intermediate,practical,1
STU04909,"Web Development, Data Analytics, DevOps",Beginner,Reading,0
STU04910,"Data Analytics, Software Development",Beginner,Visual,0
STU04911,Cloud Computing,Beginner,Visual,0
STU04912,"Deep Learning, Software Development",Intermediate,practical,1
STU04913,"Deep Learning, DevOps",Advanced,practical,2
STU04914,"Cloud Computing, Software Development, Data Analytics",Intermediate,Reading,1
STU04915,Cloud Computing,Advanced,Visual,2
STU04916,"Deep Learning, Cybersecurity, Data Science",Intermediate,Visual,1
STU04917,"Data Science, Python",Advanced,Visual,2
STU04918,SQL,Beginner,practical,0
STU04919,"Cybersecurity, SQL",Advanced,Visual,2
STU04920,Software Development,Advanced,practical,2
STU04921,Software Development,Advanced,practical,2
STU04922,Data Analytics,Advanced,practical,2
STU04923,Cybersecurity,Advanced,practical,2
STU04924,SQL,Intermediate,practical,1
STU04925,"Data Analytics, Web Development",Beginner,practical,0
STU04926,Artificial Intelligence,Advanced,Reading,2
STU04927,"Cybersecurity, Software Development",Advanced,Reading,2
STU04928,"Data Science, Python, Data Analytics",Advanced,Visual,2
STU04929,"Python, Cybersecurity",Intermediate,practical,1
STU04930,"Web Development, Machine Learning, Artificial Intelligence",Beginner,Visual,0
STU04931,Web Development,Intermediate,practical,1
STU04932,"Data Science, Python",Intermediate,Reading,1
STU04933,Data Science,Advanced,Visual,2
STU04934,"Cloud Computing, Deep Learning, Data Science",Intermediate,Reading,1
STU04935,"Cloud Computing, Data Analytics",Beginner,Visual,0
STU04936,"Web Development, Cybersecurity, Machine Learning",Intermediate,Reading,1
STU04937,"DevOps, Data Science, Cloud Computing",Intermediate,Reading,1
STU04938,"Data Science, Python, Cloud Computing",Intermediate,Reading,1
STU04939,"Cloud Computing, Software Development, Artificial Intelligence",Beginner,Visual,0
STU04940,"Software Development, Cloud Computing, Web Development",Beginner,Reading,0
STU04941,Data Analytics,Advanced,Visual,2
STU04942,"Python, Software Development, Cloud Computing",Advanced,Reading,2
STU04943,Cybersecurity,Advanced,Reading,2
STU04944,Data Analytics,Advanced,Reading,2
STU04945,SQL,Intermediate,Visual,1
STU04946,"Data Analytics, DevOps",Beginner,Visual,0
STU04947,Cybersecurity,Intermediate,Reading,1
STU04948,Artificial Intelligence,Intermediate,Visual,1
STU04949,"SQL, Software Development, Data Analytics",Intermediate,practical,1
STU04950,Software Development,Intermediate,Visual,1
STU04951,DevOps,Intermediate,Visual,1
STU04952,"Machine Learning, Software Development, Python",Beginner,practical,0
STU04953,"Data Science, Cybersecurity, SQL",Intermediate,Reading,1
STU04954,"Cloud Computing, Cybersecurity, Machine Learning",Beginner,Reading,0
STU04955,Artificial Intelligence,Beginner,Reading,0
STU04956,"SQL, Machine Learning, Data Analytics",Intermediate,Reading,1
STU04957,Cybersecurity,Advanced,Visual,2
STU04958,"DevOps, Deep Learning, Web Development",Beginner,Visual,0
STU04959,"Software Development, Cloud Computing",Beginner,Visual,0
STU04960,Web Development,Beginner,Reading,0
STU04961,"DevOps, SQL, Deep Learning",Intermediate,Visual,1
STU04962,"DevOps, Machine Learning",Intermediate,Visual,1
STU04963,"Deep Learning, Data Analytics, Python",Beginner,Visual,0
STU04964,Cloud Computing,Beginner,Visual,0
STU04965,"Deep Learning, DevOps",Intermediate,practical,1
STU04966,"Python, Artificial Intelligence, Cloud Computing",Beginner,Visual,0
STU04967,Machine Learning,Advanced,Reading,2
STU04968,Web Development,Intermediate,Visual,1
STU04969,SQL,Beginner,practical,0
STU04970,"Deep Learning, Cloud Computing, Data Analytics",Beginner,Visual,0
STU04971,"DevOps, Artificial Intelligence",Beginner,Visual,0
STU04972,"Python, Data Analytics",Intermediate,Visual,1
STU04973,DevOps,Advanced,Visual,2
STU04974,Data Analytics,Advanced,Visual,2
STU04975,Deep Learning,Intermediate,Reading,1
STU04976,Cloud Computing,Intermediate,Visual,1
STU04977,Cybersecurity,Advanced,Visual,2
STU04978,"Cloud Computing, Artificial Intelligence, Web Development",Beginner,Visual,0
STU04979,"Python, Deep Learning, Artificial Intelligence",Intermediate,Reading,1
STU04980,"Deep Learning, Artificial Intelligence, Software Development",Advanced,Reading,2
STU04981,SQL,Intermediate,Reading,1
STU04982,Python,Advanced,practical,2
STU04983,"Data Analytics, Data Science, Cybersecurity",Intermediate,Visual,1
STU04984,Deep Learning,Advanced,Visual,2
STU04985,"Artificial Intelligence, Cybersecurity, Software Development",Advanced,Visual,2
STU04986,"Cloud Computing, Web Development, DevOps",Intermediate,Reading,1
STU04987,Machine Learning,Beginner,practical,0
STU04988,Cybersecurity,Beginner,Reading,0
STU04989,"Software Development, DevOps, Web Development",Beginner,Reading,0
STU04990,"Data Analytics, Web Development",Beginner,Reading,0
STU04991,Deep Learning,Advanced,Visual,2
STU04992,"Data Analytics, Cloud Computing",Intermediate,practical,1
STU04993,"Artificial Intelligence, Data Analytics, SQL",Advanced,Visual,2
STU04994,"Software Development, Python, Data Science",Intermediate,Visual,1
STU04995,"Software Development, SQL",Intermediate,Visual,1
STU04996,"Data Science, Cloud Computing",Intermediate,practical,1
STU04997,"SQL, Machine Learning, Software Development",Advanced,practical,2
STU04998,"Web Development, Machine Learning",Advanced,Visual,2
STU04999,"Cybersecurity, Cloud Computing",Beginner,Visual,0
STU05000,"Data Science, SQL",Advanced,practical,2
