student_id,interests,experience_level,learning_mode
STU00001,Cloud Computing,Advanced,practical
STU00002,"Data Science, SQL",Intermediate,practical
STU00003,"Software Development, Cybersecurity, SQL",Beginner,Reading
STU00004,"Python, Machine Learning, Cloud Computing",Beginner,Reading
STU00005,Data Analytics,Advanced,practical
STU00006,"Software Development, Artificial Intelligence",Advanced,Reading
STU00007,Web Development,Beginner,practical
STU00008,"Software Development, Python, Cloud Computing",Intermediate,practical
STU00009,"Artificial Intelligence, Cloud Computing, Software Development",Intermediate,practical
STU00010,"Python, Artificial Intelligence, DevOps",Advanced,practical
STU00011,"SQL, Python, Artificial Intelligence",Beginner,Visual
STU00012,Web Development,Beginner,Visual
STU00013,"Web Development, SQL, Cloud Computing",Beginner,practical
STU00014,Artificial Intelligence,Advanced,practical
STU00015,"SQL, Web Development, Python",Beginner,practical
STU00016,Web Development,Advanced,Visual
STU00017,"SQL, Data Science, Data Analytics",Advanced,Reading
STU00018,"Data Science, Artificial Intelligence",Beginner,Reading
STU00019,"Web Development, Cybersecurity",Intermediate,practical
STU00020,"Artificial Intelligence, Machine Learning",Beginner,Visual
STU00021,"DevOps, SQL",Intermediate,Reading
STU00022,"DevOps, Software Development",Beginner,Visual
STU00023,"Software Development, Deep Learning",Intermediate,practical
STU00024,"Web Development, Software Development",Intermediate,Reading
STU00025,Data Science,Intermediate,practical
STU00026,"Artificial Intelligence, Data Science",Advanced,practical
STU00027,"Deep Learning, Cloud Computing, Software Development",Beginner,practical
STU00028,Deep Learning,Intermediate,Visual
STU00029,Python,Intermediate,Visual
STU00030,Data Analytics,Advanced,practical
STU00031,"Cybersecurity, Cloud Computing",Intermediate,Visual
STU00032,"Artificial Intelligence, Python",Beginner,Reading
STU00033,Software Development,Beginner,practical
STU00034,"Deep Learning, Cybersecurity, Python",Intermediate,Visual
STU00035,"Deep Learning, Data Science, Machine Learning",Advanced,Visual
STU00036,"Cybersecurity, Cloud Computing, Machine Learning",Beginner,practical
STU00037,"Artificial Intelligence, Cybersecurity",Beginner,Visual
STU00038,Cybersecurity,Beginner,Reading
STU00039,"Cloud Computing, Artificial Intelligence",Advanced,Visual
STU00040,SQL,Intermediate,Reading
STU00041,"Software Development, Web Development, Data Science",Intermediate,Visual
STU00042,"Cloud Computing, Web Development",Advanced,Reading
STU00043,"Artificial Intelligence, Data Science",Intermediate,practical
STU00044,Data Science,Intermediate,Reading
STU00045,"Deep Learning, Data Science",Beginner,Visual
STU00046,"Cybersecurity, Deep Learning, Cloud Computing",Beginner,Visual
STU00047,"Machine Learning, DevOps, Deep Learning",Beginner,practical
STU00048,Data Analytics,Advanced,Visual
STU00049,"SQL, Deep Learning",Beginner,practical
STU00050,"SQL, Data Analytics",Advanced,Reading
STU00051,"Artificial Intelligence, SQL",Advanced,practical
STU00052,"SQL, DevOps, Data Analytics",Beginner,practical
STU00053,"Cloud Computing, Data Analytics",Advanced,practical
STU00054,"Data Science, Data Analytics, Machine Learning",Beginner,Visual
STU00055,Cloud Computing,Intermediate,Visual
STU00056,DevOps,Beginner,Visual
STU00057,Deep Learning,Advanced,Reading
STU00058,Cloud Computing,Beginner,Visual
STU00059,"Python, Web Development, Deep Learning",Beginner,Visual
STU00060,"Artificial Intelligence, Cloud Computing, Web Development",Beginner,Reading
STU00061,Machine Learning,Beginner,Reading
STU00062,"Deep Learning, Machine Learning, DevOps",Intermediate,practical
STU00063,Artificial Intelligence,Beginner,practical
STU00064,Deep Learning,Intermediate,Visual
STU00065,"Cloud Computing, Machine Learning, Cybersecurity",Advanced,Visual
STU00066,Machine Learning,Intermediate,Visual
STU00067,Software Development,Beginner,practical
STU00068,"Python, Deep Learning",Advanced,Reading
STU00069,"Web Development, Machine Learning",Advanced,Visual
STU00070,"Artificial Intelligence, Data Analytics, Web Development",Advanced,practical
STU00071,"Software Development, DevOps",Advanced,practical
STU00072,Deep Learning,Advanced,Visual
STU00073,"Web Development, Artificial Intelligence",Beginner,practical
STU00074,Python,Intermediate,Reading
STU00075,"Machine Learning, Web Development, Cybersecurity",Advanced,Reading
STU00076,"Deep Learning, DevOps, Machine Learning",Advanced,Reading
STU00077,"Web Development, Software Development",Beginner,practical
STU00078,Software Development,Beginner,Reading
STU00079,Cybersecurity,Advanced,Reading
STU00080,Cybersecurity,Beginner,practical
STU00081,"DevOps, Machine Learning",Intermediate,practical
STU00082,"Software Development, Python",Beginner,practical
STU00083,"Software Development, Deep Learning, Cybersecurity",Beginner,practical
STU00084,"Cloud Computing, Python, Machine Learning",Beginner,practical
STU00085,Web Development,Advanced,Visual
STU00086,"DevOps, Python",Beginner,practical
STU00087,"Web Development, Cybersecurity",Advanced,Visual
STU00088,"Artificial Intelligence, Data Analytics, SQL",Advanced,practical
STU00089,Deep Learning,Advanced,practical
STU00090,"Web Development, Software Development, SQL",Intermediate,Visual
STU00091,"Artificial Intelligence, Cybersecurity",Beginner,practical
STU00092,"Cybersecurity, Python",Intermediate,Reading
STU00093,"Data Analytics, Software Development, SQL",Beginner,Visual
STU00094,Cloud Computing,Intermediate,Visual
STU00095,"Software Development, Artificial Intelligence, Machine Learning",Advanced,Visual
STU00096,"Python, Machine Learning, Data Analytics",Advanced,Reading
STU00097,Web Development,Intermediate,Visual
STU00098,"Cloud Computing, Data Science, Cybersecurity",Intermediate,Reading
STU00099,"Deep Learning, Data Analytics, Cloud Computing",Advanced,practical
STU00100,"Artificial Intelligence, Cybersecurity",Beginner,Reading
STU00101,"Web Development, DevOps, Cybersecurity",Intermediate,Reading
STU00102,Machine Learning,Beginner,Visual
STU00103,"Software Development, Deep Learning",Intermediate,Visual
STU00104,"SQL, Software Development, Cloud Computing",Advanced,Reading
STU00105,"Web Development, Cybersecurity, Software Development",Intermediate,Visual
STU00106,"SQL, Cloud Computing, Cybersecurity",Beginner,Reading
STU00107,Cybersecurity,Advanced,Visual
STU00108,Cybersecurity,Intermediate,practical
STU00109,"Web Development, Data Science",Beginner,Visual
STU00110,"Web Development, Cybersecurity",Beginner,Reading
STU00111,"Artificial Intelligence, SQL, Data Analytics",Intermediate,Visual
STU00112,"Deep Learning, Artificial Intelligence",Advanced,Reading
STU00113,"Data Science, Deep Learning, Software Development",Beginner,practical
STU00114,Deep Learning,Beginner,practical
STU00115,"Cloud Computing, SQL, Data Analytics",Advanced,Visual
STU00116,Software Development,Intermediate,Reading
STU00117,"Cybersecurity, DevOps",Beginner,Reading
STU00118,"Deep Learning, Cybersecurity, Machine Learning",Intermediate,Visual
STU00119,"Data Science, SQL",Beginner,Reading
STU00120,Software Development,Advanced,Reading
STU00121,"Data Science, Python, Data Analytics",Advanced,Reading
STU00122,"Deep Learning, Data Science",Advanced,Visual
STU00123,"Artificial Intelligence, Cybersecurity",Advanced,practical
STU00124,Data Science,Intermediate,Reading
STU00125,"Python, Data Analytics",Advanced,Reading
STU00126,"Web Development, Software Development, SQL",Advanced,practical
STU00127,Software Development,Advanced,Visual
STU00128,"SQL, Artificial Intelligence",Beginner,Reading
STU00129,"Data Analytics, Cybersecurity",Advanced,Reading
STU00130,"DevOps, SQL, Data Science",Advanced,practical
STU00131,"Deep Learning, Machine Learning",Beginner,Visual
STU00132,"SQL, Data Science, DevOps",Beginner,Reading
STU00133,"Machine Learning, Cloud Computing, SQL",Advanced,practical
STU00134,Machine Learning,Advanced,practical
STU00135,"Cybersecurity, DevOps",Beginner,Visual
STU00136,Software Development,Intermediate,practical
STU00137,"Python, Web Development",Beginner,Visual
STU00138,"Cybersecurity, Cloud Computing",Advanced,Visual
STU00139,"Artificial Intelligence, SQL, Data Analytics",Advanced,Reading
STU00140,Deep Learning,Beginner,Reading
STU00141,"Artificial Intelligence, DevOps",Beginner,Visual
STU00142,"Cybersecurity, Artificial Intelligence, SQL",Intermediate,Visual
STU00143,"DevOps, Python",Intermediate,practical
STU00144,"Machine Learning, Data Science",Advanced,practical
STU00145,Web Development,Intermediate,Visual
STU00146,"SQL, Artificial Intelligence, Cybersecurity",Beginner,Visual
STU00147,"Cybersecurity, Web Development",Intermediate,Reading
STU00148,Deep Learning,Beginner,Reading
STU00149,"Machine Learning, Python",Advanced,Reading
STU00150,"Web Development, Data Science, Deep Learning",Advanced,practical
STU00151,Artificial Intelligence,Advanced,practical
STU00152,Software Development,Advanced,Reading
STU00153,"Deep Learning, Machine Learning, Web Development",Beginner,Reading
STU00154,"Artificial Intelligence, Deep Learning, Data Analytics",Advanced,Visual
STU00155,Data Science,Advanced,Visual
STU00156,Web Development,Beginner,Visual
STU00157,Software Development,Advanced,Visual
STU00158,"Deep Learning, Data Analytics, Machine Learning",Advanced,Reading
STU00159,Deep Learning,Beginner,practical
STU00160,"Cybersecurity, Web Development",Advanced,practical
STU00161,Cybersecurity,Beginner,Reading
STU00162,"Deep Learning, Cybersecurity, DevOps",Intermediate,practical
STU00163,"Machine Learning, Data Analytics",Intermediate,practical
STU00164,"Software Development, Cybersecurity, Python",Intermediate,practical
STU00165,"Software Development, Data Science, Web Development",Advanced,Visual
STU00166,"Machine Learning, Web Development",Beginner,practical
STU00167,"Machine Learning, Data Analytics",Beginner,Reading
STU00168,Software Development,Advanced,Reading
STU00169,"Web Development, Python, SQL",Intermediate,Reading
STU00170,Python,Advanced,practical
STU00171,"Data Science, Artificial Intelligence, Software Development",Advanced,practical
STU00172,"Cybersecurity, SQL",Advanced,Visual
STU00173,"Machine Learning, Python, SQL",Beginner,practical
STU00174,"Artificial Intelligence, Data Science",Intermediate,Visual
STU00175,"Data Science, Deep Learning",Beginner,practical
STU00176,Python,Intermediate,Visual
STU00177,"Software Development, Web Development, Cybersecurity",Beginner,practical
STU00178,Software Development,Beginner,practical
STU00179,"Artificial Intelligence, SQL",Beginner,Reading
STU00180,"Software Development, Cloud Computing",Advanced,Visual
STU00181,Software Development,Beginner,Reading
STU00182,"SQL, Artificial Intelligence",Intermediate,Reading
STU00183,Cybersecurity,Beginner,practical
STU00184,Python,Advanced,Visual
STU00185,"Data Analytics, Data Science",Advanced,Reading
STU00186,"Python, Deep Learning",Advanced,Reading
STU00187,"Software Development, Cloud Computing, Data Analytics",Advanced,Visual
STU00188,"Cybersecurity, Data Science",Beginner,Reading
STU00189,Web Development,Beginner,Visual
STU00190,"Data Analytics, Software Development, SQL",Intermediate,Reading
STU00191,"Cybersecurity, Cloud Computing",Advanced,practical
STU00192,"Software Development, Cybersecurity, Data Science",Intermediate,Reading
STU00193,Cloud Computing,Advanced,practical
STU00194,"Python, Web Development",Intermediate,Reading
STU00195,"Cloud Computing, Python",Advanced,practical
STU00196,"Deep Learning, Cybersecurity, Data Science",Intermediate,Visual
STU00197,"Machine Learning, SQL",Intermediate,Visual
STU00198,"SQL, DevOps, Data Analytics",Beginner,Visual
STU00199,"Cybersecurity, Data Analytics",Advanced,practical
STU00200,"Data Analytics, Cybersecurity",Beginner,practical
STU00201,Deep Learning,Advanced,practical
STU00202,"Artificial Intelligence, Python",Advanced,practical
STU00203,"SQL, Web Development, Data Analytics",Beginner,Reading
STU00204,Artificial Intelligence,Intermediate,Visual
STU00205,"DevOps, Python, Data Science",Intermediate,practical
STU00206,"Data Science, Web Development, Cybersecurity",Advanced,practical
STU00207,Python,Advanced,Reading
STU00208,"Machine Learning, SQL",Intermediate,Reading
STU00209,Deep Learning,Intermediate,Reading
STU00210,"Machine Learning, SQL, Cloud Computing",Advanced,Visual
STU00211,Artificial Intelligence,Intermediate,Reading
STU00212,Cybersecurity,Intermediate,Visual
STU00213,"Cybersecurity, DevOps",Intermediate,practical
STU00214,SQL,Advanced,Reading
STU00215,Software Development,Beginner,Reading
STU00216,"Cybersecurity, Data Analytics, Data Science",Intermediate,Visual
STU00217,"Cybersecurity, Python, Machine Learning",Advanced,Visual
STU00218,"Cybersecurity, SQL, Data Analytics",Intermediate,Reading
STU00219,"SQL, Artificial Intelligence, Software Development",Beginner,Reading
STU00220,"Web Development, Data Science",Advanced,Visual
STU00221,"Cloud Computing, DevOps, Python",Advanced,Reading
STU00222,"Cloud Computing, Artificial Intelligence",Beginner,Reading
STU00223,Machine Learning,Beginner,Visual
STU00224,Deep Learning,Intermediate,Reading
STU00225,"Software Development, Python, Deep Learning",Intermediate,Visual
STU00226,"Cybersecurity, Software Development",Beginner,Reading
STU00227,"Software Development, Artificial Intelligence",Beginner,practical
STU00228,DevOps,Intermediate,Reading
STU00229,"Software Development, Web Development",Intermediate,Reading
STU00230,Data Analytics,Advanced,practical
STU00231,"Python, Deep Learning",Advanced,Reading
STU00232,"Machine Learning, DevOps",Intermediate,Reading
STU00233,Artificial Intelligence,Intermediate,Visual
STU00234,"Software Development, SQL, Data Science",Advanced,Visual
STU00235,Data Science,Advanced,practical
STU00236,"Data Analytics, Python",Beginner,practical
STU00237,Python,Advanced,practical
STU00238,Data Science,Advanced,practical
STU00239,"Deep Learning, Cybersecurity, Data Analytics",Intermediate,practical
STU00240,"Cloud Computing, Cybersecurity",Beginner,Visual
STU00241,Web Development,Beginner,practical
STU00242,"Machine Learning, Python",Intermediate,Reading
STU00243,"SQL, Data Analytics",Intermediate,Reading
STU00244,"Data Science, Software Development, DevOps",Intermediate,practical
STU00245,Machine Learning,Advanced,Reading
STU00246,"Web Development, Python, Cloud Computing",Advanced,Visual
STU00247,SQL,Advanced,practical
STU00248,Python,Intermediate,Reading
STU00249,"Python, Data Analytics, Cloud Computing",Intermediate,practical
STU00250,"Data Science, SQL, Machine Learning",Beginner,Visual
STU00251,"DevOps, Deep Learning, Python",Advanced,Reading
STU00252,Data Analytics,Advanced,practical
STU00253,"Machine Learning, Cloud Computing",Intermediate,Visual
STU00254,Data Science,Advanced,Visual
STU00255,"DevOps, Deep Learning, Cloud Computing",Beginner,practical
STU00256,DevOps,Intermediate,Visual
STU00257,"Cybersecurity, SQL, Deep Learning",Intermediate,Visual
STU00258,"Deep Learning, Python",Advanced,Visual
STU00259,DevOps,Beginner,Reading
STU00260,"Artificial Intelligence, DevOps",Intermediate,Reading
STU00261,"Deep Learning, Cybersecurity",Intermediate,practical
STU00262,"Deep Learning, Cybersecurity",Beginner,Reading
STU00263,Cybersecurity,Intermediate,Reading
STU00264,"Data Science, Cloud Computing, SQL",Beginner,practical
STU00265,"DevOps, SQL, Cloud Computing",Beginner,Visual
STU00266,"Software Development, Artificial Intelligence",Advanced,practical
STU00267,"Web Development, Artificial Intelligence, SQL",Advanced,Reading
STU00268,Data Analytics,Intermediate,practical
STU00269,"Software Development, Cloud Computing",Advanced,Visual
STU00270,Cybersecurity,Intermediate,Reading
STU00271,"Artificial Intelligence, Cybersecurity",Advanced,Visual
STU00272,Deep Learning,Advanced,practical
STU00273,Software Development,Beginner,Reading
STU00274,"Artificial Intelligence, Web Development, Deep Learning",Intermediate,practical
STU00275,"Machine Learning, Cybersecurity, Web Development",Intermediate,Reading
STU00276,"Data Analytics, Machine Learning, Data Science",Advanced,practical
STU00277,"Machine Learning, Cloud Computing",Intermediate,Reading
STU00278,"Deep Learning, Machine Learning",Intermediate,practical
STU00279,"Cloud Computing, Software Development",Advanced,Reading
STU00280,Deep Learning,Intermediate,Reading
STU00281,"Cybersecurity, Artificial Intelligence, Software Development",Intermediate,Visual
STU00282,"Web Development, Cybersecurity",Advanced,practical
STU00283,Deep Learning,Intermediate,practical
STU00284,Web Development,Intermediate,Reading
STU00285,"Cybersecurity, Data Science, Data Analytics",Beginner,practical
STU00286,"Machine Learning, DevOps",Advanced,practical
STU00287,"Data Analytics, Python",Advanced,practical
STU00288,Web Development,Beginner,Reading
STU00289,Machine Learning,Advanced,Visual
STU00290,"Data Analytics, Cloud Computing, Cybersecurity",Advanced,Visual
STU00291,"Software Development, DevOps",Beginner,practical
STU00292,"Artificial Intelligence, Cybersecurity",Advanced,Reading
STU00293,"Machine Learning, Deep Learning, Python",Advanced,Visual
STU00294,"DevOps, Software Development, Artificial Intelligence",Intermediate,Visual
STU00295,"Web Development, Cloud Computing, Machine Learning",Beginner,Reading
STU00296,"Web Development, Artificial Intelligence",Intermediate,Reading
STU00297,Cybersecurity,Intermediate,Visual
STU00298,Deep Learning,Intermediate,practical
STU00299,"Artificial Intelligence, SQL, Python",Beginner,Reading
STU00300,"Software Development, Machine Learning, Cloud Computing",Beginner,Visual
STU00301,"Deep Learning, DevOps",Beginner,Visual
STU00302,Python,Advanced,Visual
STU00303,Data Science,Advanced,practical
STU00304,"Data Science, Cybersecurity, Software Development",Beginner,Reading
STU00305,Cloud Computing,Intermediate,Visual
STU00306,"Machine Learning, DevOps",Advanced,Visual
STU00307,"Deep Learning, Python, Cybersecurity",Advanced,Visual
STU00308,"Machine Learning, SQL",Advanced,practical
STU00309,"Machine Learning, Python",Advanced,practical
STU00310,"Cybersecurity, Deep Learning",Intermediate,Reading
STU00311,"Software Development, Artificial Intelligence, SQL",Beginner,Visual
STU00312,"DevOps, Software Development",Advanced,Reading
STU00313,Artificial Intelligence,Advanced,Visual
STU00314,"Artificial Intelligence, Web Development",Advanced,Visual
STU00315,"Machine Learning, Artificial Intelligence, Deep Learning",Beginner,Reading
STU00316,"Machine Learning, Data Science",Beginner,practical
STU00317,Artificial Intelligence,Intermediate,Reading
STU00318,"Cloud Computing, Deep Learning",Beginner,practical
STU00319,Cloud Computing,Intermediate,Visual
STU00320,SQL,Advanced,Reading
STU00321,DevOps,Beginner,Visual
STU00322,"SQL, Cloud Computing, Software Development",Intermediate,Reading
STU00323,"Machine Learning, Deep Learning, Cloud Computing",Advanced,Visual
STU00324,"Artificial Intelligence, SQL",Advanced,Visual
STU00325,"Deep Learning, Cloud Computing",Beginner,Reading
STU00326,"Cybersecurity, SQL, Python",Intermediate,Visual
STU00327,"Artificial Intelligence, Machine Learning, Python",Intermediate,practical
STU00328,"Software Development, Cybersecurity",Intermediate,Reading
STU00329,"SQL, Data Science",Advanced,Reading
STU00330,Python,Beginner,practical
STU00331,"Artificial Intelligence, DevOps",Advanced,Reading
STU00332,"Web Development, Data Science, Cloud Computing",Intermediate,Visual
STU00333,SQL,Intermediate,practical
STU00334,Cloud Computing,Intermediate,practical
STU00335,"Python, Artificial Intelligence, Web Development",Intermediate,practical
STU00336,"Machine Learning, SQL",Intermediate,Reading
STU00337,Cybersecurity,Beginner,practical
STU00338,"Cloud Computing, SQL",Intermediate,Visual
STU00339,"Software Development, DevOps",Intermediate,Visual
STU00340,"Web Development, Data Analytics",Advanced,Reading
STU00341,Artificial Intelligence,Intermediate,practical
STU00342,"Artificial Intelligence, SQL, Cybersecurity",Intermediate,practical
STU00343,"Software Development, Artificial Intelligence, Machine Learning",Advanced,practical
STU00344,"SQL, Artificial Intelligence",Beginner,Reading
STU00345,"Python, Web Development",Intermediate,Reading
STU00346,"Software Development, DevOps",Intermediate,practical
STU00347,"SQL, Software Development, Machine Learning",Advanced,Reading
STU00348,"Cybersecurity, Deep Learning, Cloud Computing",Beginner,Visual
STU00349,"SQL, Deep Learning",Beginner,Reading
STU00350,"SQL, Deep Learning, Cybersecurity",Advanced,Reading
STU00351,"Software Development, Deep Learning",Beginner,Reading
STU00352,"Data Science, Deep Learning",Intermediate,Visual
STU00353,Cloud Computing,Advanced,Reading
STU00354,"Data Science, Data Analytics, DevOps",Beginner,Reading
STU00355,"Cybersecurity, Machine Learning",Beginner,practical
STU00356,Deep Learning,Advanced,practical
STU00357,"Cybersecurity, Data Analytics, Python",Advanced,Reading
STU00358,"Data Science, Web Development, Cybersecurity",Beginner,Reading
STU00359,"Deep Learning, Data Analytics, SQL",Beginner,practical
STU00360,"Data Science, Software Development",Beginner,Reading
STU00361,"Data Analytics, Data Science, Artificial Intelligence",Beginner,practical
STU00362,SQL,Advanced,Reading
STU00363,Cybersecurity,Advanced,Visual
STU00364,SQL,Intermediate,Reading
STU00365,"Cloud Computing, Cybersecurity, SQL",Beginner,practical
STU00366,"Artificial Intelligence, Cybersecurity",Advanced,Reading
STU00367,"SQL, Data Science",Advanced,Visual
STU00368,"Cloud Computing, Cybersecurity",Intermediate,Visual
STU00369,"SQL, Data Analytics",Intermediate,practical
STU00370,Python,Advanced,Visual
STU00371,"Software Development, Data Science",Intermediate,Reading
STU00372,"Machine Learning, Data Analytics",Beginner,Reading
STU00373,"SQL, DevOps, Software Development",Beginner,Visual
STU00374,"Machine Learning, Cybersecurity, Python",Beginner,Reading
STU00375,"Data Science, Data Analytics, Deep Learning",Intermediate,practical
STU00376,"Deep Learning, Data Analytics, Artificial Intelligence",Intermediate,Reading
STU00377,Python,Advanced,Visual
STU00378,"Cybersecurity, Cloud Computing, Data Analytics",Intermediate,Reading
STU00379,"Software Development, Data Science",Beginner,Visual
STU00380,"Software Development, Machine Learning",Advanced,Reading
STU00381,"Cloud Computing, Data Science",Intermediate,Visual
STU00382,"Software Development, Web Development, Data Science",Beginner,Visual
STU00383,"Software Development, SQL",Intermediate,Reading
STU00384,"SQL, Deep Learning",Beginner,practical
STU00385,"Artificial Intelligence, Deep Learning",Beginner,Visual
STU00386,Data Analytics,Advanced,Reading
STU00387,"SQL, Software Development",Intermediate,Visual
STU00388,"Python, Machine Learning",Beginner,Visual
STU00389,"Artificial Intelligence, Data Analytics",Intermediate,Reading
STU00390,"Web Development, Software Development",Beginner,practical
STU00391,"Artificial Intelligence, Data Analytics",Intermediate,Reading
STU00392,"Machine Learning, Python",Advanced,Reading
STU00393,Artificial Intelligence,Intermediate,practical
STU00394,Software Development,Intermediate,practical
STU00395,"Deep Learning, SQL, Data Science",Advanced,Visual
STU00396,DevOps,Intermediate,Reading
STU00397,Artificial Intelligence,Intermediate,Reading
STU00398,"Software Development, Data Analytics, Artificial Intelligence",Advanced,Visual
STU00399,"Data Analytics, SQL, Data Science",Beginner,Reading
STU00400,"Data Analytics, Web Development, Cloud Computing",Advanced,Reading
STU00401,"Data Analytics, Data Science, Cybersecurity",Advanced,Visual
STU00402,DevOps,Intermediate,Visual
STU00403,"Data Science, Machine Learning, Web Development",Intermediate,practical
STU00404,Machine Learning,Advanced,Visual
STU00405,"Software Development, Machine Learning, Deep Learning",Beginner,Visual
STU00406,"SQL, Python",Advanced,practical
STU00407,"Software Development, Cloud Computing",Intermediate,Reading
STU00408,"Data Science, Web Development, Cybersecurity",Advanced,practical
STU00409,Python,Intermediate,Reading
STU00410,"DevOps, Artificial Intelligence, Data Analytics",Intermediate,practical
STU00411,"DevOps, Cybersecurity, Data Science",Beginner,Reading
STU00412,"Deep Learning, Artificial Intelligence, Python",Beginner,practical
STU00413,Python,Beginner,Reading
STU00414,"DevOps, Data Analytics",Advanced,Reading
STU00415,Cloud Computing,Advanced,Visual
STU00416,"Software Development, Artificial Intelligence, DevOps",Advanced,Reading
STU00417,Cybersecurity,Advanced,Visual
STU00418,"Data Analytics, SQL, Web Development",Intermediate,Visual
STU00419,"Artificial Intelligence, SQL",Beginner,practical
STU00420,Deep Learning,Beginner,practical
STU00421,Software Development,Beginner,Visual
STU00422,Machine Learning,Beginner,Visual
STU00423,Data Science,Advanced,Visual
STU00424,Machine Learning,Intermediate,Reading
STU00425,"Cloud Computing, Machine Learning, SQL",Advanced,Reading
STU00426,"Cybersecurity, Cloud Computing, Data Analytics",Advanced,Reading
STU00427,"Python, Deep Learning, Data Analytics",Beginner,Visual
STU00428,Web Development,Advanced,Reading
STU00429,"Cloud Computing, Cybersecurity",Beginner,Reading
STU00430,"Deep Learning, DevOps",Beginner,Visual
STU00431,"Artificial Intelligence, Data Science",Beginner,practical
STU00432,Cybersecurity,Beginner,Visual
STU00433,Web Development,Advanced,practical
STU00434,"Web Development, DevOps",Beginner,Reading
STU00435,"Data Analytics, Artificial Intelligence, Web Development",Advanced,Visual
STU00436,"Deep Learning, Web Development, Artificial Intelligence",Advanced,Visual
STU00437,"SQL, Deep Learning",Intermediate,Visual
STU00438,"Cybersecurity, Data Science",Beginner,Reading
STU00439,Software Development,Intermediate,Reading
STU00440,"Web Development, Software Development, Artificial Intelligence",Advanced,practical
STU00441,"Cloud Computing, Data Science, Cybersecurity",Advanced,Reading
STU00442,Data Analytics,Advanced,practical
STU00443,"Web Development, Artificial Intelligence",Intermediate,Reading
STU00444,"Data Science, Machine Learning, Python",Intermediate,Reading
STU00445,"Artificial Intelligence, Deep Learning, DevOps",Intermediate,Reading
STU00446,"Cloud Computing, Web Development",Beginner,Visual
STU00447,"DevOps, Cybersecurity, SQL",Beginner,Visual
STU00448,"Python, Software Development",Beginner,practical
STU00449,"Data Analytics, Data Science",Intermediate,Visual
STU00450,"Cybersecurity, Web Development",Intermediate,Visual
STU00451,"Machine Learning, Deep Learning",Intermediate,practical
STU00452,DevOps,Beginner,Visual
STU00453,"Data Science, Machine Learning",Advanced,Reading
STU00454,"Data Science, Cybersecurity, Software Development",Beginner,Visual
STU00455,"Artificial Intelligence, Deep Learning, Cloud Computing",Advanced,practical
STU00456,"Cybersecurity, SQL, Deep Learning",Beginner,practical
STU00457,DevOps,Advanced,Reading
STU00458,"Cloud Computing, Data Analytics",Beginner,Reading
STU00459,"Python, Cloud Computing, DevOps",Advanced,Visual
STU00460,Data Analytics,Intermediate,practical
STU00461,"Data Analytics, Web Development",Intermediate,Visual
STU00462,SQL,Intermediate,Visual
STU00463,"Deep Learning, Cybersecurity, Artificial Intelligence",Intermediate,Reading
STU00464,Data Science,Advanced,Visual
STU00465,"Deep Learning, Artificial Intelligence, SQL",Intermediate,Visual
STU00466,Deep Learning,Beginner,practical
STU00467,SQL,Beginner,practical
STU00468,Data Analytics,Intermediate,Visual
STU00469,"Artificial Intelligence, Data Science, Software Development",Advanced,practical
STU00470,"Machine Learning, Data Analytics",Intermediate,practical
STU00471,Software Development,Beginner,practical
STU00472,Deep Learning,Intermediate,practical
STU00473,"DevOps, Data Analytics",Intermediate,Visual
STU00474,"Machine Learning, Deep Learning",Advanced,practical
STU00475,"DevOps, Web Development, Cybersecurity",Intermediate,practical
STU00476,"DevOps, Cybersecurity",Advanced,practical
STU00477,"Web Development, SQL, Cloud Computing",Intermediate,practical
STU00478,"Web Development, SQL, Python",Advanced,Visual
STU00479,SQL,Beginner,practical
STU00480,Python,Advanced,practical
STU00481,DevOps,Beginner,Visual
STU00482,"Deep Learning, Python",Intermediate,Visual
STU00483,Machine Learning,Intermediate,practical
STU00484,DevOps,Advanced,Visual
STU00485,"Software Development, Data Analytics, Cybersecurity",Advanced,Visual
STU00486,"Deep Learning, DevOps, Python",Advanced,Reading
STU00487,Cloud Computing,Advanced,practical
STU00488,"Data Analytics, Data Science",Beginner,practical
STU00489,Web Development,Beginner,practical
STU00490,Cloud Computing,Advanced,practical
STU00491,"Machine Learning, Cloud Computing",Advanced,Reading
STU00492,Data Analytics,Beginner,Reading
STU00493,Python,Advanced,Visual
STU00494,"Data Science, Software Development",Beginner,Visual
STU00495,"Data Science, DevOps",Advanced,practical
STU00496,"Artificial Intelligence, Python",Intermediate,Visual
STU00497,"Python, DevOps",Advanced,Visual
STU00498,"Data Science, Machine Learning, Deep Learning",Intermediate,practical
STU00499,Software Development,Intermediate,Visual
STU00500,Cybersecurity,Advanced,practical
STU00501,"Deep Learning, Cloud Computing, DevOps",Intermediate,Reading
STU00502,"Data Science, Cloud Computing",Advanced,practical
STU00503,"Artificial Intelligence, DevOps",Beginner,practical
STU00504,Machine Learning,Advanced,practical
STU00505,"DevOps, Artificial Intelligence",Beginner,Reading
STU00506,"Cloud Computing, Cybersecurity",Intermediate,Visual
STU00507,"Cloud Computing, Python, DevOps",Intermediate,practical
STU00508,"Data Analytics, Software Development, DevOps",Beginner,Reading
STU00509,"Python, SQL",Beginner,practical
STU00510,Data Science,Advanced,practical
STU00511,"Software Development, DevOps, Python",Advanced,Visual
STU00512,"Software Development, Artificial Intelligence, DevOps",Intermediate,practical
STU00513,"Software Development, Data Analytics, Deep Learning",Advanced,practical
STU00514,Data Science,Intermediate,practical
STU00515,"Cybersecurity, Web Development",Beginner,practical
STU00516,Artificial Intelligence,Intermediate,Visual
STU00517,"Cloud Computing, Software Development, Data Analytics",Beginner,Visual
STU00518,Cloud Computing,Beginner,Visual
STU00519,"SQL, Machine Learning",Advanced,practical
STU00520,"Artificial Intelligence, Python",Intermediate,Visual
STU00521,"Artificial Intelligence, Deep Learning",Advanced,Reading
STU00522,"Data Analytics, Web Development",Advanced,Reading
STU00523,"Deep Learning, SQL, Web Development",Advanced,Reading
STU00524,Machine Learning,Advanced,Reading
STU00525,Deep Learning,Advanced,practical
STU00526,"SQL, Machine Learning, Cybersecurity",Beginner,Visual
STU00527,Deep Learning,Advanced,practical
STU00528,"Web Development, Python",Advanced,Visual
STU00529,Data Science,Advanced,practical
STU00530,SQL,Intermediate,Reading
STU00531,"Artificial Intelligence, Data Science",Beginner,Visual
STU00532,"Data Analytics, Artificial Intelligence, Deep Learning",Advanced,practical
STU00533,"Data Science, SQL, Cybersecurity",Advanced,Reading
STU00534,DevOps,Intermediate,Visual
STU00535,"Artificial Intelligence, DevOps, Cybersecurity",Intermediate,Reading
STU00536,Data Analytics,Beginner,practical
STU00537,"Artificial Intelligence, SQL",Intermediate,practical
STU00538,Cybersecurity,Intermediate,practical
STU00539,"Software Development, Machine Learning",Intermediate,Visual
STU00540,"Cloud Computing, Deep Learning, Data Science",Advanced,Reading
STU00541,"Data Science, Software Development",Beginner,Reading
STU00542,"Web Development, Python",Advanced,practical
STU00543,"Web Development, Cybersecurity, Artificial Intelligence",Advanced,practical
STU00544,SQL,Advanced,Reading
STU00545,Deep Learning,Beginner,Reading
STU00546,"Deep Learning, SQL, Machine Learning",Advanced,practical
STU00547,"Deep Learning, Machine Learning, Software Development",Beginner,practical
STU00548,"Web Development, SQL, Data Science",Beginner,Visual
STU00549,"DevOps, Machine Learning",Beginner,Reading
STU00550,"Machine Learning, Data Science",Beginner,Visual
STU00551,Web Development,Advanced,practical
STU00552,Data Science,Advanced,Visual
STU00553,"Data Analytics, Cloud Computing",Intermediate,Reading
STU00554,"Cloud Computing, Deep Learning",Intermediate,Visual
STU00555,"Software Development, Data Analytics",Intermediate,Visual
STU00556,"Deep Learning, Data Analytics, Machine Learning",Beginner,Visual
STU00557,"Deep Learning, SQL, Cloud Computing",Beginner,Visual
STU00558,Python,Intermediate,practical
STU00559,"DevOps, Python, Software Development",Intermediate,Visual
STU00560,"Data Analytics, Artificial Intelligence",Intermediate,Reading
STU00561,Data Science,Intermediate,practical
STU00562,"Machine Learning, Data Analytics, Software Development",Beginner,Reading
STU00563,"Python, Cybersecurity",Intermediate,Reading
STU00564,"Data Science, Machine Learning",Beginner,Visual
STU00565,"Python, Artificial Intelligence",Advanced,practical
STU00566,"Machine Learning, Web Development, Software Development",Beginner,Visual
STU00567,"Cloud Computing, Deep Learning",Intermediate,Visual
STU00568,Deep Learning,Intermediate,Visual
STU00569,"Web Development, Software Development",Advanced,practical
STU00570,"Artificial Intelligence, SQL",Beginner,Visual
STU00571,Deep Learning,Advanced,practical
STU00572,Artificial Intelligence,Beginner,Reading
STU00573,"Data Analytics, Artificial Intelligence",Advanced,practical
STU00574,"Data Science, Software Development, Artificial Intelligence",Intermediate,practical
STU00575,"Cloud Computing, Software Development, Cybersecurity",Intermediate,Reading
STU00576,"Cloud Computing, Web Development",Advanced,Visual
STU00577,"Data Science, Cloud Computing, Deep Learning",Intermediate,Reading
STU00578,DevOps,Intermediate,Visual
STU00579,Cloud Computing,Intermediate,Visual
STU00580,Deep Learning,Intermediate,Reading
STU00581,"Cloud Computing, Data Analytics",Beginner,practical
STU00582,"Artificial Intelligence, Deep Learning, Python",Advanced,Visual
STU00583,"Software Development, Machine Learning, SQL",Advanced,practical
STU00584,Python,Advanced,practical
STU00585,Cloud Computing,Advanced,Visual
STU00586,Cloud Computing,Intermediate,practical
STU00587,"Python, Deep Learning",Beginner,Reading
STU00588,"Cloud Computing, DevOps, Software Development",Beginner,Visual
STU00589,"Cybersecurity, Artificial Intelligence",Advanced,Reading
STU00590,"Python, Cloud Computing, Artificial Intelligence",Intermediate,practical
STU00591,"Artificial Intelligence, Web Development, Cybersecurity",Intermediate,Visual
STU00592,"Data Analytics, Cloud Computing",Advanced,Visual
STU00593,Python,Advanced,Reading
STU00594,Web Development,Intermediate,Visual
STU00595,"Web Development, Artificial Intelligence",Intermediate,Visual
STU00596,"Cloud Computing, Artificial Intelligence, Web Development",Advanced,Visual
STU00597,"Web Development, Data Science",Intermediate,Reading
STU00598,"Artificial Intelligence, Software Development, Cybersecurity",Intermediate,practical
STU00599,"Cybersecurity, Python",Intermediate,Reading
STU00600,Software Development,Intermediate,practical
STU00601,"Cloud Computing, Python",Advanced,Visual
STU00602,Machine Learning,Intermediate,practical
STU00603,Python,Intermediate,Visual
STU00604,"Cybersecurity, Software Development, Data Analytics",Advanced,Reading
STU00605,"Data Analytics, Web Development",Advanced,Reading
STU00606,"Software Development, Python",Advanced,Reading
STU00607,Python,Beginner,Visual
STU00608,"SQL, Web Development, Data Analytics",Intermediate,Visual
STU00609,SQL,Beginner,Reading
STU00610,Data Science,Advanced,practical
STU00611,Python,Intermediate,practical
STU00612,"Artificial Intelligence, SQL",Beginner,practical
STU00613,Cybersecurity,Advanced,Reading
STU00614,"Cloud Computing, Data Analytics",Beginner,practical
STU00615,"Cybersecurity, Data Analytics, SQL",Advanced,practical
STU00616,Python,Beginner,Visual
STU00617,Software Development,Beginner,Visual
STU00618,"Python, DevOps",Advanced,practical
STU00619,"Data Analytics, Python, Software Development",Advanced,practical
STU00620,"Artificial Intelligence, SQL, Deep Learning",Intermediate,practical
STU00621,Machine Learning,Intermediate,Visual
STU00622,"Python, SQL",Intermediate,Visual
STU00623,"DevOps, Web Development",Intermediate,Reading
STU00624,"Cybersecurity, Machine Learning",Advanced,practical
STU00625,"Python, Cybersecurity",Intermediate,Reading
STU00626,"Data Science, SQL, Software Development",Beginner,Visual
STU00627,"Web Development, Data Science",Intermediate,Reading
STU00628,Cloud Computing,Beginner,practical
STU00629,"SQL, Cloud Computing",Beginner,Visual
STU00630,Web Development,Intermediate,practical
STU00631,"Cloud Computing, Software Development",Beginner,practical
STU00632,"Software Development, Python",Advanced,Visual
STU00633,"Artificial Intelligence, Cloud Computing",Intermediate,Reading
STU00634,Artificial Intelligence,Intermediate,practical
STU00635,Cybersecurity,Intermediate,Reading
STU00636,"Python, Cloud Computing",Beginner,Visual
STU00637,Cybersecurity,Advanced,practical
STU00638,"SQL, DevOps, Cloud Computing",Beginner,Visual
STU00639,"Data Analytics, Cybersecurity",Beginner,practical
STU00640,"Cybersecurity, Artificial Intelligence, Data Science",Intermediate,practical
STU00641,"DevOps, Python, SQL",Advanced,Reading
STU00642,Artificial Intelligence,Beginner,Reading
STU00643,"Deep Learning, DevOps, Data Analytics",Intermediate,practical
STU00644,Cloud Computing,Beginner,Reading
STU00645,Data Science,Beginner,Visual
STU00646,Software Development,Beginner,Reading
STU00647,"DevOps, Data Science",Intermediate,practical
STU00648,Python,Advanced,Visual
STU00649,Machine Learning,Advanced,Visual
STU00650,"Data Science, Software Development, Data Analytics",Intermediate,practical
STU00651,Python,Advanced,Visual
STU00652,"Cybersecurity, Deep Learning",Beginner,practical
STU00653,"Python, SQL",Beginner,Reading
STU00654,"Machine Learning, Cloud Computing, SQL",Intermediate,practical
STU00655,"Data Analytics, Data Science, Python",Advanced,Visual
STU00656,"Software Development, Python",Advanced,Reading
STU00657,Cloud Computing,Beginner,Reading
STU00658,"Cybersecurity, Data Science",Beginner,Visual
STU00659,"Cybersecurity, Artificial Intelligence",Advanced,Reading
STU00660,"Cloud Computing, SQL",Beginner,practical
STU00661,"DevOps, Data Analytics",Beginner,Reading
STU00662,"Data Analytics, Artificial Intelligence, Python",Beginner,Visual
STU00663,"Data Science, Machine Learning",Beginner,Reading
STU00664,"Machine Learning, Deep Learning",Advanced,Visual
STU00665,Deep Learning,Advanced,Reading
STU00666,Python,Intermediate,practical
STU00667,"Deep Learning, Artificial Intelligence, Cloud Computing",Advanced,Reading
STU00668,"Deep Learning, Software Development, Cloud Computing",Beginner,practical
STU00669,"DevOps, Machine Learning, SQL",Beginner,practical
STU00670,"Deep Learning, Data Science",Intermediate,practical
STU00671,"Web Development, Data Science",Intermediate,Visual
STU00672,"Deep Learning, Artificial Intelligence, Web Development",Advanced,practical
STU00673,"Data Analytics, Artificial Intelligence",Intermediate,Reading
STU00674,"Deep Learning, Web Development",Advanced,Reading
STU00675,"SQL, Cybersecurity, Deep Learning",Advanced,Reading
STU00676,"Artificial Intelligence, Data Science",Intermediate,Visual
STU00677,"Artificial Intelligence, Deep Learning",Beginner,Visual
STU00678,Cloud Computing,Beginner,practical
STU00679,"Data Analytics, Web Development, Artificial Intelligence",Intermediate,Visual
STU00680,"SQL, Data Science, Cloud Computing",Beginner,practical
STU00681,"Data Analytics, Deep Learning",Beginner,practical
STU00682,Cloud Computing,Beginner,practical
STU00683,"Artificial Intelligence, DevOps",Intermediate,practical
STU00684,"Machine Learning, Web Development, Python",Intermediate,Reading
STU00685,Data Analytics,Advanced,practical
STU00686,"Artificial Intelligence, Data Science, Cloud Computing",Beginner,Reading
STU00687,"SQL, DevOps",Beginner,practical
STU00688,"Deep Learning, Cloud Computing",Advanced,practical
STU00689,"Software Development, Data Analytics",Intermediate,practical
STU00690,Data Analytics,Intermediate,Reading
STU00691,"Python, Software Development",Beginner,Reading
STU00692,DevOps,Beginner,practical
STU00693,Data Science,Advanced,practical
STU00694,Data Science,Beginner,practical
STU00695,Data Science,Advanced,practical
STU00696,Web Development,Advanced,Visual
STU00697,Cloud Computing,Beginner,practical
STU00698,"Deep Learning, Artificial Intelligence",Advanced,Reading
STU00699,"Data Analytics, Python, Machine Learning",Intermediate,practical
STU00700,"Artificial Intelligence, Deep Learning, Software Development",Advanced,Reading
STU00701,"Artificial Intelligence, Web Development, Python",Advanced,Reading
STU00702,"Software Development, Machine Learning",Beginner,Visual
STU00703,"Web Development, Data Science",Advanced,Visual
STU00704,"Cybersecurity, Deep Learning",Beginner,Visual
STU00705,"Cloud Computing, Python, SQL",Advanced,Reading
STU00706,"Machine Learning, DevOps",Intermediate,Reading
STU00707,Machine Learning,Advanced,Reading
STU00708,"Software Development, Artificial Intelligence, Deep Learning",Advanced,practical
STU00709,"Data Science, SQL",Advanced,practical
STU00710,"Web Development, Cloud Computing",Advanced,Visual
STU00711,Data Science,Beginner,practical
STU00712,"Software Development, Cybersecurity, Machine Learning",Advanced,Visual
STU00713,SQL,Beginner,Visual
STU00714,DevOps,Beginner,practical
STU00715,Web Development,Advanced,Visual
STU00716,"Web Development, SQL",Intermediate,Reading
STU00717,Deep Learning,Advanced,practical
STU00718,"Artificial Intelligence, Software Development",Intermediate,practical
STU00719,"Web Development, Artificial Intelligence, Machine Learning",Advanced,Visual
STU00720,Web Development,Intermediate,Reading
STU00721,"SQL, Data Science",Intermediate,practical
STU00722,"Cybersecurity, Cloud Computing, SQL",Intermediate,practical
STU00723,"DevOps, Cybersecurity",Advanced,Reading
STU00724,"Cloud Computing, Artificial Intelligence",Beginner,Reading
STU00725,Cybersecurity,Advanced,Reading
STU00726,"Deep Learning, Cybersecurity, DevOps",Beginner,Reading
STU00727,"Web Development, Artificial Intelligence",Intermediate,practical
STU00728,Data Analytics,Beginner,Reading
STU00729,"SQL, Data Science",Beginner,Reading
STU00730,Python,Intermediate,Visual
STU00731,"DevOps, Web Development",Advanced,Reading
STU00732,"Machine Learning, Data Science, DevOps",Intermediate,practical
STU00733,"Python, Web Development, Deep Learning",Advanced,Reading
STU00734,DevOps,Advanced,Visual
STU00735,"Deep Learning, Web Development",Beginner,Reading
STU00736,"Data Science, SQL",Advanced,Visual
STU00737,Data Science,Beginner,Visual
STU00738,Deep Learning,Advanced,Visual
STU00739,DevOps,Advanced,Visual
STU00740,"Data Science, Machine Learning, Cybersecurity",Advanced,Visual
STU00741,"Data Science, Web Development",Intermediate,Reading
STU00742,DevOps,Advanced,Reading
STU00743,"DevOps, Web Development",Intermediate,Reading
STU00744,Data Analytics,Advanced,Reading
STU00745,"Cybersecurity, Machine Learning",Beginner,practical
STU00746,"Deep Learning, Artificial Intelligence",Intermediate,Visual
STU00747,Cybersecurity,Intermediate,practical
STU00748,"DevOps, Data Science",Intermediate,Visual
STU00749,"Cloud Computing, Machine Learning, Web Development",Beginner,practical
STU00750,DevOps,Intermediate,Visual
STU00751,"Deep Learning, Data Science",Advanced,practical
STU00752,"Artificial Intelligence, Software Development, Web Development",Advanced,Visual
STU00753,"Software Development, SQL",Intermediate,Visual
STU00754,"Software Development, Python, SQL",Intermediate,Reading
STU00755,Web Development,Beginner,Visual
STU00756,Deep Learning,Beginner,practical
STU00757,Web Development,Intermediate,practical
STU00758,"Data Science, Data Analytics",Intermediate,Visual
STU00759,"Web Development, Machine Learning",Advanced,practical
STU00760,"Deep Learning, Cybersecurity, Cloud Computing",Intermediate,practical
STU00761,Python,Beginner,practical
STU00762,Machine Learning,Intermediate,Reading
STU00763,"DevOps, Python, Web Development",Beginner,Reading
STU00764,SQL,Beginner,practical
STU00765,Python,Advanced,Reading
STU00766,"Software Development, Python, Artificial Intelligence",Advanced,practical
STU00767,"Artificial Intelligence, Deep Learning, Machine Learning",Advanced,Reading
STU00768,"Cloud Computing, Data Analytics",Beginner,Visual
STU00769,"Deep Learning, SQL",Beginner,practical
STU00770,Python,Advanced,Reading
STU00771,"Software Development, Deep Learning, DevOps",Advanced,Visual
STU00772,Cloud Computing,Beginner,practical
STU00773,Python,Beginner,practical
STU00774,Machine Learning,Intermediate,Reading
STU00775,Web Development,Beginner,Visual
STU00776,Deep Learning,Beginner,Visual
STU00777,"Cybersecurity, Cloud Computing",Advanced,Visual
STU00778,"Software Development, Data Science, Data Analytics",Beginner,Reading
STU00779,"Python, Data Analytics, Web Development",Advanced,Reading
STU00780,"Python, Software Development",Intermediate,practical
STU00781,Data Analytics,Beginner,practical
STU00782,"SQL, Web Development",Intermediate,practical
STU00783,"Python, Deep Learning, Data Science",Advanced,practical
STU00784,Python,Advanced,practical
STU00785,"DevOps, Software Development, Cybersecurity",Intermediate,practical
STU00786,Web Development,Intermediate,Visual
STU00787,"Machine Learning, Cloud Computing",Advanced,Reading
STU00788,"Data Science, Data Analytics",Beginner,Reading
STU00789,Artificial Intelligence,Intermediate,practical
STU00790,"Machine Learning, Python",Beginner,practical
STU00791,"Cloud Computing, Machine Learning",Advanced,Reading
STU00792,Machine Learning,Beginner,Visual
STU00793,"DevOps, Cybersecurity, Cloud Computing",Beginner,Visual
STU00794,"Cloud Computing, SQL",Intermediate,Reading
STU00795,"DevOps, Software Development, Web Development",Beginner,practical
STU00796,"Python, Artificial Intelligence, DevOps",Beginner,Visual
STU00797,"Software Development, Machine Learning, Web Development",Intermediate,practical
STU00798,"Machine Learning, SQL, DevOps",Intermediate,practical
STU00799,"SQL, Data Analytics",Beginner,practical
STU00800,"Web Development, Cloud Computing",Advanced,Visual
STU00801,Data Science,Beginner,Visual
STU00802,"Deep Learning, Data Analytics",Beginner,Reading
STU00803,"Web Development, DevOps",Intermediate,Reading
STU00804,Data Analytics,Intermediate,Visual
STU00805,"Data Analytics, Data Science",Intermediate,practical
STU00806,"Cybersecurity, Software Development, Machine Learning",Intermediate,practical
STU00807,Cybersecurity,Intermediate,Visual
STU00808,"DevOps, Python",Beginner,practical
STU00809,Artificial Intelligence,Beginner,Visual
STU00810,"Artificial Intelligence, Python",Intermediate,practical
STU00811,"Cloud Computing, Cybersecurity",Advanced,Reading
STU00812,Data Analytics,Intermediate,practical
STU00813,"Cloud Computing, Artificial Intelligence",Beginner,Reading
STU00814,Cloud Computing,Advanced,Visual
STU00815,"DevOps, Software Development, Deep Learning",Advanced,Visual
STU00816,Artificial Intelligence,Advanced,practical
STU00817,Machine Learning,Beginner,Reading
STU00818,"Python, Cybersecurity, Machine Learning",Advanced,Visual
STU00819,Python,Intermediate,Reading
STU00820,"Software Development, Cloud Computing",Beginner,Visual
STU00821,Web Development,Advanced,Visual
STU00822,"Cybersecurity, Cloud Computing, Data Science",Advanced,Visual
STU00823,"Data Science, Artificial Intelligence",Advanced,practical
STU00824,"Python, Data Science",Beginner,practical
STU00825,"Python, DevOps, Cloud Computing",Intermediate,practical
STU00826,"SQL, Software Development",Beginner,Reading
STU00827,Web Development,Beginner,Reading
STU00828,"Cloud Computing, Web Development, Python",Beginner,Reading
STU00829,"Software Development, Cybersecurity",Beginner,Reading
STU00830,"Data Science, Machine Learning",Beginner,Visual
STU00831,DevOps,Advanced,practical
STU00832,"Cloud Computing, Cybersecurity, Software Development",Advanced,practical
STU00833,"Web Development, Data Science",Intermediate,practical
STU00834,Python,Advanced,practical
STU00835,"Software Development, Machine Learning, SQL",Advanced,practical
STU00836,"Data Analytics, Python",Advanced,Visual
STU00837,"Deep Learning, Data Science, Machine Learning",Intermediate,Visual
STU00838,Artificial Intelligence,Advanced,Visual
STU00839,SQL,Beginner,Reading
STU00840,"Cloud Computing, Deep Learning",Advanced,practical
STU00841,"Python, SQL, Software Development",Beginner,Visual
STU00842,Cybersecurity,Advanced,Visual
STU00843,Deep Learning,Advanced,practical
STU00844,"Data Analytics, Cybersecurity",Advanced,Reading
STU00845,"SQL, Deep Learning, DevOps",Beginner,Reading
STU00846,"Data Science, Data Analytics, Deep Learning",Intermediate,Visual
STU00847,"SQL, Software Development, Cloud Computing",Intermediate,Reading
STU00848,"Data Science, Python, Cybersecurity",Beginner,Visual
STU00849,Software Development,Beginner,Visual
STU00850,"Cloud Computing, Data Analytics, Data Science",Beginner,Reading
STU00851,"Deep Learning, Cybersecurity, Data Science",Beginner,practical
STU00852,"Artificial Intelligence, Cloud Computing",Beginner,practical
STU00853,"Cloud Computing, Software Development, Cybersecurity",Beginner,Visual
STU00854,Cybersecurity,Advanced,Visual
STU00855,"Deep Learning, DevOps",Intermediate,Reading
STU00856,"Cybersecurity, Deep Learning",Beginner,practical
STU00857,"Data Science, Software Development, Artificial Intelligence",Beginner,practical
STU00858,"Data Analytics, Web Development, Deep Learning",Beginner,Reading
STU00859,Data Science,Advanced,practical
STU00860,"Python, Cloud Computing",Intermediate,Visual
STU00861,"Artificial Intelligence, DevOps",Advanced,Visual
STU00862,"Software Development, DevOps",Beginner,practical
STU00863,Deep Learning,Beginner,Visual
STU00864,"SQL, Data Science, Deep Learning",Intermediate,practical
STU00865,"Cloud Computing, SQL",Advanced,Visual
STU00866,"Data Analytics, SQL",Intermediate,practical
STU00867,"Data Analytics, Software Development, Data Science",Intermediate,Visual
STU00868,"DevOps, SQL, Web Development",Intermediate,Reading
STU00869,"Python, DevOps, Cloud Computing",Intermediate,practical
STU00870,Data Analytics,Beginner,Visual
STU00871,"Machine Learning, Cybersecurity",Advanced,Visual
STU00872,"Software Development, Python, Artificial Intelligence",Intermediate,practical
STU00873,"Artificial Intelligence, Cybersecurity",Intermediate,practical
STU00874,Machine Learning,Intermediate,Reading
STU00875,"SQL, Data Analytics",Beginner,practical
STU00876,"Cybersecurity, DevOps",Intermediate,Reading
STU00877,"Artificial Intelligence, Web Development, Cloud Computing",Advanced,practical
STU00878,Data Analytics,Intermediate,practical
STU00879,"Cybersecurity, Data Analytics",Advanced,practical
STU00880,SQL,Advanced,Reading
STU00881,"Python, DevOps, Cloud Computing",Advanced,Reading
STU00882,Deep Learning,Beginner,Reading
STU00883,"Software Development, DevOps",Advanced,Reading
STU00884,Web Development,Beginner,Reading
STU00885,Deep Learning,Beginner,Visual
STU00886,"Data Science, Software Development, SQL",Advanced,Visual
STU00887,"Software Development, Artificial Intelligence, Cloud Computing",Intermediate,Reading
STU00888,Machine Learning,Intermediate,Reading
STU00889,"Machine Learning, Software Development",Beginner,practical
STU00890,Data Analytics,Advanced,Visual
STU00891,"Software Development, Data Analytics",Advanced,Reading
STU00892,DevOps,Intermediate,practical
STU00893,"Software Development, Machine Learning, Cloud Computing",Beginner,Reading
STU00894,Cybersecurity,Beginner,practical
STU00895,"Software Development, Web Development, Cybersecurity",Beginner,practical
STU00896,"Web Development, Cybersecurity",Beginner,Reading
STU00897,Deep Learning,Intermediate,Visual
STU00898,Deep Learning,Intermediate,practical
STU00899,"Web Development, Cloud Computing",Intermediate,Reading
STU00900,"Web Development, Software Development, Data Science",Advanced,practical
STU00901,Software Development,Advanced,practical
STU00902,SQL,Advanced,practical
STU00903,"DevOps, Artificial Intelligence, Cloud Computing",Beginner,Visual
STU00904,Data Science,Advanced,practical
STU00905,"Software Development, Python",Advanced,Reading
STU00906,"Cybersecurity, DevOps, Cloud Computing",Intermediate,Visual
STU00907,"Web Development, Machine Learning, Data Science",Advanced,Visual
STU00908,"Data Science, Artificial Intelligence",Advanced,Visual
STU00909,"Python, DevOps",Advanced,Visual
STU00910,"Web Development, Software Development, SQL",Beginner,Visual
STU00911,Python,Advanced,Reading
STU00912,"Data Science, Software Development, Machine Learning",Advanced,Visual
STU00913,"Python, Data Science, DevOps",Intermediate,Visual
STU00914,Web Development,Intermediate,Reading
STU00915,"Data Analytics, Python, Cybersecurity",Advanced,Visual
STU00916,SQL,Advanced,practical
STU00917,Web Development,Intermediate,Visual
STU00918,"Cybersecurity, Artificial Intelligence, DevOps",Beginner,practical
STU00919,Software Development,Beginner,Visual
STU00920,"Python, Software Development",Advanced,Visual
STU00921,Web Development,Advanced,practical
STU00922,"Cybersecurity, Deep Learning, Machine Learning",Intermediate,practical
STU00923,"Cloud Computing, Data Analytics",Advanced,practical
STU00924,"Cloud Computing, Machine Learning",Beginner,Visual
STU00925,"Cloud Computing, Software Development, Data Analytics",Advanced,Visual
STU00926,"Cybersecurity, SQL, Data Analytics",Beginner,Visual
STU00927,Machine Learning,Intermediate,Visual
STU00928,Cybersecurity,Beginner,practical
STU00929,"Cloud Computing, Machine Learning, Data Science",Advanced,Reading
STU00930,SQL,Advanced,practical
STU00931,"Python, Machine Learning, Data Science",Advanced,practical
STU00932,Data Science,Intermediate,practical
STU00933,"Software Development, Data Analytics, Artificial Intelligence",Intermediate,practical
STU00934,"Machine Learning, Cloud Computing, SQL",Beginner,Reading
STU00935,"Data Analytics, Artificial Intelligence, Deep Learning",Intermediate,Reading
STU00936,"SQL, Data Analytics, Machine Learning",Intermediate,Reading
STU00937,"Cloud Computing, Python, Data Science",Intermediate,Visual
STU00938,Cybersecurity,Advanced,Reading
STU00939,"Artificial Intelligence, Cybersecurity, DevOps",Advanced,practical
STU00940,"Cloud Computing, Data Analytics, Web Development",Advanced,Reading
STU00941,Python,Intermediate,Visual
STU00942,"Cybersecurity, Software Development",Intermediate,practical
STU00943,"Cloud Computing, SQL",Beginner,Reading
STU00944,"Web Development, Data Analytics, SQL",Beginner,practical
STU00945,"Cybersecurity, Deep Learning",Beginner,practical
STU00946,Python,Intermediate,Reading
STU00947,Python,Beginner,practical
STU00948,"Artificial Intelligence, Software Development, Machine Learning",Advanced,Visual
STU00949,"Python, SQL",Advanced,Visual
STU00950,"DevOps, Software Development, SQL",Advanced,Visual
STU00951,"Cybersecurity, DevOps",Intermediate,Visual
STU00952,"Data Science, Web Development, Software Development",Intermediate,Visual
STU00953,"Deep Learning, Software Development",Intermediate,Reading
STU00954,"Cybersecurity, Artificial Intelligence",Beginner,Reading
STU00955,Machine Learning,Beginner,practical
STU00956,Data Analytics,Beginner,Reading
STU00957,Artificial Intelligence,Beginner,Visual
STU00958,Python,Advanced,Visual
STU00959,"Data Analytics, SQL",Advanced,Visual
STU00960,Artificial Intelligence,Intermediate,Visual
STU00961,SQL,Advanced,Reading
STU00962,Data Science,Advanced,practical
STU00963,"Deep Learning, Web Development",Intermediate,Visual
STU00964,Machine Learning,Advanced,Visual
STU00965,DevOps,Beginner,Reading
STU00966,"Machine Learning, Data Science",Intermediate,Visual
STU00967,"Deep Learning, Python",Beginner,Reading
STU00968,"Python, Cloud Computing",Advanced,Visual
STU00969,SQL,Intermediate,Visual
STU00970,"Web Development, Artificial Intelligence, Python",Advanced,Reading
STU00971,"Python, Data Science",Advanced,practical
STU00972,"Artificial Intelligence, Deep Learning, Web Development",Intermediate,Visual
STU00973,Artificial Intelligence,Beginner,Reading
STU00974,"Deep Learning, Cybersecurity, DevOps",Beginner,Visual
STU00975,"Cybersecurity, Data Analytics",Intermediate,Reading
STU00976,"Machine Learning, Cloud Computing, Software Development",Intermediate,Reading
STU00977,Cloud Computing,Beginner,Reading
STU00978,"Cybersecurity, DevOps, Deep Learning",Beginner,Visual
STU00979,Web Development,Beginner,Visual
STU00980,"SQL, Software Development, DevOps",Intermediate,practical
STU00981,"SQL, Software Development, Artificial Intelligence",Intermediate,Reading
STU00982,Deep Learning,Advanced,Visual
STU00983,"Data Science, Artificial Intelligence, DevOps",Advanced,Reading
STU00984,Deep Learning,Intermediate,Reading
STU00985,"Data Analytics, DevOps",Advanced,Reading
STU00986,"SQL, Cloud Computing",Intermediate,practical
STU00987,Data Science,Advanced,Reading
STU00988,Cloud Computing,Advanced,Visual
STU00989,"Cloud Computing, Deep Learning, Software Development",Intermediate,Visual
STU00990,"Cloud Computing, Python",Beginner,Reading
STU00991,"Python, Cybersecurity",Beginner,Reading
STU00992,"DevOps, Cybersecurity, Software Development",Advanced,Reading
STU00993,"Cybersecurity, Web Development",Intermediate,practical
STU00994,Web Development,Beginner,practical
STU00995,"Data Analytics, SQL",Intermediate,Reading
STU00996,DevOps,Advanced,Visual
STU00997,Cloud Computing,Advanced,Reading
STU00998,"Cloud Computing, Data Analytics",Advanced,Reading
STU00999,"Cloud Computing, Artificial Intelligence, Software Development",Intermediate,Visual
STU01000,"Cybersecurity, Software Development, Python",Advanced,Visual
STU01001,"DevOps, Artificial Intelligence, Python",Beginner,Reading
STU01002,Cloud Computing,Beginner,Visual
STU01003,"Data Science, Software Development",Intermediate,Reading
STU01004,"Data Analytics, Python, Data Science",Beginner,practical
STU01005,"Machine Learning, Web Development",Intermediate,practical
STU01006,"Data Science, SQL, Web Development",Intermediate,Visual
STU01007,Software Development,Beginner,Reading
STU01008,Web Development,Advanced,practical
STU01009,"Software Development, Data Science, Deep Learning",Intermediate,Visual
STU01010,"Deep Learning, Web Development, SQL",Intermediate,practical
STU01011,DevOps,Intermediate,Visual
STU01012,"Cybersecurity, Python",Advanced,Reading
STU01013,Artificial Intelligence,Intermediate,Visual
STU01014,"Data Science, SQL",Advanced,Reading
STU01015,"Deep Learning, Cloud Computing",Intermediate,Visual
STU01016,"Deep Learning, Software Development, Data Science",Beginner,practical
STU01017,"Cybersecurity, Cloud Computing, Python",Advanced,Visual
STU01018,DevOps,Beginner,Reading
STU01019,"Cybersecurity, Artificial Intelligence, Software Development",Advanced,practical
STU01020,"Deep Learning, DevOps, Data Analytics",Advanced,Reading
STU01021,"DevOps, Deep Learning",Beginner,practical
STU01022,Cloud Computing,Beginner,Reading
STU01023,"DevOps, SQL",Beginner,Reading
STU01024,SQL,Intermediate,Reading
STU01025,"Web Development, Software Development, Cloud Computing",Beginner,Visual
STU01026,Software Development,Beginner,Visual
STU01027,"Cybersecurity, Deep Learning",Intermediate,practical
STU01028,"SQL, Cloud Computing",Intermediate,Reading
STU01029,"Cybersecurity, Web Development",Beginner,practical
STU01030,"Web Development, Data Analytics, Machine Learning",Beginner,Reading
STU01031,"Data Analytics, Cybersecurity",Beginner,practical
STU01032,Cybersecurity,Beginner,Reading
STU01033,Data Science,Beginner,Reading
STU01034,"Machine Learning, Cybersecurity",Advanced,Visual
STU01035,"Web Development, Data Analytics",Beginner,Reading
STU01036,"Deep Learning, Cloud Computing, SQL",Beginner,practical
STU01037,"Web Development, SQL",Intermediate,Visual
STU01038,SQL,Beginner,practical
STU01039,Data Analytics,Advanced,Visual
STU01040,"Web Development, Data Analytics",Advanced,Reading
STU01041,Artificial Intelligence,Advanced,Reading
STU01042,Data Science,Beginner,Reading
STU01043,"Software Development, Data Science, Cybersecurity",Intermediate,Reading
STU01044,Web Development,Beginner,Visual
STU01045,"DevOps, Cybersecurity",Intermediate,Reading
STU01046,Web Development,Intermediate,Reading
STU01047,Deep Learning,Beginner,Reading
STU01048,"Artificial Intelligence, Data Science",Intermediate,practical
STU01049,Web Development,Advanced,Reading
STU01050,"SQL, Data Analytics, Artificial Intelligence",Beginner,Reading
STU01051,Machine Learning,Advanced,practical
STU01052,DevOps,Beginner,Visual
STU01053,"Deep Learning, DevOps",Advanced,practical
STU01054,"Data Science, Python, SQL",Intermediate,practical
STU01055,"DevOps, Web Development",Intermediate,practical
STU01056,"SQL, Machine Learning, Data Science",Intermediate,Visual
STU01057,DevOps,Intermediate,Reading
STU01058,SQL,Intermediate,practical
STU01059,Cloud Computing,Beginner,Visual
STU01060,"Artificial Intelligence, Data Science, Software Development",Beginner,practical
STU01061,Software Development,Beginner,practical
STU01062,"Cybersecurity, Deep Learning",Beginner,Reading
STU01063,Machine Learning,Beginner,practical
STU01064,"Cloud Computing, Data Analytics",Beginner,practical
STU01065,"SQL, Deep Learning, Web Development",Intermediate,Reading
STU01066,"Cloud Computing, Machine Learning",Beginner,Reading
STU01067,"Cloud Computing, SQL",Intermediate,Reading
STU01068,"DevOps, Software Development, Cloud Computing",Advanced,Reading
STU01069,"Web Development, DevOps, SQL",Beginner,Visual
STU01070,SQL,Intermediate,Visual
STU01071,"SQL, Data Analytics",Advanced,Visual
STU01072,"DevOps, Web Development, Data Science",Advanced,practical
STU01073,"Deep Learning, Artificial Intelligence, Web Development",Beginner,practical
STU01074,"Cloud Computing, Deep Learning",Advanced,practical
STU01075,Data Analytics,Advanced,practical
STU01076,Web Development,Intermediate,Reading
STU01077,"Deep Learning, Software Development, Data Analytics",Intermediate,Reading
STU01078,SQL,Intermediate,Visual
STU01079,"Machine Learning, Artificial Intelligence",Advanced,Reading
STU01080,"Data Science, SQL",Advanced,Reading
STU01081,Python,Intermediate,Visual
STU01082,"Python, Deep Learning",Beginner,practical
STU01083,"Software Development, Deep Learning, Cybersecurity",Advanced,practical
STU01084,"Cloud Computing, Web Development, Data Analytics",Beginner,Reading
STU01085,"Software Development, Artificial Intelligence, SQL",Advanced,Visual
STU01086,Deep Learning,Advanced,Visual
STU01087,"Cloud Computing, Software Development, Data Science",Advanced,Visual
STU01088,"Machine Learning, Data Analytics, Web Development",Beginner,Visual
STU01089,Machine Learning,Advanced,Reading
STU01090,"Machine Learning, SQL, Deep Learning",Advanced,Reading
STU01091,Cloud Computing,Advanced,Visual
STU01092,Data Analytics,Intermediate,Reading
STU01093,"DevOps, Web Development",Beginner,Visual
STU01094,"DevOps, Python",Beginner,Reading
STU01095,"Software Development, Deep Learning, Data Science",Beginner,practical
STU01096,"Python, Cloud Computing, Deep Learning",Advanced,practical
STU01097,Machine Learning,Advanced,Reading
STU01098,"SQL, Data Science, Cybersecurity",Advanced,practical
STU01099,SQL,Beginner,practical
STU01100,"Cybersecurity, Machine Learning, Deep Learning",Beginner,Reading
STU01101,SQL,Intermediate,Reading
STU01102,Software Development,Intermediate,Reading
STU01103,Software Development,Intermediate,Reading
STU01104,"SQL, Machine Learning",Beginner,Reading
STU01105,Cybersecurity,Advanced,Visual
STU01106,"Cybersecurity, Deep Learning",Advanced,Visual
STU01107,"SQL, Data Science",Beginner,Reading
STU01108,"Machine Learning, Python",Intermediate,Reading
STU01109,"Web Development, Cybersecurity",Intermediate,Visual
STU01110,Software Development,Intermediate,Visual
STU01111,"Cybersecurity, Software Development, Deep Learning",Intermediate,practical
STU01112,"SQL, Data Analytics, Web Development",Beginner,Visual
STU01113,"Python, SQL, Data Analytics",Advanced,Reading
STU01114,"Python, Web Development, Software Development",Beginner,practical
STU01115,"Artificial Intelligence, Software Development, Deep Learning",Intermediate,Visual
STU01116,DevOps,Beginner,Visual
STU01117,"DevOps, Machine Learning",Intermediate,Reading
STU01118,"Machine Learning, Software Development, Data Analytics",Beginner,Reading
STU01119,"SQL, Web Development",Advanced,Reading
STU01120,Machine Learning,Advanced,Reading
STU01121,"Web Development, DevOps",Intermediate,practical
STU01122,"SQL, Machine Learning",Intermediate,Reading
STU01123,"Data Science, Data Analytics",Intermediate,Reading
STU01124,Python,Beginner,Reading
STU01125,"Software Development, SQL",Advanced,practical
STU01126,Artificial Intelligence,Beginner,Reading
STU01127,"DevOps, Data Science, SQL",Beginner,practical
STU01128,Python,Advanced,Reading
STU01129,Web Development,Beginner,Reading
STU01130,"Web Development, Python",Advanced,practical
STU01131,Deep Learning,Advanced,Reading
STU01132,"Software Development, DevOps, Artificial Intelligence",Advanced,Visual
STU01133,"Cybersecurity, Web Development",Advanced,practical
STU01134,"Machine Learning, DevOps, Cloud Computing",Advanced,practical
STU01135,"Web Development, SQL, Data Analytics",Intermediate,Visual
STU01136,"Artificial Intelligence, Cybersecurity",Intermediate,practical
STU01137,"Python, SQL",Advanced,practical
STU01138,"Data Analytics, Machine Learning",Advanced,practical
STU01139,"Deep Learning, Cybersecurity",Advanced,Reading
STU01140,"Artificial Intelligence, Data Science, SQL",Advanced,Visual
STU01141,DevOps,Intermediate,Reading
STU01142,"DevOps, Cybersecurity, Deep Learning",Intermediate,Visual
STU01143,"Data Science, Web Development",Advanced,Visual
STU01144,DevOps,Intermediate,Reading
STU01145,SQL,Advanced,practical
STU01146,Artificial Intelligence,Advanced,Visual
STU01147,"Machine Learning, DevOps, Artificial Intelligence",Intermediate,Reading
STU01148,DevOps,Advanced,practical
STU01149,"Data Science, Cybersecurity, DevOps",Advanced,Visual
STU01150,"Python, Deep Learning, SQL",Beginner,Reading
STU01151,"Deep Learning, Python, Machine Learning",Beginner,practical
STU01152,"Artificial Intelligence, Cloud Computing",Advanced,Reading
STU01153,"Cybersecurity, Machine Learning",Intermediate,Visual
STU01154,"Data Analytics, Python",Beginner,Reading
STU01155,"Web Development, Software Development, Data Science",Intermediate,Reading
STU01156,"SQL, Python, DevOps",Intermediate,Reading
STU01157,"SQL, Web Development",Intermediate,Visual
STU01158,"Python, DevOps, Deep Learning",Beginner,Reading
STU01159,Artificial Intelligence,Intermediate,practical
STU01160,"DevOps, Cybersecurity",Advanced,Visual
STU01161,"Python, Cybersecurity",Beginner,practical
STU01162,"Machine Learning, Software Development",Advanced,Reading
STU01163,"Python, Cloud Computing",Advanced,practical
STU01164,SQL,Beginner,Reading
STU01165,"DevOps, Deep Learning, SQL",Intermediate,Reading
STU01166,"Cybersecurity, Web Development",Advanced,Visual
STU01167,DevOps,Intermediate,Reading
STU01168,Software Development,Intermediate,practical
STU01169,"DevOps, Artificial Intelligence",Beginner,practical
STU01170,Deep Learning,Beginner,Visual
STU01171,"Web Development, Software Development, Data Science",Beginner,Visual
STU01172,"Artificial Intelligence, Machine Learning",Intermediate,Reading
STU01173,"Cloud Computing, Web Development, Software Development",Beginner,Visual
STU01174,"Python, Deep Learning, DevOps",Advanced,Reading
STU01175,"Software Development, Python",Intermediate,practical
STU01176,Python,Advanced,Visual
STU01177,"Cybersecurity, Data Science, Web Development",Advanced,practical
STU01178,Cybersecurity,Beginner,practical
STU01179,"Artificial Intelligence, Data Science",Beginner,practical
STU01180,"Cybersecurity, Deep Learning, Artificial Intelligence",Intermediate,Reading
STU01181,"Cybersecurity, Cloud Computing",Intermediate,Reading
STU01182,"Deep Learning, Web Development, DevOps",Beginner,practical
STU01183,Python,Advanced,Visual
STU01184,DevOps,Advanced,practical
STU01185,"Software Development, Deep Learning, DevOps",Advanced,Visual
STU01186,"SQL, Data Science",Beginner,Visual
STU01187,Artificial Intelligence,Advanced,Visual
STU01188,"SQL, Machine Learning",Beginner,Reading
STU01189,"Python, Software Development",Intermediate,Reading
STU01190,"Python, Cybersecurity",Intermediate,Visual
STU01191,"DevOps, Cybersecurity, Data Science",Intermediate,Reading
STU01192,Deep Learning,Beginner,practical
STU01193,"Artificial Intelligence, Deep Learning, Data Science",Intermediate,Visual
STU01194,"Python, SQL, Machine Learning",Advanced,Reading
STU01195,"Python, Data Analytics",Advanced,Reading
STU01196,"Data Analytics, Deep Learning",Intermediate,Visual
STU01197,"Python, Data Science",Beginner,Reading
STU01198,"DevOps, Data Science, Cybersecurity",Intermediate,Reading
STU01199,Data Analytics,Beginner,Reading
STU01200,"DevOps, Artificial Intelligence, Machine Learning",Intermediate,Visual
STU01201,"DevOps, Cloud Computing, Software Development",Intermediate,Reading
STU01202,"SQL, Software Development",Beginner,Reading
STU01203,Data Science,Intermediate,practical
STU01204,DevOps,Beginner,Visual
STU01205,Data Analytics,Beginner,Reading
STU01206,"DevOps, Machine Learning, Cloud Computing",Beginner,practical
STU01207,"Cybersecurity, Machine Learning, SQL",Intermediate,Reading
STU01208,"Cybersecurity, Cloud Computing, Data Analytics",Advanced,Visual
STU01209,"SQL, Data Analytics",Beginner,Reading
STU01210,Python,Advanced,Visual
STU01211,"Machine Learning, DevOps, Data Science",Intermediate,Visual
STU01212,Data Analytics,Beginner,practical
STU01213,Deep Learning,Beginner,practical
STU01214,"Data Analytics, Deep Learning, Cybersecurity",Beginner,practical
STU01215,"Machine Learning, Cybersecurity",Beginner,Visual
STU01216,"Machine Learning, Artificial Intelligence",Advanced,practical
STU01217,SQL,Intermediate,Reading
STU01218,"Cybersecurity, Cloud Computing",Intermediate,Visual
STU01219,Artificial Intelligence,Advanced,Reading
STU01220,"Web Development, Data Science",Advanced,practical
STU01221,Machine Learning,Intermediate,Reading
STU01222,"Data Science, Python",Beginner,Reading
STU01223,"Cloud Computing, Data Science",Intermediate,Reading
STU01224,Web Development,Beginner,Reading
STU01225,"Deep Learning, Artificial Intelligence",Intermediate,practical
STU01226,"Machine Learning, Python",Advanced,Visual
STU01227,SQL,Beginner,Visual
STU01228,Artificial Intelligence,Advanced,Visual
STU01229,"Data Science, Machine Learning",Intermediate,Reading
STU01230,"Data Science, Artificial Intelligence",Beginner,practical
STU01231,"Data Analytics, DevOps, SQL",Intermediate,Reading
STU01232,Machine Learning,Beginner,practical
STU01233,"Cloud Computing, Data Science",Advanced,Visual
STU01234,"Cybersecurity, DevOps, Machine Learning",Advanced,Reading
STU01235,SQL,Advanced,Reading
STU01236,"SQL, Data Science, Deep Learning",Intermediate,Visual
STU01237,"Python, DevOps, Deep Learning",Intermediate,practical
STU01238,"SQL, Deep Learning",Advanced,Visual
STU01239,Cloud Computing,Advanced,Visual
STU01240,"Python, Deep Learning, Data Analytics",Beginner,Visual
STU01241,"Software Development, Data Science",Intermediate,Reading
STU01242,"Machine Learning, Cybersecurity, Data Analytics",Beginner,Reading
STU01243,"SQL, Artificial Intelligence",Intermediate,practical
STU01244,"Web Development, Machine Learning",Intermediate,practical
STU01245,Artificial Intelligence,Advanced,Visual
STU01246,"Web Development, Deep Learning, Data Science",Intermediate,practical
STU01247,Data Analytics,Beginner,Reading
STU01248,Cloud Computing,Advanced,Visual
STU01249,"Web Development, Cybersecurity, Machine Learning",Advanced,practical
STU01250,Data Science,Advanced,Reading
STU01251,Artificial Intelligence,Beginner,practical
STU01252,Cybersecurity,Intermediate,practical
STU01253,"Deep Learning, Software Development, Data Analytics",Intermediate,practical
STU01254,"Data Science, Deep Learning, Software Development",Beginner,practical
STU01255,Data Analytics,Advanced,practical
STU01256,Software Development,Intermediate,Visual
STU01257,Cybersecurity,Advanced,Reading
STU01258,"DevOps, Cybersecurity",Intermediate,Visual
STU01259,"Cybersecurity, Artificial Intelligence",Advanced,Visual
STU01260,"Cybersecurity, Artificial Intelligence, Web Development",Intermediate,Reading
STU01261,"Data Analytics, SQL, Machine Learning",Intermediate,Reading
STU01262,"Artificial Intelligence, Cloud Computing",Beginner,Visual
STU01263,"SQL, Machine Learning, Software Development",Beginner,practical
STU01264,Software Development,Intermediate,Visual
STU01265,"Python, DevOps, Machine Learning",Beginner,Reading
STU01266,"Cybersecurity, Deep Learning",Beginner,Reading
STU01267,"Cybersecurity, Data Science",Advanced,Reading
STU01268,SQL,Intermediate,practical
STU01269,"DevOps, Web Development",Intermediate,Visual
STU01270,"Cybersecurity, Data Analytics, Data Science",Advanced,Reading
STU01271,Data Analytics,Beginner,Visual
STU01272,DevOps,Advanced,Reading
STU01273,SQL,Advanced,practical
STU01274,"Web Development, Artificial Intelligence",Intermediate,practical
STU01275,"Data Science, Web Development, SQL",Intermediate,Visual
STU01276,"Data Science, Cloud Computing",Beginner,practical
STU01277,"SQL, Data Science",Beginner,practical
STU01278,Artificial Intelligence,Beginner,practical
STU01279,Web Development,Advanced,practical
STU01280,Machine Learning,Advanced,Reading
STU01281,"Deep Learning, Machine Learning",Beginner,Visual
STU01282,"DevOps, Cybersecurity, Data Analytics",Beginner,Visual
STU01283,Data Science,Intermediate,Reading
STU01284,Data Analytics,Advanced,Visual
STU01285,Machine Learning,Advanced,Visual
STU01286,Web Development,Advanced,Visual
STU01287,"Cybersecurity, Artificial Intelligence",Intermediate,Reading
STU01288,"Deep Learning, Data Analytics",Advanced,Reading
STU01289,Data Analytics,Intermediate,Reading
STU01290,Data Analytics,Beginner,Visual
STU01291,Web Development,Beginner,Reading
STU01292,"Python, Deep Learning, Data Analytics",Beginner,Visual
STU01293,Software Development,Beginner,Visual
STU01294,"DevOps, Machine Learning",Advanced,Reading
STU01295,"SQL, Machine Learning, Cybersecurity",Intermediate,Visual
STU01296,"Deep Learning, Software Development",Advanced,Reading
STU01297,Deep Learning,Beginner,Visual
STU01298,"Data Science, Web Development, Cybersecurity",Intermediate,practical
STU01299,"SQL, Data Analytics, DevOps",Beginner,practical
STU01300,"SQL, Data Analytics",Beginner,Visual
STU01301,Data Science,Beginner,Visual
STU01302,"Web Development, Python, Machine Learning",Intermediate,practical
STU01303,"SQL, DevOps",Advanced,practical
STU01304,"SQL, Deep Learning, Machine Learning",Advanced,practical
STU01305,"Deep Learning, Web Development, Data Science",Advanced,Reading
STU01306,DevOps,Advanced,Visual
STU01307,Software Development,Advanced,practical
STU01308,"Data Analytics, Cybersecurity",Advanced,Visual
STU01309,Cloud Computing,Intermediate,Reading
STU01310,"Data Analytics, Data Science, Web Development",Intermediate,Visual
STU01311,"Data Analytics, SQL, Artificial Intelligence",Advanced,Reading
STU01312,Cloud Computing,Beginner,Visual
STU01313,"DevOps, Cloud Computing",Advanced,Visual
STU01314,"DevOps, Data Analytics, Software Development",Beginner,Reading
STU01315,Cloud Computing,Advanced,Reading
STU01316,Web Development,Beginner,practical
STU01317,"Cybersecurity, DevOps, Software Development",Advanced,Reading
STU01318,Artificial Intelligence,Advanced,practical
STU01319,"Data Analytics, Machine Learning, Data Science",Advanced,Visual
STU01320,DevOps,Beginner,Reading
STU01321,"Web Development, Data Science, Cloud Computing",Intermediate,practical
STU01322,"Python, Machine Learning",Intermediate,Reading
STU01323,"Deep Learning, Python",Advanced,Reading
STU01324,"Deep Learning, Cloud Computing, Cybersecurity",Advanced,practical
STU01325,"SQL, Artificial Intelligence, DevOps",Advanced,practical
STU01326,Data Science,Beginner,Visual
STU01327,"Web Development, Cloud Computing, Cybersecurity",Intermediate,Reading
STU01328,"Cybersecurity, Data Analytics, Web Development",Intermediate,Visual
STU01329,"SQL, Deep Learning, Cloud Computing",Beginner,practical
STU01330,"Software Development, Data Science",Advanced,practical
STU01331,"Web Development, Machine Learning, Artificial Intelligence",Intermediate,Reading
STU01332,"Machine Learning, Data Analytics, Data Science",Intermediate,Visual
STU01333,"Software Development, DevOps",Beginner,Reading
STU01334,"Data Analytics, Python",Beginner,Visual
STU01335,"DevOps, Web Development",Advanced,practical
STU01336,"Deep Learning, Web Development, Machine Learning",Intermediate,practical
STU01337,Python,Beginner,Reading
STU01338,"Cybersecurity, DevOps, Software Development",Beginner,Visual
STU01339,DevOps,Intermediate,Reading
STU01340,"Cloud Computing, Data Science, Artificial Intelligence",Advanced,Reading
STU01341,"Cybersecurity, Artificial Intelligence, Cloud Computing",Beginner,Visual
STU01342,"Cloud Computing, Python",Advanced,practical
STU01343,Data Analytics,Intermediate,Reading
STU01344,SQL,Advanced,practical
STU01345,"Artificial Intelligence, Software Development",Beginner,Visual
STU01346,"Cybersecurity, Python, Data Analytics",Advanced,practical
STU01347,Data Analytics,Beginner,practical
STU01348,"DevOps, Machine Learning, Web Development",Intermediate,Visual
STU01349,Software Development,Intermediate,Visual
STU01350,"Cloud Computing, Data Analytics",Beginner,Reading
STU01351,"Web Development, Software Development, Deep Learning",Advanced,practical
STU01352,"Python, DevOps, SQL",Advanced,Reading
STU01353,"Artificial Intelligence, Python",Beginner,Reading
STU01354,Data Science,Advanced,practical
STU01355,"Data Analytics, DevOps, Machine Learning",Advanced,Visual
STU01356,"Machine Learning, DevOps",Intermediate,Reading
STU01357,Data Analytics,Advanced,Visual
STU01358,SQL,Beginner,Reading
STU01359,Machine Learning,Advanced,Reading
STU01360,"Artificial Intelligence, Data Analytics",Beginner,practical
STU01361,Artificial Intelligence,Advanced,Reading
STU01362,"Artificial Intelligence, DevOps",Advanced,Visual
STU01363,"Cybersecurity, Machine Learning",Intermediate,practical
STU01364,"Machine Learning, Software Development, Data Analytics",Advanced,Reading
STU01365,"Deep Learning, Data Science, Cybersecurity",Advanced,Reading
STU01366,"Python, Artificial Intelligence, Web Development",Advanced,practical
STU01367,"Cybersecurity, DevOps",Beginner,practical
STU01368,"Cloud Computing, Python",Intermediate,Reading
STU01369,Machine Learning,Intermediate,Visual
STU01370,"SQL, Python",Advanced,Reading
STU01371,SQL,Beginner,Visual
STU01372,"Deep Learning, Cloud Computing",Beginner,Visual
STU01373,"Software Development, Data Science",Beginner,Visual
STU01374,Deep Learning,Advanced,Reading
STU01375,"Machine Learning, Python",Beginner,Reading
STU01376,"Deep Learning, Cloud Computing",Intermediate,Visual
STU01377,"Data Analytics, Data Science, SQL",Intermediate,Reading
STU01378,Web Development,Intermediate,Reading
STU01379,Data Science,Intermediate,practical
STU01380,"DevOps, Python, Machine Learning",Intermediate,Visual
STU01381,"Python, Artificial Intelligence, DevOps",Intermediate,Visual
STU01382,"Machine Learning, Artificial Intelligence, SQL",Advanced,Reading
STU01383,"Artificial Intelligence, Data Analytics",Advanced,practical
STU01384,"Data Science, Cybersecurity, Data Analytics",Intermediate,Reading
STU01385,Data Analytics,Intermediate,Reading
STU01386,"Artificial Intelligence, Web Development, SQL",Beginner,practical
STU01387,Python,Beginner,Visual
STU01388,"Artificial Intelligence, Cloud Computing, SQL",Intermediate,Reading
STU01389,Artificial Intelligence,Beginner,practical
STU01390,Data Science,Intermediate,Visual
STU01391,"SQL, Web Development, Deep Learning",Beginner,Reading
STU01392,"Software Development, Web Development, Deep Learning",Intermediate,Reading
STU01393,"Machine Learning, Artificial Intelligence",Beginner,Visual
STU01394,Data Analytics,Advanced,practical
STU01395,"Data Analytics, Python, DevOps",Advanced,practical
STU01396,"Data Analytics, Web Development",Beginner,practical
STU01397,"Python, Software Development",Advanced,Visual
STU01398,"Software Development, Machine Learning, Web Development",Beginner,practical
STU01399,"Cloud Computing, SQL",Advanced,Visual
STU01400,Software Development,Beginner,Visual
STU01401,"SQL, Python",Intermediate,Reading
STU01402,"Cloud Computing, Machine Learning",Beginner,Visual
STU01403,"Data Science, Machine Learning",Beginner,Visual
STU01404,Data Analytics,Beginner,practical
STU01405,"Data Analytics, Artificial Intelligence",Intermediate,Reading
STU01406,DevOps,Beginner,Visual
STU01407,Software Development,Advanced,practical
STU01408,"Data Science, Software Development",Intermediate,Reading
STU01409,Cloud Computing,Beginner,practical
STU01410,"Data Analytics, Data Science",Beginner,Visual
STU01411,Machine Learning,Advanced,practical
STU01412,Cybersecurity,Intermediate,practical
STU01413,"Web Development, Deep Learning, Cloud Computing",Beginner,Visual
STU01414,Machine Learning,Beginner,Reading
STU01415,Web Development,Intermediate,Visual
STU01416,Cybersecurity,Advanced,Reading
STU01417,Web Development,Advanced,Reading
STU01418,"Data Analytics, Python",Intermediate,practical
STU01419,Data Science,Beginner,practical
STU01420,Cloud Computing,Intermediate,Reading
STU01421,"Machine Learning, SQL, Cloud Computing",Intermediate,Reading
STU01422,Data Analytics,Intermediate,Visual
STU01423,"Deep Learning, Web Development, Cybersecurity",Beginner,Visual
STU01424,Web Development,Intermediate,practical
STU01425,DevOps,Beginner,Visual
STU01426,Python,Beginner,Reading
STU01427,"Deep Learning, Cybersecurity",Advanced,Visual
STU01428,Data Science,Advanced,Reading
STU01429,"Python, Deep Learning, Artificial Intelligence",Beginner,Visual
STU01430,"Deep Learning, Software Development",Advanced,Reading
STU01431,"DevOps, Deep Learning",Advanced,Visual
STU01432,"SQL, Cybersecurity",Beginner,Reading
STU01433,Software Development,Intermediate,Visual
STU01434,"Data Science, Python, DevOps",Intermediate,Reading
STU01435,"Deep Learning, Python",Beginner,Visual
STU01436,"Deep Learning, Python",Intermediate,Visual
STU01437,"Deep Learning, Web Development",Intermediate,Visual
STU01438,Software Development,Intermediate,practical
STU01439,Python,Beginner,practical
STU01440,"Python, Machine Learning, Cybersecurity",Intermediate,practical
STU01441,"Cybersecurity, DevOps",Advanced,Visual
STU01442,"Cybersecurity, Python, Machine Learning",Beginner,practical
STU01443,"Deep Learning, Software Development",Intermediate,practical
STU01444,"SQL, DevOps",Intermediate,practical
STU01445,"Cybersecurity, SQL",Beginner,Reading
STU01446,Web Development,Intermediate,Visual
STU01447,"Cloud Computing, SQL, Deep Learning",Intermediate,Visual
STU01448,"Cloud Computing, Artificial Intelligence, Machine Learning",Intermediate,Visual
STU01449,Cybersecurity,Beginner,Reading
STU01450,"Artificial Intelligence, Python",Intermediate,Visual
STU01451,"Web Development, Data Science",Advanced,Visual
STU01452,"Machine Learning, DevOps, Cloud Computing",Advanced,Reading
STU01453,"Machine Learning, SQL, Python",Beginner,practical
STU01454,"Data Science, SQL",Advanced,practical
STU01455,Data Science,Advanced,Reading
STU01456,"Cloud Computing, Web Development, DevOps",Intermediate,Reading
STU01457,"Software Development, Data Science",Advanced,Reading
STU01458,Data Analytics,Intermediate,Reading
STU01459,"Artificial Intelligence, Software Development, Cloud Computing",Beginner,practical
STU01460,Web Development,Beginner,Visual
STU01461,Python,Advanced,Reading
STU01462,"SQL, Machine Learning, Data Science",Intermediate,Visual
STU01463,Data Analytics,Intermediate,Reading
STU01464,"Machine Learning, Python",Beginner,Visual
STU01465,"Data Analytics, Python",Intermediate,Visual
STU01466,Data Analytics,Advanced,practical
STU01467,Web Development,Intermediate,Reading
STU01468,"Deep Learning, Python, Cybersecurity",Beginner,Reading
STU01469,"Deep Learning, Machine Learning, DevOps",Beginner,Visual
STU01470,"Deep Learning, Cybersecurity, Machine Learning",Advanced,Reading
STU01471,"Machine Learning, Deep Learning",Advanced,practical
STU01472,"Cybersecurity, SQL, Artificial Intelligence",Advanced,Visual
STU01473,"Deep Learning, Cybersecurity",Advanced,practical
STU01474,Cloud Computing,Intermediate,Reading
STU01475,Python,Intermediate,Reading
STU01476,Web Development,Beginner,Reading
STU01477,"Data Analytics, SQL",Advanced,practical
STU01478,"Cybersecurity, SQL",Advanced,Reading
STU01479,"Data Analytics, Web Development, Cloud Computing",Advanced,Reading
STU01480,Machine Learning,Advanced,Visual
STU01481,"Artificial Intelligence, Data Science, Cybersecurity",Advanced,practical
STU01482,DevOps,Intermediate,Visual
STU01483,"Software Development, DevOps, Data Analytics",Beginner,practical
STU01484,"Data Science, Web Development, Cloud Computing",Advanced,practical
STU01485,"DevOps, Deep Learning, Software Development",Beginner,Reading
STU01486,"Machine Learning, Web Development",Beginner,practical
STU01487,Data Analytics,Beginner,practical
STU01488,Cybersecurity,Advanced,Visual
STU01489,Data Analytics,Advanced,Visual
STU01490,"Web Development, Artificial Intelligence, Deep Learning",Beginner,practical
STU01491,Machine Learning,Beginner,Reading
STU01492,"Data Analytics, Data Science",Intermediate,Visual
STU01493,Data Analytics,Beginner,practical
STU01494,"DevOps, Machine Learning",Advanced,Visual
STU01495,"Artificial Intelligence, Machine Learning, SQL",Intermediate,Reading
STU01496,Cybersecurity,Beginner,Reading
STU01497,"DevOps, SQL",Advanced,Visual
STU01498,DevOps,Intermediate,Visual
STU01499,Cybersecurity,Advanced,Visual
STU01500,"Cloud Computing, Machine Learning, Data Analytics",Advanced,practical
STU01501,"Machine Learning, Cybersecurity, Cloud Computing",Intermediate,Visual
STU01502,DevOps,Beginner,Reading
STU01503,"Artificial Intelligence, Software Development",Beginner,Visual
STU01504,"Cybersecurity, SQL",Beginner,Visual
STU01505,Cybersecurity,Advanced,Visual
STU01506,"Cloud Computing, SQL",Advanced,Visual
STU01507,Deep Learning,Intermediate,practical
STU01508,"Cybersecurity, DevOps, Data Analytics",Beginner,practical
STU01509,"Cybersecurity, Web Development",Beginner,Visual
STU01510,Data Science,Advanced,Visual
STU01511,Data Analytics,Beginner,Visual
STU01512,"Artificial Intelligence, Python",Intermediate,Reading
STU01513,"Data Analytics, SQL, Software Development",Beginner,practical
STU01514,Deep Learning,Beginner,practical
STU01515,"Python, Software Development, Data Science",Intermediate,Reading
STU01516,Data Science,Intermediate,practical
STU01517,"Software Development, Data Science, Cloud Computing",Intermediate,practical
STU01518,"Web Development, Software Development",Advanced,Reading
STU01519,Deep Learning,Advanced,Reading
STU01520,Data Analytics,Advanced,Visual
STU01521,Deep Learning,Beginner,Reading
STU01522,Deep Learning,Beginner,Visual
STU01523,Web Development,Advanced,practical
STU01524,SQL,Beginner,Visual
STU01525,"Python, Cybersecurity",Beginner,Visual
STU01526,"Software Development, Artificial Intelligence, Cloud Computing",Intermediate,Reading
STU01527,Machine Learning,Intermediate,practical
STU01528,"SQL, DevOps, Data Science",Advanced,practical
STU01529,Cybersecurity,Advanced,Reading
STU01530,Cybersecurity,Beginner,practical
STU01531,DevOps,Intermediate,Visual
STU01532,"Data Science, Deep Learning, Cloud Computing",Intermediate,Reading
STU01533,"Deep Learning, Software Development, DevOps",Beginner,Visual
STU01534,Data Analytics,Intermediate,practical
STU01535,"Data Science, Artificial Intelligence, Deep Learning",Beginner,practical
STU01536,"Python, Deep Learning",Beginner,Visual
STU01537,"Data Science, Web Development",Beginner,Visual
STU01538,"SQL, Cloud Computing, DevOps",Intermediate,Reading
STU01539,"Cybersecurity, SQL, Data Science",Intermediate,Reading
STU01540,Cloud Computing,Intermediate,Visual
STU01541,Data Science,Beginner,Visual
STU01542,"Machine Learning, SQL",Intermediate,Visual
STU01543,"Cloud Computing, SQL, Data Analytics",Intermediate,Visual
STU01544,"Cloud Computing, Artificial Intelligence",Intermediate,Reading
STU01545,Software Development,Beginner,Reading
STU01546,DevOps,Beginner,Visual
STU01547,"Deep Learning, DevOps",Advanced,Reading
STU01548,"Web Development, Cloud Computing, Cybersecurity",Advanced,Reading
STU01549,"Python, Data Science, Machine Learning",Advanced,practical
STU01550,"Data Analytics, SQL",Beginner,Visual
STU01551,"Machine Learning, Python",Beginner,Visual
STU01552,"Data Science, Software Development",Beginner,practical
STU01553,"Cybersecurity, Python",Beginner,practical
STU01554,"Web Development, Artificial Intelligence, Deep Learning",Intermediate,practical
STU01555,"Artificial Intelligence, Deep Learning",Beginner,Reading
STU01556,Cybersecurity,Beginner,practical
STU01557,"Machine Learning, SQL, DevOps",Advanced,Visual
STU01558,Deep Learning,Advanced,Reading
STU01559,"Cloud Computing, Artificial Intelligence, Deep Learning",Beginner,practical
STU01560,"Web Development, Artificial Intelligence, Deep Learning",Intermediate,Reading
STU01561,"Data Science, Web Development",Advanced,Visual
STU01562,Data Analytics,Intermediate,Visual
STU01563,"Cloud Computing, Software Development",Beginner,Reading
STU01564,Python,Beginner,Visual
STU01565,"Cybersecurity, Python, Artificial Intelligence",Beginner,Visual
STU01566,"Machine Learning, Software Development, Cloud Computing",Beginner,practical
STU01567,"SQL, Data Analytics",Beginner,Reading
STU01568,"Deep Learning, Data Analytics",Advanced,Visual
STU01569,"Software Development, Cybersecurity, Data Science",Beginner,Visual
STU01570,"Cybersecurity, SQL",Intermediate,practical
STU01571,"Data Science, Deep Learning, Python",Beginner,Visual
STU01572,SQL,Beginner,Visual
STU01573,"Machine Learning, SQL",Beginner,Reading
STU01574,"Data Science, Data Analytics",Beginner,Reading
STU01575,Python,Advanced,Visual
STU01576,Web Development,Intermediate,Reading
STU01577,Cloud Computing,Intermediate,Visual
STU01578,"Cybersecurity, Web Development, Deep Learning",Beginner,practical
STU01579,Deep Learning,Advanced,Reading
STU01580,"Web Development, Machine Learning, Cybersecurity",Intermediate,practical
STU01581,"Python, Cloud Computing",Advanced,Reading
STU01582,"Cloud Computing, Web Development",Advanced,practical
STU01583,Python,Advanced,practical
STU01584,Artificial Intelligence,Beginner,practical
STU01585,"Software Development, Data Analytics, Cloud Computing",Advanced,Visual
STU01586,"Web Development, Data Science",Intermediate,Reading
STU01587,SQL,Beginner,Visual
STU01588,"Python, DevOps, Web Development",Beginner,Visual
STU01589,"Machine Learning, Data Science, Deep Learning",Intermediate,Reading
STU01590,Python,Beginner,Reading
STU01591,"Software Development, Data Analytics",Advanced,Reading
STU01592,Web Development,Beginner,Reading
STU01593,Software Development,Intermediate,Visual
STU01594,"Cloud Computing, Software Development",Intermediate,Visual
STU01595,"Web Development, Software Development",Intermediate,practical
STU01596,DevOps,Intermediate,Visual
STU01597,"Machine Learning, Data Science",Intermediate,Visual
STU01598,"Cybersecurity, Software Development, Data Analytics",Beginner,practical
STU01599,Deep Learning,Advanced,practical
STU01600,"Python, DevOps, Cloud Computing",Intermediate,practical
STU01601,Cybersecurity,Advanced,Reading
STU01602,DevOps,Beginner,practical
STU01603,Web Development,Advanced,Reading
STU01604,Cybersecurity,Intermediate,practical
STU01605,Data Analytics,Intermediate,Reading
STU01606,"Machine Learning, Data Science",Intermediate,practical
STU01607,Python,Advanced,practical
STU01608,"SQL, Artificial Intelligence",Beginner,Visual
STU01609,"Cloud Computing, Machine Learning, Data Science",Advanced,Reading
STU01610,Web Development,Advanced,Visual
STU01611,"Deep Learning, Data Science, Data Analytics",Intermediate,Reading
STU01612,"SQL, Web Development",Beginner,Visual
STU01613,"Software Development, SQL, Cybersecurity",Intermediate,Reading
STU01614,Cloud Computing,Beginner,practical
STU01615,"Software Development, Cloud Computing, Deep Learning",Advanced,Reading
STU01616,Cybersecurity,Advanced,Visual
STU01617,"Software Development, Data Science",Beginner,Reading
STU01618,"Data Analytics, Machine Learning",Intermediate,practical
STU01619,"SQL, Data Analytics, Data Science",Beginner,practical
STU01620,Python,Beginner,Reading
STU01621,"Machine Learning, Web Development",Beginner,practical
STU01622,"Cybersecurity, Data Science",Intermediate,Reading
STU01623,"SQL, Data Analytics",Beginner,Reading
STU01624,"Cybersecurity, Cloud Computing, Data Analytics",Advanced,practical
STU01625,Cybersecurity,Advanced,practical
STU01626,"Python, Deep Learning, Machine Learning",Beginner,practical
STU01627,"Cloud Computing, Data Analytics",Beginner,Reading
STU01628,"Machine Learning, Software Development, Artificial Intelligence",Advanced,Reading
STU01629,"DevOps, Machine Learning",Beginner,Reading
STU01630,"Deep Learning, Software Development, Python",Intermediate,Reading
STU01631,"Artificial Intelligence, SQL",Advanced,practical
STU01632,"DevOps, Python, Cybersecurity",Beginner,Reading
STU01633,"Machine Learning, DevOps",Intermediate,practical
STU01634,Data Analytics,Intermediate,Reading
STU01635,Deep Learning,Advanced,practical
STU01636,"SQL, Data Science, Software Development",Beginner,Reading
STU01637,"Deep Learning, Cybersecurity, Data Science",Advanced,practical
STU01638,"Software Development, Python",Beginner,Reading
STU01639,"Machine Learning, Data Analytics",Advanced,practical
STU01640,Software Development,Advanced,Reading
STU01641,"Data Analytics, Deep Learning",Intermediate,practical
STU01642,"Software Development, SQL",Advanced,Reading
STU01643,Machine Learning,Intermediate,Visual
STU01644,"DevOps, Cloud Computing, Web Development",Advanced,practical
STU01645,"SQL, Web Development",Advanced,Reading
STU01646,"Data Science, SQL, Machine Learning",Beginner,practical
STU01647,Cloud Computing,Advanced,Reading
STU01648,"Machine Learning, Python",Beginner,Visual
STU01649,"Cybersecurity, Cloud Computing, Artificial Intelligence",Intermediate,Visual
STU01650,Cloud Computing,Beginner,Visual
STU01651,"SQL, Software Development",Intermediate,Reading
STU01652,"Data Analytics, Cybersecurity, Cloud Computing",Advanced,Reading
STU01653,"Data Science, DevOps, Artificial Intelligence",Advanced,practical
STU01654,Cybersecurity,Intermediate,Visual
STU01655,"Data Analytics, Artificial Intelligence, DevOps",Advanced,Visual
STU01656,"Artificial Intelligence, Machine Learning",Advanced,Reading
STU01657,"Cloud Computing, Deep Learning, Software Development",Beginner,Visual
STU01658,Web Development,Advanced,Reading
STU01659,"Deep Learning, Python",Beginner,Reading
STU01660,"Web Development, SQL, Python",Intermediate,Visual
STU01661,"Data Science, SQL",Advanced,Visual
STU01662,"Software Development, DevOps, Cybersecurity",Advanced,Reading
STU01663,"Web Development, DevOps",Advanced,Reading
STU01664,"Deep Learning, Artificial Intelligence",Advanced,Visual
STU01665,"SQL, Python, Web Development",Intermediate,practical
STU01666,"Python, Cloud Computing",Intermediate,Visual
STU01667,Cybersecurity,Advanced,Visual
STU01668,DevOps,Advanced,practical
STU01669,"Data Science, DevOps, Software Development",Intermediate,Reading
STU01670,"Web Development, Cloud Computing",Intermediate,Reading
STU01671,Python,Beginner,Reading
STU01672,"Machine Learning, Web Development, Software Development",Beginner,Visual
STU01673,"Data Science, DevOps, Python",Advanced,practical
STU01674,Web Development,Advanced,practical
STU01675,Python,Intermediate,Visual
STU01676,"Web Development, DevOps, Machine Learning",Beginner,Reading
STU01677,"Web Development, DevOps, Python",Advanced,practical
STU01678,"Python, Artificial Intelligence",Intermediate,Visual
STU01679,"Software Development, Data Analytics, Web Development",Advanced,practical
STU01680,SQL,Advanced,Visual
STU01681,"Data Analytics, DevOps",Beginner,Reading
STU01682,Web Development,Beginner,practical
STU01683,"Cloud Computing, DevOps, Machine Learning",Intermediate,practical
STU01684,Machine Learning,Beginner,Visual
STU01685,"Software Development, Artificial Intelligence, SQL",Advanced,practical
STU01686,"Artificial Intelligence, Data Science, Python",Advanced,practical
STU01687,"Artificial Intelligence, SQL, Software Development",Intermediate,Visual
STU01688,"Data Analytics, Cybersecurity, Python",Advanced,Visual
STU01689,Web Development,Intermediate,Reading
STU01690,Deep Learning,Beginner,Reading
STU01691,"Data Science, Software Development, Data Analytics",Advanced,practical
STU01692,"Data Science, Data Analytics, Cybersecurity",Beginner,Reading
STU01693,Python,Intermediate,Visual
STU01694,"Deep Learning, Data Analytics",Advanced,Reading
STU01695,"Web Development, Machine Learning",Intermediate,practical
STU01696,"Software Development, SQL, Cloud Computing",Advanced,Reading
STU01697,"Data Science, Artificial Intelligence",Intermediate,Visual
STU01698,"Data Science, Machine Learning",Intermediate,Reading
STU01699,"SQL, Data Science, Software Development",Intermediate,practical
STU01700,"Cybersecurity, Cloud Computing, Deep Learning",Intermediate,Visual
STU01701,Data Analytics,Beginner,Reading
STU01702,"Artificial Intelligence, Data Analytics",Intermediate,practical
STU01703,"Software Development, Data Science, SQL",Intermediate,Reading
STU01704,"Artificial Intelligence, Data Analytics",Advanced,Visual
STU01705,Data Analytics,Intermediate,practical
STU01706,"Python, SQL",Intermediate,Visual
STU01707,Artificial Intelligence,Advanced,Reading
STU01708,"SQL, Deep Learning, DevOps",Intermediate,Reading
STU01709,"Cybersecurity, SQL, Artificial Intelligence",Advanced,Reading
STU01710,"Data Science, Deep Learning, Cloud Computing",Advanced,Reading
STU01711,Deep Learning,Beginner,Visual
STU01712,"Web Development, Python",Advanced,Reading
STU01713,"Deep Learning, Data Analytics",Beginner,practical
STU01714,Artificial Intelligence,Beginner,practical
STU01715,"Cybersecurity, Software Development",Beginner,Reading
STU01716,DevOps,Advanced,Reading
STU01717,DevOps,Intermediate,Reading
STU01718,Cybersecurity,Beginner,Visual
STU01719,Artificial Intelligence,Advanced,Visual
STU01720,"Web Development, Artificial Intelligence",Beginner,Visual
STU01721,"Artificial Intelligence, Python",Beginner,Visual
STU01722,"Cybersecurity, Deep Learning, Cloud Computing",Beginner,Visual
STU01723,Machine Learning,Intermediate,practical
STU01724,"Software Development, Data Analytics",Beginner,practical
STU01725,Data Science,Beginner,Reading
STU01726,"Software Development, DevOps",Advanced,practical
STU01727,Cybersecurity,Intermediate,Visual
STU01728,"DevOps, Deep Learning, Cloud Computing",Intermediate,Reading
STU01729,"Python, Data Analytics",Advanced,Reading
STU01730,"Artificial Intelligence, Data Analytics",Advanced,practical
STU01731,"Cloud Computing, Deep Learning",Intermediate,Reading
STU01732,"DevOps, SQL, Software Development",Beginner,Reading
STU01733,"Web Development, Artificial Intelligence",Intermediate,Visual
STU01734,"DevOps, Machine Learning, Python",Intermediate,Visual
STU01735,"Data Science, Software Development",Advanced,Visual
STU01736,Machine Learning,Advanced,Visual
STU01737,"Machine Learning, Web Development, Data Analytics",Beginner,Visual
STU01738,"SQL, Python, Deep Learning",Advanced,Visual
STU01739,"Python, Cybersecurity",Advanced,Reading
STU01740,"Data Science, DevOps",Intermediate,Visual
STU01741,SQL,Advanced,practical
STU01742,Cybersecurity,Intermediate,Visual
STU01743,Web Development,Beginner,Visual
STU01744,Web Development,Beginner,practical
STU01745,Cloud Computing,Beginner,Reading
STU01746,"Data Science, Web Development, SQL",Intermediate,Visual
STU01747,"Python, SQL",Intermediate,Reading
STU01748,"Deep Learning, Artificial Intelligence, Web Development",Beginner,practical
STU01749,Web Development,Advanced,Reading
STU01750,"Web Development, Python, Artificial Intelligence",Advanced,Visual
STU01751,DevOps,Advanced,Visual
STU01752,"Deep Learning, DevOps, Web Development",Beginner,practical
STU01753,"Deep Learning, Artificial Intelligence, Python",Advanced,Visual
STU01754,"Artificial Intelligence, Software Development",Advanced,Visual
STU01755,"Software Development, Cybersecurity",Intermediate,Reading
STU01756,"Machine Learning, SQL",Beginner,practical
STU01757,"Data Science, Software Development",Advanced,Reading
STU01758,"Python, SQL",Beginner,Visual
STU01759,Cybersecurity,Intermediate,practical
STU01760,"Web Development, Data Science, SQL",Beginner,Reading
STU01761,"Artificial Intelligence, SQL, Cloud Computing",Intermediate,practical
STU01762,"DevOps, Python, Web Development",Beginner,Visual
STU01763,"Web Development, Cloud Computing",Intermediate,practical
STU01764,SQL,Intermediate,Reading
STU01765,"Web Development, SQL, Python",Intermediate,Visual
STU01766,DevOps,Intermediate,Reading
STU01767,"SQL, Machine Learning",Advanced,Reading
STU01768,"Web Development, Software Development, Cybersecurity",Advanced,Reading
STU01769,SQL,Advanced,Visual
STU01770,Machine Learning,Beginner,Visual
STU01771,"Data Analytics, SQL",Intermediate,Visual
STU01772,"Data Science, Web Development",Advanced,Visual
STU01773,Machine Learning,Intermediate,Reading
STU01774,"Cybersecurity, Cloud Computing",Advanced,Reading
STU01775,"Web Development, Artificial Intelligence, SQL",Intermediate,Reading
STU01776,Python,Advanced,Reading
STU01777,"Machine Learning, Cloud Computing",Advanced,Visual
STU01778,"Data Science, Machine Learning",Intermediate,Visual
STU01779,Cloud Computing,Advanced,practical
STU01780,"Data Science, Software Development, Cloud Computing",Beginner,Visual
STU01781,Artificial Intelligence,Intermediate,practical
STU01782,Data Science,Beginner,Visual
STU01783,Deep Learning,Advanced,Reading
STU01784,"Machine Learning, Data Analytics, SQL",Advanced,practical
STU01785,Deep Learning,Intermediate,Reading
STU01786,"Web Development, Data Science, Data Analytics",Intermediate,practical
STU01787,"Software Development, Machine Learning",Intermediate,practical
STU01788,"Deep Learning, Data Science",Beginner,Visual
STU01789,"Cloud Computing, SQL",Advanced,Reading
STU01790,"Web Development, Data Science, DevOps",Beginner,Reading
STU01791,"SQL, Cybersecurity",Advanced,Visual
STU01792,Cybersecurity,Intermediate,Visual
STU01793,"Python, Artificial Intelligence",Advanced,Visual
STU01794,"Web Development, Data Science",Beginner,Reading
STU01795,Python,Beginner,Reading
STU01796,"Python, Artificial Intelligence",Beginner,Visual
STU01797,"Data Science, SQL",Intermediate,practical
STU01798,"Machine Learning, Artificial Intelligence",Intermediate,practical
STU01799,SQL,Advanced,Reading
STU01800,"Python, Data Analytics, Software Development",Intermediate,Reading
STU01801,"Cloud Computing, Data Science",Beginner,Reading
STU01802,"SQL, Deep Learning, Web Development",Advanced,Reading
STU01803,"Machine Learning, DevOps, Cybersecurity",Beginner,Visual
STU01804,"Web Development, Data Science",Beginner,practical
STU01805,Cloud Computing,Advanced,Reading
STU01806,Data Science,Advanced,practical
STU01807,"Deep Learning, Cybersecurity",Advanced,Visual
STU01808,"Data Science, Web Development, Machine Learning",Beginner,practical
STU01809,"Python, Artificial Intelligence",Intermediate,Reading
STU01810,"Data Analytics, Machine Learning, Python",Beginner,Visual
STU01811,"Data Analytics, Deep Learning",Advanced,practical
STU01812,Software Development,Beginner,practical
STU01813,Cybersecurity,Beginner,Visual
STU01814,"Python, Web Development",Intermediate,Reading
STU01815,Data Analytics,Advanced,practical
STU01816,"Software Development, Data Analytics, SQL",Intermediate,Reading
STU01817,"DevOps, Software Development, Deep Learning",Intermediate,Reading
STU01818,Data Analytics,Intermediate,Reading
STU01819,Python,Advanced,practical
STU01820,Web Development,Advanced,practical
STU01821,"Python, DevOps, Cybersecurity",Beginner,Reading
STU01822,Software Development,Advanced,Reading
STU01823,"Python, Data Science, Deep Learning",Beginner,practical
STU01824,"Data Science, SQL, Python",Advanced,practical
STU01825,SQL,Advanced,Reading
STU01826,"Software Development, Data Analytics",Intermediate,Visual
STU01827,"Data Science, Python, Cloud Computing",Beginner,Visual
STU01828,"Machine Learning, Software Development, DevOps",Advanced,Reading
STU01829,"Data Science, Python, Web Development",Advanced,Visual
STU01830,Python,Beginner,practical
STU01831,"Artificial Intelligence, Software Development, DevOps",Beginner,practical
STU01832,"SQL, DevOps, Data Analytics",Intermediate,Visual
STU01833,"Python, Web Development",Advanced,Visual
STU01834,"Machine Learning, Cybersecurity",Beginner,Visual
STU01835,"DevOps, Software Development",Advanced,Visual
STU01836,Data Science,Intermediate,practical
STU01837,"DevOps, Web Development",Beginner,Visual
STU01838,"Data Analytics, Python, Software Development",Advanced,practical
STU01839,"Machine Learning, Deep Learning, Artificial Intelligence",Intermediate,Visual
STU01840,"Data Analytics, Web Development, Cybersecurity",Advanced,Reading
STU01841,"Cloud Computing, Web Development, Cybersecurity",Intermediate,Reading
STU01842,"Machine Learning, Artificial Intelligence",Intermediate,practical
STU01843,Artificial Intelligence,Intermediate,Reading
STU01844,Data Science,Advanced,Visual
STU01845,Cloud Computing,Beginner,practical
STU01846,Python,Beginner,Visual
STU01847,"Deep Learning, DevOps",Beginner,practical
STU01848,"Software Development, SQL, DevOps",Beginner,Visual
STU01849,Python,Intermediate,practical
STU01850,"Data Science, SQL",Beginner,Visual
STU01851,"DevOps, Python, Deep Learning",Beginner,Reading
STU01852,"Cloud Computing, Data Analytics",Beginner,Visual
STU01853,"Data Analytics, Data Science",Advanced,Reading
STU01854,"Software Development, Data Science",Intermediate,Visual
STU01855,"Artificial Intelligence, Deep Learning, Data Science",Intermediate,practical
STU01856,"Software Development, Cybersecurity",Beginner,Reading
STU01857,Artificial Intelligence,Beginner,practical
STU01858,"Deep Learning, Data Science",Advanced,Reading
STU01859,"Cloud Computing, Web Development, Artificial Intelligence",Intermediate,practical
STU01860,"DevOps, SQL",Advanced,Visual
STU01861,"Data Analytics, Data Science, Software Development",Intermediate,practical
STU01862,Artificial Intelligence,Beginner,practical
STU01863,"Python, Software Development, Cloud Computing",Advanced,Visual
STU01864,"Data Science, Artificial Intelligence",Advanced,Reading
STU01865,"Cybersecurity, DevOps",Intermediate,Visual
STU01866,Artificial Intelligence,Intermediate,practical
STU01867,"DevOps, Deep Learning",Beginner,practical
STU01868,Cloud Computing,Intermediate,Reading
STU01869,Software Development,Intermediate,Visual
STU01870,"Cybersecurity, Web Development",Beginner,Reading
STU01871,"Cybersecurity, Python",Advanced,practical
STU01872,"DevOps, Cloud Computing, Python",Advanced,Visual
STU01873,"DevOps, Data Science",Advanced,practical
STU01874,"Cloud Computing, Artificial Intelligence",Intermediate,Reading
STU01875,"Data Science, DevOps",Beginner,Reading
STU01876,"Cloud Computing, Software Development, Data Analytics",Intermediate,practical
STU01877,"Software Development, Artificial Intelligence",Advanced,Visual
STU01878,Web Development,Advanced,Reading
STU01879,Python,Advanced,practical
STU01880,"Cloud Computing, Software Development",Intermediate,Reading
STU01881,"Deep Learning, Data Analytics, Software Development",Intermediate,Visual
STU01882,"Data Analytics, Python",Intermediate,Visual
STU01883,Web Development,Advanced,Reading
STU01884,"Web Development, DevOps",Advanced,Reading
STU01885,"Web Development, Artificial Intelligence, Deep Learning",Intermediate,practical
STU01886,"Artificial Intelligence, Machine Learning, Python",Advanced,Visual
STU01887,Artificial Intelligence,Beginner,Reading
STU01888,"Cloud Computing, SQL",Beginner,Reading
STU01889,Artificial Intelligence,Beginner,Visual
STU01890,DevOps,Beginner,Visual
STU01891,"Python, Data Analytics",Beginner,practical
STU01892,Cybersecurity,Advanced,practical
STU01893,"Artificial Intelligence, Data Science, Python",Advanced,Reading
STU01894,"Data Science, Software Development, SQL",Beginner,practical
STU01895,"Data Analytics, Machine Learning",Beginner,Reading
STU01896,Data Science,Intermediate,Reading
STU01897,"DevOps, Software Development, Web Development",Beginner,Visual
STU01898,DevOps,Beginner,practical
STU01899,Data Science,Advanced,Reading
STU01900,"SQL, Deep Learning, DevOps",Advanced,Reading
STU01901,SQL,Beginner,Reading
STU01902,"Python, Deep Learning, Software Development",Advanced,Visual
STU01903,Deep Learning,Beginner,practical
STU01904,"Data Analytics, Artificial Intelligence",Intermediate,Visual
STU01905,"Python, Deep Learning, Data Analytics",Intermediate,Reading
STU01906,"Cybersecurity, Artificial Intelligence",Advanced,Visual
STU01907,"Deep Learning, DevOps",Beginner,Reading
STU01908,"SQL, Machine Learning, Cybersecurity",Beginner,practical
STU01909,"Machine Learning, SQL, Web Development",Beginner,practical
STU01910,"Machine Learning, Cloud Computing, Artificial Intelligence",Advanced,practical
STU01911,"Web Development, Artificial Intelligence",Intermediate,Reading
STU01912,"Cybersecurity, DevOps",Beginner,Visual
STU01913,"Deep Learning, Machine Learning",Advanced,practical
STU01914,Data Science,Intermediate,Reading
STU01915,"DevOps, Deep Learning, Data Science",Advanced,Reading
STU01916,Data Science,Intermediate,Reading
STU01917,"Cloud Computing, Machine Learning, Python",Beginner,practical
STU01918,"DevOps, Artificial Intelligence",Beginner,Visual
STU01919,"Cloud Computing, Data Science, Deep Learning",Beginner,Visual
STU01920,"Cybersecurity, SQL, Data Science",Intermediate,Reading
STU01921,"Web Development, SQL",Intermediate,Reading
STU01922,"Data Science, DevOps, Cloud Computing",Intermediate,Reading
STU01923,"SQL, Data Science",Advanced,practical
STU01924,"Machine Learning, Data Science",Advanced,Reading
STU01925,"Machine Learning, Deep Learning",Intermediate,Visual
STU01926,"Cloud Computing, Deep Learning",Beginner,Visual
STU01927,"Web Development, Python",Beginner,Reading
STU01928,"Web Development, Cloud Computing",Intermediate,Visual
STU01929,Software Development,Intermediate,Reading
STU01930,"Cybersecurity, Data Science, Software Development",Intermediate,Visual
STU01931,"Machine Learning, SQL, Cybersecurity",Intermediate,practical
STU01932,"Cybersecurity, DevOps",Intermediate,Reading
STU01933,"SQL, Python",Beginner,Visual
STU01934,"Python, Deep Learning, Machine Learning",Beginner,Reading
STU01935,"Python, Machine Learning, Deep Learning",Intermediate,Reading
STU01936,"Web Development, Cloud Computing",Advanced,Visual
STU01937,Software Development,Beginner,practical
STU01938,"Deep Learning, Data Analytics, Artificial Intelligence",Advanced,practical
STU01939,Python,Beginner,practical
STU01940,"Artificial Intelligence, Python",Intermediate,Visual
STU01941,"Web Development, Deep Learning",Intermediate,practical
STU01942,"Software Development, Data Science, Deep Learning",Intermediate,practical
STU01943,"Cybersecurity, DevOps, Data Science",Beginner,Visual
STU01944,"Cybersecurity, DevOps, Artificial Intelligence",Beginner,Visual
STU01945,"Python, Web Development",Advanced,Visual
STU01946,"Cloud Computing, Python",Beginner,Visual
STU01947,"Artificial Intelligence, SQL, Web Development",Intermediate,Reading
STU01948,Data Science,Advanced,Visual
STU01949,"Web Development, DevOps, Machine Learning",Advanced,Reading
STU01950,"Deep Learning, Web Development",Advanced,Reading
STU01951,"Deep Learning, Cloud Computing, Artificial Intelligence",Intermediate,Reading
STU01952,"Data Analytics, DevOps, Software Development",Beginner,practical
STU01953,"Software Development, Deep Learning",Intermediate,Visual
STU01954,Machine Learning,Beginner,practical
STU01955,Data Analytics,Intermediate,practical
STU01956,"Machine Learning, Python",Beginner,practical
STU01957,Deep Learning,Advanced,Visual
STU01958,"Machine Learning, Web Development, Python",Advanced,Reading
STU01959,"Cloud Computing, Data Science, Web Development",Beginner,Reading
STU01960,"Deep Learning, Data Science",Intermediate,Reading
STU01961,"Software Development, Data Analytics, Cloud Computing",Beginner,practical
STU01962,Cloud Computing,Advanced,Reading
STU01963,"SQL, Web Development",Intermediate,practical
STU01964,Python,Intermediate,Reading
STU01965,Machine Learning,Advanced,Visual
STU01966,Cloud Computing,Intermediate,Reading
STU01967,"DevOps, Machine Learning, Artificial Intelligence",Beginner,Visual
STU01968,"Machine Learning, Cybersecurity, Cloud Computing",Intermediate,practical
STU01969,SQL,Beginner,Reading
STU01970,"Cybersecurity, Cloud Computing",Beginner,Visual
STU01971,"Data Analytics, Cybersecurity",Beginner,Visual
STU01972,SQL,Beginner,Reading
STU01973,"Artificial Intelligence, Machine Learning",Advanced,practical
STU01974,"DevOps, Python, Data Analytics",Intermediate,Reading
STU01975,"Cybersecurity, DevOps, Data Analytics",Beginner,Visual
STU01976,"Python, Software Development, Data Analytics",Intermediate,Reading
STU01977,Artificial Intelligence,Intermediate,Visual
STU01978,"Software Development, Data Analytics",Beginner,Visual
STU01979,Artificial Intelligence,Intermediate,Visual
STU01980,"SQL, Artificial Intelligence, Cloud Computing",Beginner,Reading
STU01981,SQL,Beginner,practical
STU01982,"Cybersecurity, Software Development, Artificial Intelligence",Advanced,Reading
STU01983,DevOps,Intermediate,Reading
STU01984,"DevOps, SQL",Advanced,Reading
STU01985,"SQL, Artificial Intelligence, Python",Advanced,practical
STU01986,"Artificial Intelligence, Cloud Computing",Intermediate,Reading
STU01987,"Data Science, Cybersecurity",Advanced,Reading
STU01988,"SQL, Cloud Computing",Intermediate,Visual
STU01989,"Data Analytics, Deep Learning",Intermediate,practical
STU01990,Web Development,Beginner,Visual
STU01991,"Machine Learning, Cybersecurity, Artificial Intelligence",Beginner,Reading
STU01992,Web Development,Beginner,Visual
STU01993,Software Development,Intermediate,Reading
STU01994,"Cloud Computing, Software Development, Deep Learning",Intermediate,Visual
STU01995,Web Development,Beginner,practical
STU01996,"Python, Web Development, SQL",Beginner,practical
STU01997,"Cybersecurity, Data Science, Data Analytics",Intermediate,Reading
STU01998,"Artificial Intelligence, Cybersecurity, Web Development",Advanced,Visual
STU01999,"Software Development, Deep Learning, Data Analytics",Intermediate,Reading
STU02000,"DevOps, Data Science",Beginner,practical
STU02001,"Data Analytics, Machine Learning, DevOps",Beginner,Visual
STU02002,"Cybersecurity, Python",Beginner,Visual
STU02003,Web Development,Advanced,Reading
STU02004,Cloud Computing,Intermediate,Visual
STU02005,Web Development,Intermediate,Reading
STU02006,Cloud Computing,Intermediate,practical
STU02007,Web Development,Intermediate,Reading
STU02008,"Python, Artificial Intelligence, Data Analytics",Advanced,practical
STU02009,Artificial Intelligence,Advanced,practical
STU02010,Data Analytics,Beginner,Visual
STU02011,Artificial Intelligence,Advanced,Visual
STU02012,"Cloud Computing, Machine Learning",Beginner,Reading
STU02013,"Machine Learning, Deep Learning",Advanced,Visual
STU02014,"Cybersecurity, Artificial Intelligence",Intermediate,Visual
STU02015,"Web Development, Data Analytics, DevOps",Advanced,practical
STU02016,Machine Learning,Advanced,Reading
STU02017,"Web Development, Data Analytics, DevOps",Intermediate,Visual
STU02018,"SQL, Python",Advanced,Reading
STU02019,"SQL, Data Science",Intermediate,Reading
STU02020,"Artificial Intelligence, Deep Learning, DevOps",Beginner,Reading
STU02021,"Artificial Intelligence, Machine Learning, Cybersecurity",Advanced,Visual
STU02022,Data Science,Beginner,practical
STU02023,Deep Learning,Intermediate,Reading
STU02024,"Software Development, DevOps",Intermediate,Reading
STU02025,Data Science,Beginner,Reading
STU02026,"Cloud Computing, Data Science",Intermediate,Visual
STU02027,"DevOps, Web Development, Artificial Intelligence",Beginner,Reading
STU02028,"Deep Learning, Data Analytics",Beginner,Reading
STU02029,Data Analytics,Advanced,Reading
STU02030,"Data Analytics, Deep Learning, Artificial Intelligence",Intermediate,Visual
STU02031,"Cloud Computing, Cybersecurity, Artificial Intelligence",Beginner,Reading
STU02032,"Deep Learning, Data Analytics, Cybersecurity",Intermediate,Visual
STU02033,"Cloud Computing, DevOps, Deep Learning",Advanced,Visual
STU02034,"Artificial Intelligence, Web Development, DevOps",Intermediate,Reading
STU02035,"Cloud Computing, Data Science, DevOps",Intermediate,Visual
STU02036,SQL,Advanced,practical
STU02037,Data Science,Beginner,practical
STU02038,"Cloud Computing, Python, SQL",Intermediate,Visual
STU02039,"Artificial Intelligence, Data Analytics",Beginner,Visual
STU02040,"Cybersecurity, Data Science, Web Development",Beginner,Reading
STU02041,"Data Analytics, Cloud Computing, Software Development",Advanced,practical
STU02042,"SQL, Cybersecurity",Intermediate,practical
STU02043,"Cloud Computing, DevOps, Data Analytics",Beginner,Visual
STU02044,"Deep Learning, SQL, Python",Advanced,practical
STU02045,"Deep Learning, Web Development",Beginner,Reading
STU02046,"Machine Learning, DevOps",Beginner,Visual
STU02047,"Software Development, Cloud Computing",Advanced,Reading
STU02048,"Deep Learning, DevOps",Intermediate,Reading
STU02049,"Cloud Computing, Python, Cybersecurity",Intermediate,Reading
STU02050,"Cloud Computing, Cybersecurity, SQL",Beginner,Reading
STU02051,"Cybersecurity, Cloud Computing",Intermediate,practical
STU02052,SQL,Beginner,Reading
STU02053,"Web Development, Python",Intermediate,Reading
STU02054,"SQL, Python, Artificial Intelligence",Intermediate,Reading
STU02055,"Artificial Intelligence, Cloud Computing",Intermediate,practical
STU02056,"Cloud Computing, Web Development, Software Development",Beginner,practical
STU02057,Artificial Intelligence,Advanced,practical
STU02058,"Data Science, Deep Learning, DevOps",Intermediate,practical
STU02059,"Python, Data Science",Intermediate,practical
STU02060,"Cybersecurity, Cloud Computing",Beginner,practical
STU02061,Machine Learning,Advanced,Visual
STU02062,"Data Analytics, SQL",Advanced,practical
STU02063,"Deep Learning, Python",Advanced,Reading
STU02064,Data Science,Intermediate,Reading
STU02065,"Artificial Intelligence, Data Analytics",Beginner,Reading
STU02066,"Data Science, Artificial Intelligence, Cloud Computing",Advanced,practical
STU02067,Artificial Intelligence,Beginner,practical
STU02068,"Cloud Computing, DevOps",Advanced,practical
STU02069,"Machine Learning, Deep Learning",Advanced,practical
STU02070,"Data Analytics, Machine Learning",Intermediate,Visual
STU02071,"Python, Artificial Intelligence, Machine Learning",Advanced,practical
STU02072,SQL,Intermediate,practical
STU02073,Python,Intermediate,practical
STU02074,"Cybersecurity, SQL",Intermediate,Reading
STU02075,"Artificial Intelligence, Web Development",Beginner,Reading
STU02076,SQL,Beginner,Reading
STU02077,"Software Development, Cybersecurity",Beginner,Reading
STU02078,SQL,Intermediate,practical
STU02079,"DevOps, Python, Machine Learning",Intermediate,practical
STU02080,"Artificial Intelligence, Web Development",Beginner,Reading
STU02081,"DevOps, Artificial Intelligence",Beginner,practical
STU02082,"Machine Learning, SQL",Intermediate,Visual
STU02083,"Machine Learning, Data Analytics, Artificial Intelligence",Beginner,Visual
STU02084,Python,Intermediate,Visual
STU02085,"Machine Learning, Web Development, Python",Advanced,Visual
STU02086,"Python, Software Development",Advanced,Reading
STU02087,Web Development,Beginner,Reading
STU02088,"Software Development, Web Development",Beginner,practical
STU02089,"Data Analytics, Machine Learning, Artificial Intelligence",Beginner,Visual
STU02090,Web Development,Beginner,Visual
STU02091,Software Development,Advanced,Reading
STU02092,"DevOps, Cloud Computing, Web Development",Intermediate,Reading
STU02093,"Machine Learning, Artificial Intelligence",Advanced,practical
STU02094,"Web Development, DevOps, Data Analytics",Beginner,practical
STU02095,"Data Analytics, Web Development, SQL",Advanced,Visual
STU02096,SQL,Advanced,Visual
STU02097,SQL,Intermediate,Visual
STU02098,"Software Development, Data Analytics",Beginner,practical
STU02099,"Artificial Intelligence, Deep Learning",Intermediate,Visual
STU02100,"Software Development, Cybersecurity, SQL",Advanced,practical
STU02101,"Machine Learning, Cybersecurity",Beginner,Visual
STU02102,Cybersecurity,Beginner,Reading
STU02103,"Artificial Intelligence, Software Development",Beginner,Reading
STU02104,"Artificial Intelligence, Machine Learning",Beginner,practical
STU02105,"Artificial Intelligence, SQL",Advanced,practical
STU02106,"Cybersecurity, Software Development, Cloud Computing",Advanced,Reading
STU02107,"Cybersecurity, Cloud Computing, Deep Learning",Advanced,Visual
STU02108,"Python, Cloud Computing, Machine Learning",Advanced,Reading
STU02109,"Artificial Intelligence, Cybersecurity",Beginner,practical
STU02110,Data Science,Advanced,Reading
STU02111,Web Development,Beginner,Visual
STU02112,"Cybersecurity, Data Science, Machine Learning",Intermediate,Visual
STU02113,"Artificial Intelligence, Machine Learning",Intermediate,Reading
STU02114,Machine Learning,Beginner,Reading
STU02115,"Cybersecurity, Artificial Intelligence, Data Analytics",Advanced,Visual
STU02116,"Software Development, Deep Learning",Beginner,practical
STU02117,Data Science,Beginner,practical
STU02118,"Python, Machine Learning, Web Development",Advanced,Reading
STU02119,Data Science,Intermediate,practical
STU02120,"Data Analytics, Web Development",Advanced,practical
STU02121,Machine Learning,Advanced,practical
STU02122,Python,Advanced,practical
STU02123,"SQL, Data Analytics, DevOps",Advanced,Reading
STU02124,"Software Development, Deep Learning",Beginner,Reading
STU02125,"Data Analytics, Software Development",Intermediate,Visual
STU02126,Cloud Computing,Advanced,practical
STU02127,"Data Science, DevOps",Beginner,Reading
STU02128,"Machine Learning, Cybersecurity, Deep Learning",Intermediate,Visual
STU02129,"Data Analytics, Data Science",Beginner,Reading
STU02130,"Data Analytics, Software Development",Advanced,Visual
STU02131,"SQL, Machine Learning, Data Analytics",Intermediate,Reading
STU02132,Software Development,Beginner,practical
STU02133,"Python, Software Development",Beginner,Reading
STU02134,Artificial Intelligence,Advanced,Reading
STU02135,"Artificial Intelligence, Cloud Computing",Intermediate,Reading
STU02136,"Data Science, Deep Learning, Python",Intermediate,Reading
STU02137,"Software Development, Web Development, Python",Beginner,practical
STU02138,"Cybersecurity, Cloud Computing, Machine Learning",Advanced,practical
STU02139,"Data Science, Web Development",Beginner,practical
STU02140,"Web Development, Data Science, Data Analytics",Advanced,Visual
STU02141,Cloud Computing,Advanced,Visual
STU02142,"Machine Learning, Artificial Intelligence",Advanced,practical
STU02143,"DevOps, Artificial Intelligence",Advanced,Reading
STU02144,"SQL, DevOps",Intermediate,practical
STU02145,"Deep Learning, Data Analytics",Beginner,Reading
STU02146,"Artificial Intelligence, DevOps, Cloud Computing",Advanced,Reading
STU02147,Artificial Intelligence,Intermediate,Reading
STU02148,"Deep Learning, Web Development",Intermediate,Reading
STU02149,"SQL, Cybersecurity",Advanced,Visual
STU02150,SQL,Beginner,Reading
STU02151,"Machine Learning, DevOps",Advanced,practical
STU02152,"Data Science, Cybersecurity",Advanced,Visual
STU02153,Python,Beginner,Visual
STU02154,"Artificial Intelligence, Deep Learning, Python",Beginner,practical
STU02155,"DevOps, SQL, Software Development",Advanced,Reading
STU02156,DevOps,Advanced,Reading
STU02157,"Data Science, Cloud Computing, Python",Intermediate,practical
STU02158,"Cloud Computing, Data Analytics",Advanced,practical
STU02159,Software Development,Beginner,practical
STU02160,"SQL, Cloud Computing, Cybersecurity",Advanced,Visual
STU02161,"DevOps, Cloud Computing, SQL",Advanced,practical
STU02162,"Data Analytics, Machine Learning",Advanced,practical
STU02163,"Machine Learning, Data Science",Intermediate,practical
STU02164,"Web Development, SQL",Intermediate,practical
STU02165,"SQL, Machine Learning",Beginner,Reading
STU02166,"DevOps, Web Development",Beginner,practical
STU02167,Python,Intermediate,Reading
STU02168,"Python, Artificial Intelligence, Software Development",Beginner,Reading
STU02169,"Data Analytics, Python, Cloud Computing",Beginner,Reading
STU02170,Data Analytics,Beginner,Visual
STU02171,"Cybersecurity, Web Development",Advanced,Visual
STU02172,SQL,Advanced,Visual
STU02173,"Web Development, Python, Data Science",Advanced,practical
STU02174,Data Analytics,Beginner,Reading
STU02175,Web Development,Intermediate,Visual
STU02176,"Web Development, Machine Learning",Beginner,Reading
STU02177,"Machine Learning, Deep Learning",Advanced,Reading
STU02178,"DevOps, Cybersecurity, Python",Beginner,Reading
STU02179,"Cloud Computing, Python",Advanced,Visual
STU02180,"Cloud Computing, DevOps, Python",Beginner,Visual
STU02181,"DevOps, Cybersecurity, Python",Advanced,Visual
STU02182,"Data Analytics, Data Science",Beginner,Visual
STU02183,Python,Intermediate,Visual
STU02184,"Python, Cloud Computing, DevOps",Advanced,Reading
STU02185,Data Science,Beginner,practical
STU02186,"Cloud Computing, Data Science, Data Analytics",Beginner,practical
STU02187,"Software Development, Artificial Intelligence, Data Analytics",Beginner,practical
STU02188,"SQL, Artificial Intelligence, Data Analytics",Intermediate,Visual
STU02189,"Cloud Computing, Python",Intermediate,Visual
STU02190,"Software Development, Python, Deep Learning",Intermediate,Reading
STU02191,"Data Analytics, Data Science",Advanced,Visual
STU02192,DevOps,Advanced,Visual
STU02193,Data Analytics,Intermediate,Visual
STU02194,Data Science,Advanced,practical
STU02195,"DevOps, Data Analytics",Advanced,practical
STU02196,"Data Science, Python",Intermediate,Visual
STU02197,"Python, SQL, Cloud Computing",Intermediate,Reading
STU02198,"Software Development, Machine Learning",Advanced,Reading
STU02199,Data Science,Beginner,Reading
STU02200,Cybersecurity,Advanced,Visual
STU02201,"Software Development, Data Science, Cloud Computing",Beginner,practical
STU02202,Cloud Computing,Advanced,Reading
STU02203,Cloud Computing,Advanced,Visual
STU02204,"Deep Learning, Python, Artificial Intelligence",Intermediate,Visual
STU02205,"Data Analytics, Cybersecurity",Intermediate,Visual
STU02206,"Deep Learning, DevOps",Advanced,Reading
STU02207,Data Science,Intermediate,Reading
STU02208,"SQL, Cybersecurity, Software Development",Advanced,practical
STU02209,"Data Science, Machine Learning, SQL",Advanced,Reading
STU02210,"Cybersecurity, Python, SQL",Advanced,practical
STU02211,Data Science,Advanced,Visual
STU02212,Deep Learning,Intermediate,Reading
STU02213,SQL,Intermediate,Reading
STU02214,"Artificial Intelligence, Cloud Computing, Software Development",Beginner,Reading
STU02215,Cloud Computing,Advanced,practical
STU02216,Deep Learning,Advanced,practical
STU02217,DevOps,Advanced,practical
STU02218,Data Analytics,Beginner,Visual
STU02219,Web Development,Intermediate,Visual
STU02220,"Software Development, Deep Learning, DevOps",Advanced,practical
STU02221,"Software Development, DevOps, Machine Learning",Advanced,Visual
STU02222,"Cybersecurity, Cloud Computing, Artificial Intelligence",Advanced,practical
STU02223,Cloud Computing,Intermediate,Visual
STU02224,"Deep Learning, Data Science",Beginner,practical
STU02225,"Artificial Intelligence, Machine Learning, Web Development",Beginner,practical
STU02226,"Deep Learning, Python, Data Science",Intermediate,Reading
STU02227,"SQL, Deep Learning",Beginner,Reading
STU02228,"Cloud Computing, Artificial Intelligence, Data Science",Advanced,practical
STU02229,Web Development,Intermediate,practical
STU02230,Artificial Intelligence,Intermediate,practical
STU02231,"Cybersecurity, Artificial Intelligence",Advanced,Visual
STU02232,Python,Advanced,Reading
STU02233,Deep Learning,Advanced,Reading
STU02234,"Cybersecurity, Web Development",Advanced,Reading
STU02235,"Machine Learning, Data Analytics",Beginner,practical
STU02236,"Artificial Intelligence, Cloud Computing",Intermediate,practical
STU02237,Software Development,Intermediate,practical
STU02238,"Deep Learning, Machine Learning, Data Analytics",Advanced,practical
STU02239,Cybersecurity,Beginner,Reading
STU02240,DevOps,Beginner,Reading
STU02241,"Cybersecurity, Machine Learning, Web Development",Advanced,Reading
STU02242,Web Development,Intermediate,Visual
STU02243,Data Science,Intermediate,Visual
STU02244,"Web Development, Cloud Computing, Cybersecurity",Intermediate,Visual
STU02245,Cloud Computing,Intermediate,Reading
STU02246,Web Development,Advanced,Visual
STU02247,"Machine Learning, Web Development",Advanced,Reading
STU02248,DevOps,Intermediate,Reading
STU02249,"Cybersecurity, Cloud Computing, Web Development",Beginner,Reading
STU02250,Web Development,Intermediate,Visual
STU02251,"DevOps, SQL, Artificial Intelligence",Beginner,Reading
STU02252,"Data Analytics, Data Science, SQL",Intermediate,practical
STU02253,"Web Development, Python",Intermediate,Visual
STU02254,"Web Development, Python",Beginner,Reading
STU02255,"Deep Learning, DevOps",Intermediate,practical
STU02256,"Python, Artificial Intelligence",Advanced,practical
STU02257,"SQL, Deep Learning",Beginner,practical
STU02258,"Data Science, DevOps, SQL",Advanced,practical
STU02259,"Data Analytics, Cloud Computing",Beginner,practical
STU02260,"Python, Cloud Computing, Machine Learning",Beginner,Visual
STU02261,"Data Analytics, Web Development, Data Science",Intermediate,Reading
STU02262,"Data Analytics, Cybersecurity, Python",Advanced,Visual
STU02263,Data Analytics,Advanced,Visual
STU02264,"Deep Learning, Software Development",Intermediate,Visual
STU02265,Machine Learning,Beginner,practical
STU02266,"Deep Learning, SQL",Advanced,practical
STU02267,SQL,Advanced,practical
STU02268,Cloud Computing,Beginner,Reading
STU02269,"SQL, Artificial Intelligence",Advanced,practical
STU02270,"Data Analytics, DevOps",Advanced,Visual
STU02271,Artificial Intelligence,Intermediate,Visual
STU02272,"Software Development, Data Science",Intermediate,Reading
STU02273,Cybersecurity,Intermediate,Visual
STU02274,"DevOps, Cybersecurity, Python",Advanced,practical
STU02275,"Cloud Computing, Software Development",Advanced,practical
STU02276,DevOps,Beginner,Visual
STU02277,"SQL, Machine Learning, DevOps",Intermediate,Reading
STU02278,Machine Learning,Beginner,practical
STU02279,"Data Analytics, SQL, Deep Learning",Advanced,Visual
STU02280,"Cloud Computing, Web Development, Machine Learning",Intermediate,practical
STU02281,"Software Development, Cloud Computing",Beginner,practical
STU02282,"Artificial Intelligence, Cloud Computing",Intermediate,Visual
STU02283,"Python, DevOps",Advanced,practical
STU02284,Artificial Intelligence,Advanced,Visual
STU02285,Software Development,Beginner,Reading
STU02286,"SQL, Software Development",Intermediate,practical
STU02287,"Cybersecurity, Data Science",Intermediate,practical
STU02288,"Data Analytics, Cybersecurity",Beginner,practical
STU02289,"Artificial Intelligence, Machine Learning, Cybersecurity",Advanced,practical
STU02290,Data Analytics,Advanced,Reading
STU02291,"DevOps, Data Science",Advanced,Visual
STU02292,"Machine Learning, Artificial Intelligence",Intermediate,Visual
STU02293,Data Analytics,Beginner,Visual
STU02294,"Machine Learning, Cybersecurity",Beginner,practical
STU02295,Web Development,Advanced,Reading
STU02296,Cloud Computing,Intermediate,practical
STU02297,"Python, Machine Learning, Data Analytics",Intermediate,practical
STU02298,Machine Learning,Beginner,Visual
STU02299,"Data Analytics, Artificial Intelligence",Beginner,Reading
STU02300,"Deep Learning, Python",Advanced,Reading
STU02301,"Cybersecurity, Data Science",Intermediate,Visual
STU02302,Cybersecurity,Advanced,Visual
STU02303,"Data Analytics, Cybersecurity",Intermediate,Visual
STU02304,Cybersecurity,Advanced,practical
STU02305,Software Development,Intermediate,practical
STU02306,"Data Analytics, DevOps, SQL",Advanced,Visual
STU02307,"Web Development, Data Analytics, Deep Learning",Advanced,Visual
STU02308,"Machine Learning, Software Development",Advanced,Visual
STU02309,"Artificial Intelligence, Software Development, Web Development",Intermediate,Visual
STU02310,"SQL, Data Analytics",Advanced,practical
STU02311,"Machine Learning, Web Development, Data Analytics",Intermediate,Reading
STU02312,Cybersecurity,Intermediate,practical
STU02313,DevOps,Intermediate,practical
STU02314,"DevOps, Python, Artificial Intelligence",Advanced,practical
STU02315,"SQL, Artificial Intelligence",Beginner,Visual
STU02316,"Software Development, Machine Learning",Advanced,practical
STU02317,"Software Development, Data Science, Deep Learning",Advanced,practical
STU02318,"Cloud Computing, DevOps",Advanced,Reading
STU02319,Artificial Intelligence,Advanced,practical
STU02320,"Cybersecurity, DevOps, Artificial Intelligence",Advanced,practical
STU02321,"Data Analytics, DevOps",Beginner,Visual
STU02322,"Python, Deep Learning, Data Analytics",Advanced,Reading
STU02323,Software Development,Advanced,practical
STU02324,"Artificial Intelligence, Cloud Computing",Intermediate,Visual
STU02325,"Deep Learning, Cybersecurity, Machine Learning",Intermediate,practical
STU02326,"Deep Learning, Web Development",Advanced,practical
STU02327,"DevOps, Python",Beginner,practical
STU02328,"Deep Learning, Software Development, Web Development",Beginner,practical
STU02329,"Machine Learning, DevOps, Artificial Intelligence",Advanced,Reading
STU02330,"Cloud Computing, Machine Learning",Intermediate,practical
STU02331,"Machine Learning, Cloud Computing, Web Development",Advanced,Visual
STU02332,Cybersecurity,Intermediate,Reading
STU02333,"Python, Data Science, DevOps",Beginner,practical
STU02334,"Software Development, Artificial Intelligence, Web Development",Advanced,practical
STU02335,"Web Development, Python, Cybersecurity",Intermediate,Visual
STU02336,Web Development,Intermediate,Reading
STU02337,"DevOps, SQL, Artificial Intelligence",Advanced,Visual
STU02338,"Software Development, SQL",Beginner,Reading
STU02339,"Web Development, Cybersecurity",Advanced,practical
STU02340,DevOps,Intermediate,practical
STU02341,"Data Science, Software Development, Data Analytics",Beginner,practical
STU02342,"Deep Learning, Cloud Computing, Data Science",Intermediate,Visual
STU02343,"Cybersecurity, DevOps",Advanced,practical
STU02344,"Web Development, DevOps",Beginner,Visual
STU02345,"Data Analytics, Web Development, SQL",Advanced,practical
STU02346,DevOps,Advanced,Reading
STU02347,"Software Development, Deep Learning",Advanced,Reading
STU02348,"Data Analytics, Python",Beginner,practical
STU02349,Artificial Intelligence,Advanced,Visual
STU02350,"Data Science, Web Development, DevOps",Intermediate,Visual
STU02351,"Software Development, Cybersecurity, Cloud Computing",Advanced,Reading
STU02352,Python,Beginner,practical
STU02353,"DevOps, SQL",Intermediate,practical
STU02354,"Machine Learning, Deep Learning",Advanced,practical
STU02355,DevOps,Beginner,Reading
STU02356,"Python, Machine Learning, Data Analytics",Advanced,practical
STU02357,Data Science,Advanced,Visual
STU02358,"Python, DevOps, Machine Learning",Advanced,Visual
STU02359,"DevOps, Deep Learning, Machine Learning",Advanced,Reading
STU02360,"Machine Learning, Python, DevOps",Beginner,Visual
STU02361,Data Analytics,Intermediate,practical
STU02362,"Artificial Intelligence, Machine Learning",Advanced,practical
STU02363,"Cloud Computing, Machine Learning, Data Analytics",Intermediate,practical
STU02364,Cybersecurity,Advanced,Visual
STU02365,"Cloud Computing, DevOps, Artificial Intelligence",Advanced,Visual
STU02366,"Software Development, Data Science",Intermediate,Visual
STU02367,"Cybersecurity, Deep Learning",Advanced,Visual
STU02368,"Cloud Computing, Machine Learning",Intermediate,practical
STU02369,"Cloud Computing, Software Development, Artificial Intelligence",Advanced,Visual
STU02370,Web Development,Intermediate,Reading
STU02371,Deep Learning,Intermediate,practical
STU02372,"Artificial Intelligence, Software Development, SQL",Advanced,practical
STU02373,Artificial Intelligence,Intermediate,practical
STU02374,DevOps,Intermediate,Visual
STU02375,"Web Development, Data Analytics",Beginner,Reading
STU02376,"SQL, DevOps",Advanced,practical
STU02377,"Web Development, Cloud Computing, Data Analytics",Beginner,Reading
STU02378,"Software Development, Cloud Computing, Deep Learning",Advanced,practical
STU02379,"Machine Learning, Data Science",Intermediate,practical
STU02380,Machine Learning,Beginner,Visual
STU02381,"Software Development, Cloud Computing, Python",Intermediate,practical
STU02382,"Deep Learning, Software Development, SQL",Beginner,Reading
STU02383,"Cloud Computing, DevOps, Machine Learning",Intermediate,Reading
STU02384,"DevOps, SQL",Advanced,Reading
STU02385,"Cybersecurity, Python, Artificial Intelligence",Advanced,Visual
STU02386,Data Analytics,Beginner,Reading
STU02387,DevOps,Advanced,Reading
STU02388,Software Development,Intermediate,practical
STU02389,"Web Development, Cybersecurity, Artificial Intelligence",Beginner,Visual
STU02390,"Machine Learning, Data Science",Beginner,practical
STU02391,"SQL, Web Development, Machine Learning",Advanced,Reading
STU02392,DevOps,Intermediate,Reading
STU02393,"Cybersecurity, Web Development",Advanced,Visual
STU02394,Cybersecurity,Intermediate,practical
STU02395,Software Development,Intermediate,practical
STU02396,Software Development,Intermediate,Reading
STU02397,Software Development,Intermediate,Visual
STU02398,"Web Development, SQL, Cloud Computing",Advanced,Reading
STU02399,"Web Development, Machine Learning, Software Development",Advanced,Reading
STU02400,Web Development,Advanced,Visual
STU02401,Data Science,Intermediate,Visual
STU02402,"Artificial Intelligence, DevOps, Machine Learning",Advanced,Reading
STU02403,"Cloud Computing, Web Development",Intermediate,Reading
STU02404,"Web Development, Software Development",Advanced,practical
STU02405,Software Development,Intermediate,Reading
STU02406,"Deep Learning, Machine Learning, SQL",Intermediate,practical
STU02407,"Cloud Computing, Data Science, Data Analytics",Advanced,Reading
STU02408,Cybersecurity,Beginner,practical
STU02409,Data Science,Intermediate,Visual
STU02410,"Deep Learning, Software Development",Beginner,practical
STU02411,"Web Development, Data Analytics",Beginner,practical
STU02412,"SQL, Machine Learning",Advanced,Reading
STU02413,"Cloud Computing, Data Science",Beginner,Reading
STU02414,"Web Development, SQL, Data Science",Intermediate,Visual
STU02415,"Deep Learning, SQL, Data Analytics",Advanced,Visual
STU02416,"Artificial Intelligence, Data Analytics",Advanced,Visual
STU02417,"DevOps, Data Analytics",Advanced,Reading
STU02418,"Cloud Computing, DevOps",Advanced,Visual
STU02419,SQL,Beginner,Visual
STU02420,"Cybersecurity, Data Science",Intermediate,Visual
STU02421,"Python, Deep Learning, Artificial Intelligence",Advanced,Reading
STU02422,"Cloud Computing, Deep Learning",Intermediate,practical
STU02423,"Artificial Intelligence, DevOps",Intermediate,practical
STU02424,"Data Analytics, Artificial Intelligence",Advanced,Visual
STU02425,"Artificial Intelligence, Web Development, Cloud Computing",Beginner,practical
STU02426,"Data Science, Artificial Intelligence",Beginner,Visual
STU02427,"Machine Learning, Artificial Intelligence, Data Science",Intermediate,Reading
STU02428,"DevOps, Data Analytics",Advanced,practical
STU02429,Python,Intermediate,Visual
STU02430,Cybersecurity,Advanced,Reading
STU02431,"Data Analytics, Python",Advanced,practical
STU02432,"Deep Learning, Software Development, Machine Learning",Advanced,practical
STU02433,"SQL, Data Science",Intermediate,Reading
STU02434,"DevOps, Machine Learning",Beginner,Reading
STU02435,Data Science,Beginner,Reading
STU02436,Software Development,Beginner,practical
STU02437,"Cloud Computing, Cybersecurity, Artificial Intelligence",Advanced,Reading
STU02438,Cybersecurity,Advanced,Reading
STU02439,"SQL, DevOps, Web Development",Advanced,Reading
STU02440,"Deep Learning, Artificial Intelligence, Web Development",Intermediate,practical
STU02441,"Data Science, Web Development",Beginner,practical
STU02442,DevOps,Advanced,Visual
STU02443,"DevOps, Cybersecurity",Beginner,Visual
STU02444,Artificial Intelligence,Advanced,practical
STU02445,"DevOps, Python",Beginner,Reading
STU02446,Data Analytics,Beginner,Visual
STU02447,"Cybersecurity, Artificial Intelligence, Python",Advanced,practical
STU02448,DevOps,Beginner,Visual
STU02449,"Web Development, Deep Learning, Cybersecurity",Intermediate,practical
STU02450,SQL,Advanced,Visual
STU02451,"Data Analytics, DevOps, Software Development",Intermediate,practical
STU02452,"Data Science, Web Development, Cybersecurity",Advanced,Reading
STU02453,"Cybersecurity, Deep Learning, Artificial Intelligence",Advanced,Reading
STU02454,Software Development,Beginner,Reading
STU02455,"Data Analytics, Web Development",Advanced,practical
STU02456,"Data Science, Software Development, DevOps",Beginner,practical
STU02457,"Software Development, Web Development, Data Analytics",Intermediate,practical
STU02458,Cybersecurity,Intermediate,Reading
STU02459,"SQL, Software Development, Cloud Computing",Intermediate,Reading
STU02460,Cybersecurity,Advanced,Visual
STU02461,"DevOps, Artificial Intelligence, Cloud Computing",Intermediate,Visual
STU02462,"Artificial Intelligence, Machine Learning",Advanced,practical
STU02463,"Artificial Intelligence, Software Development, Deep Learning",Advanced,Visual
STU02464,"Data Analytics, Software Development, Data Science",Advanced,Reading
STU02465,Software Development,Advanced,practical
STU02466,"Data Analytics, Artificial Intelligence",Beginner,Visual
STU02467,"Artificial Intelligence, Python, Data Science",Intermediate,Visual
STU02468,Web Development,Advanced,Visual
STU02469,Data Science,Advanced,Reading
STU02470,"Web Development, Deep Learning",Beginner,Reading
STU02471,Machine Learning,Intermediate,Reading
STU02472,"Data Science, Data Analytics, Software Development",Intermediate,Visual
STU02473,"Web Development, Python",Advanced,Visual
STU02474,"Machine Learning, Artificial Intelligence",Intermediate,Visual
STU02475,DevOps,Beginner,Visual
STU02476,"Cybersecurity, Web Development",Intermediate,practical
STU02477,"SQL, Cloud Computing",Beginner,Visual
STU02478,"Data Science, Software Development",Intermediate,Reading
STU02479,DevOps,Advanced,Reading
STU02480,Software Development,Intermediate,Visual
STU02481,"DevOps, Data Science, Web Development",Advanced,Visual
STU02482,"Web Development, Cybersecurity",Advanced,Reading
STU02483,Web Development,Beginner,Visual
STU02484,Software Development,Advanced,Reading
STU02485,Artificial Intelligence,Intermediate,practical
STU02486,Data Science,Beginner,Reading
STU02487,Data Science,Beginner,Reading
STU02488,"Data Analytics, Python",Beginner,Reading
STU02489,"DevOps, Cybersecurity, Cloud Computing",Intermediate,practical
STU02490,"Web Development, Deep Learning, Machine Learning",Intermediate,Reading
STU02491,"Data Science, Artificial Intelligence",Advanced,practical
STU02492,"Software Development, Artificial Intelligence",Intermediate,Visual
STU02493,"Machine Learning, Python",Beginner,Reading
STU02494,"Python, Data Analytics",Advanced,practical
STU02495,"Data Analytics, Python",Beginner,Visual
STU02496,Cloud Computing,Beginner,Reading
STU02497,Deep Learning,Intermediate,practical
STU02498,"Artificial Intelligence, Python, Data Analytics",Advanced,Reading
STU02499,Python,Advanced,Visual
STU02500,Web Development,Advanced,Visual
STU02501,DevOps,Intermediate,practical
STU02502,Machine Learning,Intermediate,practical
STU02503,Cloud Computing,Advanced,practical
STU02504,"SQL, Software Development",Beginner,practical
STU02505,"Data Analytics, DevOps, Software Development",Intermediate,Visual
STU02506,"Data Science, SQL, DevOps",Beginner,practical
STU02507,Cybersecurity,Advanced,Visual
STU02508,Cybersecurity,Intermediate,Reading
STU02509,"Deep Learning, Data Science, DevOps",Advanced,Reading
STU02510,"SQL, Software Development, Web Development",Intermediate,Reading
STU02511,Cloud Computing,Beginner,Visual
STU02512,Data Science,Beginner,Visual
STU02513,Web Development,Advanced,Reading
STU02514,"Machine Learning, Artificial Intelligence",Intermediate,Visual
STU02515,"Cloud Computing, Python, Deep Learning",Beginner,practical
STU02516,"Cybersecurity, Python, SQL",Intermediate,Reading
STU02517,Cybersecurity,Advanced,practical
STU02518,SQL,Advanced,practical
STU02519,Cloud Computing,Intermediate,Reading
STU02520,Software Development,Beginner,practical
STU02521,Software Development,Advanced,Reading
STU02522,Machine Learning,Intermediate,Reading
STU02523,Machine Learning,Intermediate,Reading
STU02524,"Software Development, Cybersecurity, Machine Learning",Beginner,Reading
STU02525,"Software Development, DevOps, Cybersecurity",Intermediate,Reading
STU02526,"Artificial Intelligence, Cloud Computing",Advanced,practical
STU02527,"Data Science, Cloud Computing, SQL",Advanced,Visual
STU02528,"Software Development, Machine Learning, Data Science",Advanced,Reading
STU02529,"Python, Software Development",Advanced,Reading
STU02530,"Cybersecurity, Artificial Intelligence",Advanced,Reading
STU02531,Artificial Intelligence,Advanced,Reading
STU02532,"Data Analytics, Deep Learning",Beginner,practical
STU02533,Artificial Intelligence,Advanced,Visual
STU02534,"Data Science, Deep Learning, SQL",Beginner,Visual
STU02535,"Cloud Computing, Machine Learning",Advanced,practical
STU02536,"Cloud Computing, Deep Learning, Cybersecurity",Intermediate,Reading
STU02537,Data Analytics,Advanced,Reading
STU02538,Data Science,Intermediate,Visual
STU02539,Python,Intermediate,practical
STU02540,Python,Intermediate,Reading
STU02541,"Python, Cloud Computing, Web Development",Beginner,practical
STU02542,"Python, Cloud Computing",Intermediate,practical
STU02543,"Artificial Intelligence, Deep Learning, Data Science",Advanced,Reading
STU02544,"Data Science, Python",Intermediate,Visual
STU02545,"Data Science, Web Development",Intermediate,Reading
STU02546,Web Development,Beginner,Reading
STU02547,"Deep Learning, Software Development",Advanced,Reading
STU02548,"Machine Learning, Cybersecurity, Artificial Intelligence",Beginner,Visual
STU02549,"Cybersecurity, Software Development",Beginner,practical
STU02550,Cloud Computing,Advanced,Reading
STU02551,"DevOps, Web Development, Python",Intermediate,Reading
STU02552,SQL,Advanced,Reading
STU02553,"SQL, Data Science, DevOps",Advanced,Reading
STU02554,Machine Learning,Advanced,practical
STU02555,Data Analytics,Advanced,practical
STU02556,"Deep Learning, Cloud Computing",Advanced,Reading
STU02557,Data Analytics,Advanced,Visual
STU02558,SQL,Intermediate,Visual
STU02559,"Machine Learning, SQL, Web Development",Beginner,practical
STU02560,Cybersecurity,Intermediate,Reading
STU02561,"Software Development, SQL, Data Analytics",Intermediate,Visual
STU02562,Data Analytics,Advanced,Reading
STU02563,"Deep Learning, Data Science",Beginner,Reading
STU02564,"Python, Web Development, Software Development",Intermediate,Visual
STU02565,"Data Analytics, Cybersecurity, Artificial Intelligence",Advanced,Reading
STU02566,Artificial Intelligence,Intermediate,practical
STU02567,Software Development,Advanced,Visual
STU02568,"Software Development, Python",Intermediate,practical
STU02569,Machine Learning,Beginner,Reading
STU02570,Data Analytics,Advanced,Reading
STU02571,Deep Learning,Intermediate,Visual
STU02572,"Artificial Intelligence, Cloud Computing, Machine Learning",Intermediate,practical
STU02573,"Data Analytics, Cloud Computing, Web Development",Intermediate,practical
STU02574,Data Analytics,Intermediate,Visual
STU02575,DevOps,Intermediate,practical
STU02576,"Deep Learning, Data Analytics",Beginner,Reading
STU02577,"Artificial Intelligence, Machine Learning, Cloud Computing",Intermediate,practical
STU02578,Python,Beginner,Visual
STU02579,"Cloud Computing, Python",Advanced,Reading
STU02580,"SQL, Data Analytics",Intermediate,Reading
STU02581,Data Science,Advanced,practical
STU02582,"SQL, DevOps, Cloud Computing",Intermediate,Reading
STU02583,"Deep Learning, DevOps, SQL",Advanced,practical
STU02584,"Python, Deep Learning, SQL",Intermediate,Visual
STU02585,"DevOps, Web Development, Data Science",Intermediate,Reading
STU02586,"Software Development, Web Development, Deep Learning",Advanced,Reading
STU02587,"Cloud Computing, Web Development, Artificial Intelligence",Beginner,Reading
STU02588,"Data Science, Cloud Computing, Machine Learning",Advanced,practical
STU02589,"Deep Learning, Software Development, DevOps",Intermediate,Reading
STU02590,"Machine Learning, DevOps",Beginner,Visual
STU02591,"Python, Deep Learning, Cloud Computing",Advanced,Reading
STU02592,"Cybersecurity, Python, Machine Learning",Beginner,Visual
STU02593,"Data Analytics, Python",Intermediate,Visual
STU02594,"Data Analytics, Data Science",Advanced,practical
STU02595,"SQL, Artificial Intelligence",Beginner,Visual
STU02596,"SQL, Cybersecurity, Data Analytics",Advanced,Visual
STU02597,"Python, Data Analytics",Beginner,Visual
STU02598,"DevOps, SQL, Cloud Computing",Intermediate,Visual
STU02599,"Data Analytics, Data Science",Intermediate,practical
STU02600,"Software Development, Data Analytics",Advanced,Visual
STU02601,DevOps,Intermediate,Reading
STU02602,"Python, Software Development, Data Analytics",Intermediate,practical
STU02603,"Data Science, SQL",Advanced,practical
STU02604,Data Analytics,Beginner,practical
STU02605,"Data Science, Cybersecurity, DevOps",Advanced,Reading
STU02606,DevOps,Intermediate,Visual
STU02607,Deep Learning,Advanced,practical
STU02608,"Cloud Computing, Web Development",Intermediate,Reading
STU02609,Data Analytics,Intermediate,practical
STU02610,DevOps,Advanced,practical
STU02611,Cloud Computing,Advanced,Visual
STU02612,Deep Learning,Advanced,Reading
STU02613,Data Analytics,Advanced,Reading
STU02614,Cybersecurity,Intermediate,practical
STU02615,"Web Development, Cybersecurity, Machine Learning",Intermediate,practical
STU02616,"Python, Web Development, Machine Learning",Advanced,Reading
STU02617,"DevOps, Cloud Computing",Intermediate,Visual
STU02618,"DevOps, Artificial Intelligence, Data Analytics",Advanced,Reading
STU02619,"DevOps, Data Analytics, SQL",Beginner,Reading
STU02620,"Cloud Computing, Software Development",Beginner,Visual
STU02621,"Python, Software Development, Machine Learning",Beginner,Reading
STU02622,Web Development,Beginner,practical
STU02623,"Data Science, Web Development, Deep Learning",Advanced,Visual
STU02624,"Software Development, Data Analytics, Python",Beginner,practical
STU02625,DevOps,Advanced,Visual
STU02626,"Data Analytics, Data Science, SQL",Advanced,Reading
STU02627,Deep Learning,Intermediate,Visual
STU02628,"SQL, Cybersecurity",Advanced,Reading
STU02629,"DevOps, Data Science, Artificial Intelligence",Advanced,Reading
STU02630,Cybersecurity,Intermediate,Reading
STU02631,"SQL, Data Analytics",Advanced,Visual
STU02632,Python,Advanced,practical
STU02633,Machine Learning,Advanced,Reading
STU02634,SQL,Intermediate,practical
STU02635,"DevOps, Python",Beginner,Reading
STU02636,"Python, Cloud Computing, SQL",Advanced,Reading
STU02637,"Data Science, Cybersecurity",Intermediate,practical
STU02638,"Data Analytics, Cybersecurity",Advanced,practical
STU02639,"DevOps, Deep Learning",Intermediate,practical
STU02640,Deep Learning,Advanced,Reading
STU02641,"Python, Artificial Intelligence",Intermediate,Reading
STU02642,Python,Beginner,practical
STU02643,"Web Development, Cybersecurity, Python",Intermediate,Visual
STU02644,"SQL, Data Science",Intermediate,Reading
STU02645,Machine Learning,Beginner,practical
STU02646,SQL,Intermediate,practical
STU02647,"Artificial Intelligence, Cybersecurity, Data Analytics",Beginner,Visual
STU02648,"Data Science, Machine Learning, Python",Advanced,practical
STU02649,"Deep Learning, Web Development, Python",Advanced,Reading
STU02650,Software Development,Advanced,Reading
STU02651,Cybersecurity,Advanced,Visual
STU02652,"Data Analytics, Software Development, Cybersecurity",Intermediate,Reading
STU02653,"SQL, Data Science, Machine Learning",Advanced,Visual
STU02654,SQL,Intermediate,Visual
STU02655,"Cloud Computing, DevOps, Python",Intermediate,Visual
STU02656,"Web Development, Machine Learning, SQL",Beginner,practical
STU02657,"Cybersecurity, Deep Learning, Python",Advanced,Visual
STU02658,"Data Analytics, DevOps",Intermediate,practical
STU02659,Python,Advanced,Reading
STU02660,"Data Science, Software Development",Beginner,practical
STU02661,"Artificial Intelligence, SQL",Advanced,Visual
STU02662,"SQL, Web Development, Deep Learning",Advanced,Visual
STU02663,Deep Learning,Beginner,practical
STU02664,Data Science,Beginner,Reading
STU02665,Data Analytics,Intermediate,Reading
STU02666,"Machine Learning, Data Science, Artificial Intelligence",Advanced,practical
STU02667,"Cybersecurity, Web Development",Intermediate,practical
STU02668,"Deep Learning, Machine Learning, Web Development",Intermediate,Visual
STU02669,"Machine Learning, Data Science, Software Development",Beginner,practical
STU02670,"Software Development, Cloud Computing, Artificial Intelligence",Intermediate,Reading
STU02671,"DevOps, Cloud Computing, Machine Learning",Beginner,Reading
STU02672,"Software Development, Data Science, Cloud Computing",Intermediate,Visual
STU02673,"Deep Learning, Cloud Computing",Intermediate,Visual
STU02674,"Python, Cybersecurity",Beginner,Visual
STU02675,"Artificial Intelligence, SQL",Advanced,Reading
STU02676,"Cybersecurity, Web Development",Intermediate,Visual
STU02677,"Software Development, Cloud Computing",Intermediate,Reading
STU02678,SQL,Intermediate,Reading
STU02679,Cloud Computing,Beginner,Visual
STU02680,"Machine Learning, Cybersecurity",Advanced,Visual
STU02681,"SQL, Data Analytics",Beginner,practical
STU02682,"Artificial Intelligence, Data Analytics, SQL",Intermediate,Reading
STU02683,Cloud Computing,Beginner,Visual
STU02684,"Data Science, DevOps, Web Development",Beginner,Visual
STU02685,"Cloud Computing, Python, DevOps",Advanced,Visual
STU02686,"Machine Learning, Artificial Intelligence",Intermediate,Reading
STU02687,"Data Science, Software Development",Advanced,Reading
STU02688,"Data Analytics, Cloud Computing",Beginner,practical
STU02689,"Machine Learning, DevOps",Intermediate,Reading
STU02690,Deep Learning,Advanced,practical
STU02691,"Data Analytics, Machine Learning, Data Science",Advanced,practical
STU02692,"Machine Learning, Web Development, Software Development",Advanced,Visual
STU02693,"SQL, Web Development, Cybersecurity",Beginner,Reading
STU02694,"Cybersecurity, Data Analytics",Beginner,practical
STU02695,DevOps,Advanced,Visual
STU02696,"Cybersecurity, Data Science",Beginner,Visual
STU02697,Cybersecurity,Advanced,practical
STU02698,Artificial Intelligence,Beginner,Reading
STU02699,Cybersecurity,Advanced,Reading
STU02700,"Cloud Computing, Web Development",Advanced,Reading
STU02701,"DevOps, SQL, Cloud Computing",Advanced,Visual
STU02702,"Deep Learning, Web Development, Data Analytics",Beginner,Visual
STU02703,"Deep Learning, Cloud Computing",Advanced,Reading
STU02704,"Cloud Computing, SQL, DevOps",Advanced,Reading
STU02705,Software Development,Beginner,Reading
STU02706,"Data Science, DevOps",Intermediate,practical
STU02707,"Data Analytics, Cybersecurity",Intermediate,Visual
STU02708,"Cybersecurity, Artificial Intelligence",Intermediate,Visual
STU02709,"Data Analytics, Web Development",Advanced,Reading
STU02710,Software Development,Beginner,practical
STU02711,"Deep Learning, Cybersecurity, Python",Intermediate,Reading
STU02712,Artificial Intelligence,Advanced,Visual
STU02713,Artificial Intelligence,Beginner,Visual
STU02714,"Cybersecurity, Data Science",Intermediate,Reading
STU02715,Cloud Computing,Advanced,Reading
STU02716,"Software Development, Artificial Intelligence, Data Science",Advanced,Visual
STU02717,SQL,Intermediate,practical
STU02718,"DevOps, Data Analytics, Software Development",Advanced,Visual
STU02719,"Software Development, Deep Learning",Beginner,Reading
STU02720,Software Development,Advanced,Visual
STU02721,"Software Development, Deep Learning",Intermediate,Reading
STU02722,"Machine Learning, Python, Data Analytics",Intermediate,practical
STU02723,"Machine Learning, Cybersecurity",Beginner,Reading
STU02724,"Cloud Computing, Web Development",Intermediate,practical
STU02725,"Software Development, Deep Learning",Beginner,practical
STU02726,"DevOps, Artificial Intelligence, Machine Learning",Advanced,Reading
STU02727,"Data Analytics, Cybersecurity, Deep Learning",Advanced,practical
STU02728,"Data Science, Data Analytics",Beginner,practical
STU02729,Cybersecurity,Beginner,practical
STU02730,"Machine Learning, SQL",Intermediate,Visual
STU02731,"Data Science, Cybersecurity, DevOps",Intermediate,Reading
STU02732,Data Science,Advanced,practical
STU02733,DevOps,Beginner,practical
STU02734,Cybersecurity,Advanced,practical
STU02735,DevOps,Beginner,Reading
STU02736,"Cloud Computing, Machine Learning, Data Science",Beginner,practical
STU02737,Software Development,Intermediate,Visual
STU02738,"Python, SQL, Software Development",Beginner,Reading
STU02739,"DevOps, SQL",Beginner,Visual
STU02740,Python,Beginner,practical
STU02741,DevOps,Advanced,Reading
STU02742,"Artificial Intelligence, Web Development",Advanced,Reading
STU02743,Machine Learning,Beginner,Visual
STU02744,"Machine Learning, DevOps",Advanced,practical
STU02745,"Software Development, Web Development, Deep Learning",Beginner,Reading
STU02746,Python,Advanced,Reading
STU02747,"Web Development, Artificial Intelligence",Advanced,Reading
STU02748,"Web Development, SQL",Advanced,Reading
STU02749,"Machine Learning, Data Science",Advanced,Reading
STU02750,Software Development,Intermediate,Visual
STU02751,Machine Learning,Intermediate,Reading
STU02752,"DevOps, Software Development, Data Analytics",Advanced,Visual
STU02753,"Artificial Intelligence, Data Analytics",Advanced,Reading
STU02754,"Data Analytics, Software Development",Advanced,Reading
STU02755,"Data Analytics, Python",Advanced,practical
STU02756,"Python, Deep Learning, Web Development",Intermediate,Visual
STU02757,"SQL, Software Development, Data Science",Advanced,Reading
STU02758,"Cybersecurity, DevOps, Data Analytics",Beginner,Reading
STU02759,"Software Development, Cybersecurity, DevOps",Intermediate,practical
STU02760,"Machine Learning, Data Science",Beginner,practical
STU02761,SQL,Advanced,Reading
STU02762,"Deep Learning, Data Analytics, Software Development",Intermediate,practical
STU02763,"Software Development, Cloud Computing, Artificial Intelligence",Intermediate,Reading
STU02764,"Software Development, Deep Learning, DevOps",Advanced,practical
STU02765,"DevOps, Data Science",Beginner,practical
STU02766,Artificial Intelligence,Intermediate,practical
STU02767,"Artificial Intelligence, Cloud Computing",Advanced,Visual
STU02768,Cloud Computing,Beginner,practical
STU02769,"Machine Learning, DevOps",Advanced,Reading
STU02770,"Deep Learning, Data Analytics, Machine Learning",Advanced,Reading
STU02771,"DevOps, SQL, Python",Advanced,Visual
STU02772,Web Development,Advanced,Visual
STU02773,Python,Beginner,practical
STU02774,Data Science,Advanced,practical
STU02775,Software Development,Advanced,Visual
STU02776,"Cloud Computing, Artificial Intelligence, Cybersecurity",Advanced,Reading
STU02777,"Python, Data Science",Intermediate,Reading
STU02778,"Web Development, Data Analytics, DevOps",Beginner,Visual
STU02779,Data Science,Beginner,practical
STU02780,Cybersecurity,Intermediate,Visual
STU02781,"Software Development, Deep Learning",Advanced,Visual
STU02782,"Artificial Intelligence, Data Analytics",Beginner,Visual
STU02783,"Web Development, Cybersecurity, DevOps",Advanced,Reading
STU02784,Cybersecurity,Advanced,practical
STU02785,Software Development,Advanced,Reading
STU02786,"Cloud Computing, Cybersecurity, Data Analytics",Advanced,practical
STU02787,SQL,Advanced,Visual
STU02788,Data Analytics,Beginner,Reading
STU02789,"Data Science, Cybersecurity, Cloud Computing",Intermediate,practical
STU02790,"Artificial Intelligence, Machine Learning",Intermediate,Visual
STU02791,"Cybersecurity, Python",Intermediate,practical
STU02792,"Machine Learning, Artificial Intelligence, DevOps",Advanced,Visual
STU02793,"Software Development, Data Analytics",Advanced,practical
STU02794,Deep Learning,Beginner,practical
STU02795,"Machine Learning, Data Analytics, Artificial Intelligence",Intermediate,Visual
STU02796,"Artificial Intelligence, DevOps",Advanced,Visual
STU02797,"SQL, Cloud Computing",Advanced,Reading
STU02798,Cloud Computing,Advanced,practical
STU02799,"Python, Deep Learning, DevOps",Advanced,practical
STU02800,"Cloud Computing, Artificial Intelligence",Intermediate,Reading
STU02801,"Data Science, Data Analytics, Web Development",Advanced,practical
STU02802,Data Science,Intermediate,Visual
STU02803,"Data Science, Data Analytics",Beginner,practical
STU02804,Data Science,Beginner,Visual
STU02805,Machine Learning,Intermediate,practical
STU02806,Python,Advanced,Visual
STU02807,"Artificial Intelligence, Data Analytics",Intermediate,practical
STU02808,"Web Development, DevOps, Data Analytics",Intermediate,Visual
STU02809,Cloud Computing,Intermediate,Visual
STU02810,"Cloud Computing, Artificial Intelligence, Data Analytics",Beginner,Visual
STU02811,"Cybersecurity, SQL, Web Development",Intermediate,Visual
STU02812,Data Analytics,Beginner,Reading
STU02813,Cloud Computing,Intermediate,practical
STU02814,"DevOps, Web Development",Intermediate,practical
STU02815,"Web Development, Software Development",Advanced,Visual
STU02816,Python,Beginner,Visual
STU02817,"Web Development, DevOps",Beginner,Visual
STU02818,"Machine Learning, Data Science, Web Development",Beginner,practical
STU02819,"SQL, Python",Intermediate,practical
STU02820,"Artificial Intelligence, Python, DevOps",Intermediate,Visual
STU02821,"Cloud Computing, Data Science, Software Development",Advanced,Reading
STU02822,Artificial Intelligence,Advanced,practical
STU02823,"Python, Machine Learning, SQL",Beginner,practical
STU02824,"Cybersecurity, Artificial Intelligence",Intermediate,practical
STU02825,Web Development,Intermediate,practical
STU02826,"DevOps, Deep Learning",Advanced,Reading
STU02827,"Web Development, Data Science",Beginner,Reading
STU02828,Data Analytics,Beginner,Visual
STU02829,"Cloud Computing, Data Science, Cybersecurity",Beginner,practical
STU02830,"Artificial Intelligence, Deep Learning",Intermediate,Reading
STU02831,SQL,Intermediate,practical
STU02832,DevOps,Advanced,Visual
STU02833,"Machine Learning, DevOps",Advanced,Reading
STU02834,DevOps,Advanced,Reading
STU02835,"DevOps, SQL, Data Science",Intermediate,Visual
STU02836,Cybersecurity,Intermediate,Reading
STU02837,"Deep Learning, Web Development, Cloud Computing",Intermediate,practical
STU02838,"Machine Learning, SQL, Artificial Intelligence",Beginner,Reading
STU02839,"Artificial Intelligence, Deep Learning",Beginner,Visual
STU02840,"Machine Learning, Data Science, DevOps",Advanced,Visual
STU02841,Cloud Computing,Advanced,practical
STU02842,"Data Science, Web Development, SQL",Beginner,Reading
STU02843,"Cybersecurity, Data Analytics",Intermediate,Visual
STU02844,DevOps,Beginner,Visual
STU02845,"Deep Learning, Cybersecurity, Artificial Intelligence",Beginner,Reading
STU02846,"DevOps, Machine Learning",Advanced,Visual
STU02847,Web Development,Advanced,practical
STU02848,Web Development,Beginner,Visual
STU02849,"Web Development, SQL",Beginner,Reading
STU02850,"SQL, Cloud Computing, Cybersecurity",Advanced,Visual
STU02851,SQL,Advanced,Reading
STU02852,"Data Analytics, Deep Learning",Beginner,Reading
STU02853,"Artificial Intelligence, Data Analytics, DevOps",Advanced,practical
STU02854,"SQL, Deep Learning",Beginner,Reading
STU02855,"Deep Learning, Software Development, Cloud Computing",Beginner,Reading
STU02856,"Data Analytics, Deep Learning",Beginner,practical
STU02857,Software Development,Beginner,Visual
STU02858,"Cybersecurity, SQL",Advanced,Reading
STU02859,"Data Science, Artificial Intelligence",Advanced,Visual
STU02860,"Web Development, SQL",Intermediate,Visual
STU02861,"SQL, DevOps, Cybersecurity",Advanced,practical
STU02862,"Software Development, Python, Data Science",Advanced,Visual
STU02863,"Web Development, Data Analytics, DevOps",Beginner,Visual
STU02864,Data Science,Advanced,Reading
STU02865,"SQL, DevOps",Advanced,Reading
STU02866,Python,Beginner,Visual
STU02867,"DevOps, Artificial Intelligence, Deep Learning",Intermediate,practical
STU02868,"Data Analytics, Machine Learning",Beginner,Reading
STU02869,Data Science,Intermediate,Reading
STU02870,"Cloud Computing, Data Science",Advanced,practical
STU02871,"Machine Learning, SQL, Deep Learning",Intermediate,practical
STU02872,"Web Development, Artificial Intelligence",Advanced,Reading
STU02873,"SQL, Artificial Intelligence, Cybersecurity",Beginner,practical
STU02874,"Software Development, Machine Learning",Beginner,Visual
STU02875,"Artificial Intelligence, Python, SQL",Beginner,practical
STU02876,"Cybersecurity, Cloud Computing",Beginner,Visual
STU02877,"Machine Learning, Deep Learning, Cybersecurity",Beginner,Visual
STU02878,DevOps,Intermediate,practical
STU02879,"Artificial Intelligence, Python, Machine Learning",Intermediate,practical
STU02880,"SQL, DevOps",Advanced,Visual
STU02881,Machine Learning,Advanced,practical
STU02882,"Machine Learning, Data Science, Web Development",Beginner,practical
STU02883,Cloud Computing,Advanced,Visual
STU02884,"Data Science, Artificial Intelligence",Beginner,Visual
STU02885,"Cybersecurity, Machine Learning, DevOps",Advanced,Visual
STU02886,"Machine Learning, Web Development, DevOps",Beginner,practical
STU02887,"Web Development, Cloud Computing, Deep Learning",Intermediate,practical
STU02888,"SQL, Cloud Computing, DevOps",Intermediate,Reading
STU02889,"DevOps, SQL, Data Analytics",Beginner,Visual
STU02890,"Data Analytics, Artificial Intelligence",Intermediate,Visual
STU02891,"DevOps, Python, Web Development",Intermediate,Visual
STU02892,Machine Learning,Advanced,Reading
STU02893,"Python, Web Development",Beginner,practical
STU02894,"Cloud Computing, Cybersecurity",Advanced,Visual
STU02895,"DevOps, Machine Learning, Deep Learning",Beginner,Visual
STU02896,DevOps,Advanced,Visual
STU02897,Web Development,Beginner,Visual
STU02898,"SQL, Deep Learning, Python",Beginner,Reading
STU02899,Artificial Intelligence,Beginner,Visual
STU02900,"SQL, Data Analytics",Beginner,practical
STU02901,Cloud Computing,Advanced,Reading
STU02902,"Data Analytics, Data Science, Cybersecurity",Intermediate,practical
STU02903,"Python, Artificial Intelligence",Intermediate,practical
STU02904,"SQL, Web Development, Data Science",Advanced,Visual
STU02905,"SQL, Deep Learning, Artificial Intelligence",Intermediate,Visual
STU02906,Cybersecurity,Intermediate,practical
STU02907,Cloud Computing,Advanced,Reading
STU02908,"Cloud Computing, DevOps, Data Analytics",Advanced,practical
STU02909,"Cybersecurity, Artificial Intelligence",Advanced,practical
STU02910,"SQL, Web Development",Beginner,practical
STU02911,Cloud Computing,Beginner,practical
STU02912,"Web Development, DevOps, Deep Learning",Beginner,Reading
STU02913,Cybersecurity,Advanced,Reading
STU02914,"Artificial Intelligence, Web Development, Cybersecurity",Beginner,practical
STU02915,"Data Science, Deep Learning, Machine Learning",Beginner,Reading
STU02916,"Software Development, Web Development",Advanced,Reading
STU02917,"Data Science, Software Development",Intermediate,Reading
STU02918,Deep Learning,Beginner,practical
STU02919,"Data Analytics, Python",Advanced,Visual
STU02920,"DevOps, Cybersecurity, Artificial Intelligence",Intermediate,Visual
STU02921,Cybersecurity,Advanced,practical
STU02922,"DevOps, Artificial Intelligence",Intermediate,Reading
STU02923,"Software Development, DevOps, Machine Learning",Intermediate,Reading
STU02924,"Software Development, SQL",Beginner,Reading
STU02925,"SQL, Artificial Intelligence, Deep Learning",Intermediate,Reading
STU02926,Deep Learning,Advanced,Reading
STU02927,"Web Development, Artificial Intelligence",Beginner,practical
STU02928,"Web Development, Artificial Intelligence",Beginner,Visual
STU02929,"Web Development, Deep Learning, Artificial Intelligence",Beginner,Visual
STU02930,"Data Analytics, DevOps",Beginner,Reading
STU02931,Software Development,Advanced,Reading
STU02932,"Python, DevOps",Advanced,practical
STU02933,Deep Learning,Advanced,Reading
STU02934,Cloud Computing,Intermediate,Reading
STU02935,"Web Development, Artificial Intelligence, Data Analytics",Intermediate,practical
STU02936,"Deep Learning, Data Science",Intermediate,Visual
STU02937,"Machine Learning, Artificial Intelligence",Beginner,Visual
STU02938,"Data Analytics, Cybersecurity",Intermediate,practical
STU02939,"Cybersecurity, Data Analytics, DevOps",Advanced,Visual
STU02940,"Artificial Intelligence, Machine Learning, Web Development",Beginner,Reading
STU02941,"Cloud Computing, Machine Learning",Advanced,practical
STU02942,Software Development,Beginner,Visual
STU02943,"Cloud Computing, Software Development",Advanced,Visual
STU02944,"Data Science, Artificial Intelligence",Beginner,practical
STU02945,Artificial Intelligence,Intermediate,Visual
STU02946,"DevOps, Data Science, Data Analytics",Intermediate,Visual
STU02947,Cloud Computing,Advanced,practical
STU02948,"Cloud Computing, DevOps, Web Development",Advanced,Visual
STU02949,"Python, Web Development",Advanced,Reading
STU02950,"Data Science, Web Development",Intermediate,Reading
STU02951,"Software Development, DevOps, Cybersecurity",Beginner,practical
STU02952,"Cybersecurity, SQL",Beginner,Reading
STU02953,Data Analytics,Intermediate,practical
STU02954,Deep Learning,Intermediate,Visual
STU02955,"Cybersecurity, Deep Learning, Python",Intermediate,practical
STU02956,"Cybersecurity, SQL, Artificial Intelligence",Advanced,Visual
STU02957,"Software Development, Python, Web Development",Intermediate,practical
STU02958,Artificial Intelligence,Intermediate,Reading
STU02959,"Python, DevOps, Data Science",Advanced,Reading
STU02960,SQL,Advanced,Visual
STU02961,"Machine Learning, Data Science",Intermediate,Reading
STU02962,Data Science,Beginner,Reading
STU02963,"Software Development, Artificial Intelligence",Beginner,Visual
STU02964,"Machine Learning, Data Science",Advanced,Reading
STU02965,"Python, Cybersecurity",Intermediate,practical
STU02966,Cybersecurity,Intermediate,Reading
STU02967,"Python, Data Analytics, Web Development",Beginner,Visual
STU02968,"Cloud Computing, Software Development",Advanced,practical
STU02969,"Machine Learning, Web Development, Artificial Intelligence",Advanced,Visual
STU02970,"Software Development, Data Science",Advanced,Reading
STU02971,"Cybersecurity, Cloud Computing",Intermediate,Reading
STU02972,"Artificial Intelligence, Cybersecurity, Machine Learning",Advanced,Reading
STU02973,Cloud Computing,Advanced,practical
STU02974,"Data Science, Cloud Computing, SQL",Advanced,practical
STU02975,"SQL, Artificial Intelligence, Data Science",Beginner,Visual
STU02976,Cybersecurity,Beginner,Reading
STU02977,"Artificial Intelligence, Python",Advanced,Visual
STU02978,"Data Analytics, Web Development, Deep Learning",Beginner,Reading
STU02979,SQL,Beginner,practical
STU02980,"Data Analytics, Cloud Computing",Intermediate,Reading
STU02981,"Deep Learning, Data Science, Cybersecurity",Beginner,Visual
STU02982,"Artificial Intelligence, Cybersecurity",Intermediate,practical
STU02983,"Cloud Computing, Data Analytics",Intermediate,practical
STU02984,"Data Science, Cybersecurity, Machine Learning",Intermediate,Reading
STU02985,"Python, Machine Learning, Artificial Intelligence",Advanced,practical
STU02986,"Software Development, Web Development, Python",Beginner,Visual
STU02987,"Deep Learning, Machine Learning",Beginner,Reading
STU02988,Artificial Intelligence,Advanced,Reading
STU02989,Software Development,Advanced,Visual
STU02990,"Machine Learning, Artificial Intelligence, Web Development",Advanced,practical
STU02991,"Machine Learning, Python",Beginner,Reading
STU02992,"Machine Learning, Cybersecurity",Intermediate,practical
STU02993,Data Analytics,Beginner,practical
STU02994,DevOps,Advanced,Reading
STU02995,"Data Science, Data Analytics",Beginner,practical
STU02996,"Data Science, Cloud Computing, Data Analytics",Beginner,practical
STU02997,"Web Development, Cloud Computing",Intermediate,practical
STU02998,"Data Analytics, DevOps, SQL",Advanced,practical
STU02999,Software Development,Beginner,Visual
STU03000,"Web Development, Artificial Intelligence",Beginner,Visual
STU03001,"Cloud Computing, Python",Beginner,Visual
STU03002,Deep Learning,Beginner,Reading
STU03003,"DevOps, Data Science",Beginner,Reading
STU03004,"Web Development, Artificial Intelligence",Intermediate,practical
STU03005,"Software Development, Data Analytics, Web Development",Beginner,practical
STU03006,"Data Analytics, SQL",Intermediate,practical
STU03007,"Machine Learning, Deep Learning, Web Development",Advanced,Visual
STU03008,"Data Science, Machine Learning, Deep Learning",Advanced,Reading
STU03009,"Python, Machine Learning, Web Development",Intermediate,Visual
STU03010,Data Science,Intermediate,practical
STU03011,"Artificial Intelligence, Python",Beginner,Visual
STU03012,"Data Analytics, Cloud Computing, Machine Learning",Beginner,Visual
STU03013,"Web Development, DevOps, Machine Learning",Intermediate,practical
STU03014,"Artificial Intelligence, Software Development",Beginner,Visual
STU03015,Python,Advanced,Reading
STU03016,"Data Analytics, DevOps",Beginner,Reading
STU03017,"Data Analytics, Web Development",Advanced,practical
STU03018,"Cloud Computing, Web Development, Artificial Intelligence",Beginner,Visual
STU03019,"Data Analytics, Web Development, Deep Learning",Intermediate,practical
STU03020,"DevOps, Deep Learning, SQL",Intermediate,Visual
STU03021,"Deep Learning, Machine Learning",Intermediate,practical
STU03022,"Artificial Intelligence, Web Development",Intermediate,Reading
STU03023,"Deep Learning, SQL, Artificial Intelligence",Intermediate,practical
STU03024,Data Science,Advanced,Reading
STU03025,Machine Learning,Intermediate,Reading
STU03026,"SQL, Cybersecurity",Beginner,Reading
STU03027,Machine Learning,Intermediate,Reading
STU03028,"Data Analytics, DevOps, Cloud Computing",Beginner,Visual
STU03029,"Data Analytics, Cybersecurity",Advanced,Reading
STU03030,"Data Science, SQL, Artificial Intelligence",Advanced,practical
STU03031,"Cybersecurity, Cloud Computing, Deep Learning",Advanced,Visual
STU03032,"Cybersecurity, Web Development",Intermediate,Reading
STU03033,"Cloud Computing, Deep Learning",Beginner,Visual
STU03034,"DevOps, Web Development, Deep Learning",Intermediate,Visual
STU03035,"Cybersecurity, Python, DevOps",Intermediate,practical
STU03036,"Machine Learning, Cybersecurity",Advanced,Visual
STU03037,"Cloud Computing, Cybersecurity, Deep Learning",Intermediate,practical
STU03038,Artificial Intelligence,Beginner,practical
STU03039,"Python, Software Development, Cloud Computing",Advanced,practical
STU03040,"Python, Artificial Intelligence, Cybersecurity",Beginner,Visual
STU03041,"Cybersecurity, Cloud Computing, DevOps",Beginner,practical
STU03042,"Cloud Computing, Machine Learning, Python",Beginner,practical
STU03043,"Python, Deep Learning, Cloud Computing",Advanced,Reading
STU03044,"Data Science, Machine Learning",Advanced,practical
STU03045,"Software Development, Data Science, Cloud Computing",Advanced,Reading
STU03046,"Cloud Computing, Software Development, Cybersecurity",Beginner,Visual
STU03047,"DevOps, Python",Intermediate,Visual
STU03048,"Cloud Computing, Cybersecurity",Beginner,Reading
STU03049,"DevOps, Machine Learning",Advanced,practical
STU03050,Deep Learning,Advanced,Reading
STU03051,Deep Learning,Intermediate,practical
STU03052,"SQL, Python",Advanced,practical
STU03053,"Python, Cloud Computing, Artificial Intelligence",Intermediate,Visual
STU03054,"Web Development, DevOps",Beginner,Visual
STU03055,Deep Learning,Advanced,practical
STU03056,"SQL, Machine Learning",Intermediate,practical
STU03057,"Python, Deep Learning",Beginner,practical
STU03058,"Cloud Computing, Software Development, Web Development",Beginner,practical
STU03059,"Deep Learning, Web Development",Intermediate,Visual
STU03060,SQL,Beginner,practical
STU03061,"Data Science, Cybersecurity",Intermediate,practical
STU03062,"Artificial Intelligence, Web Development",Beginner,practical
STU03063,"Cloud Computing, SQL, Artificial Intelligence",Beginner,practical
STU03064,"Python, Data Science",Intermediate,Reading
STU03065,"Machine Learning, Artificial Intelligence",Intermediate,Visual
STU03066,Deep Learning,Beginner,practical
STU03067,Python,Intermediate,practical
STU03068,Cybersecurity,Beginner,Reading
STU03069,SQL,Intermediate,Visual
STU03070,"SQL, Cloud Computing",Intermediate,practical
STU03071,"Data Analytics, SQL, Cybersecurity",Advanced,practical
STU03072,SQL,Intermediate,practical
STU03073,"Deep Learning, Machine Learning",Advanced,Reading
STU03074,Python,Beginner,Reading
STU03075,Artificial Intelligence,Beginner,practical
STU03076,"Artificial Intelligence, SQL, Cloud Computing",Advanced,practical
STU03077,"Artificial Intelligence, Web Development, Software Development",Intermediate,Visual
STU03078,"Cybersecurity, SQL",Intermediate,Reading
STU03079,"Web Development, Cloud Computing",Beginner,Reading
STU03080,"Python, Cloud Computing",Advanced,Reading
STU03081,"Python, Machine Learning",Beginner,Reading
STU03082,Web Development,Beginner,Visual
STU03083,"Machine Learning, Cloud Computing, SQL",Advanced,Reading
STU03084,"DevOps, Cybersecurity",Beginner,practical
STU03085,Data Science,Advanced,Visual
STU03086,"Machine Learning, Python",Advanced,Visual
STU03087,"Data Analytics, Software Development",Advanced,practical
STU03088,Web Development,Advanced,practical
STU03089,"Web Development, Cybersecurity, Data Analytics",Advanced,Visual
STU03090,SQL,Advanced,practical
STU03091,"Artificial Intelligence, DevOps, Cybersecurity",Advanced,practical
STU03092,"Machine Learning, SQL, Python",Advanced,practical
STU03093,Python,Beginner,Reading
STU03094,"Web Development, Cybersecurity, Deep Learning",Beginner,practical
STU03095,SQL,Intermediate,practical
STU03096,Artificial Intelligence,Intermediate,Reading
STU03097,"DevOps, Python",Advanced,Visual
STU03098,Data Science,Intermediate,practical
STU03099,"Software Development, Machine Learning",Beginner,practical
STU03100,"Data Analytics, Data Science, Software Development",Advanced,practical
STU03101,"Data Analytics, Cybersecurity",Intermediate,Reading
STU03102,"Data Analytics, Python, SQL",Advanced,Reading
STU03103,"Artificial Intelligence, Cloud Computing, Deep Learning",Beginner,practical
STU03104,"Web Development, Cybersecurity",Beginner,practical
STU03105,Cybersecurity,Advanced,practical
STU03106,"Cybersecurity, Data Science",Advanced,Visual
STU03107,"SQL, Cloud Computing",Advanced,Visual
STU03108,"Artificial Intelligence, Cloud Computing, Data Analytics",Advanced,practical
STU03109,DevOps,Advanced,practical
STU03110,Python,Advanced,practical
STU03111,"Data Analytics, Software Development",Beginner,Visual
STU03112,"Artificial Intelligence, DevOps",Intermediate,Visual
STU03113,"Data Analytics, Machine Learning",Beginner,practical
STU03114,"Data Analytics, Data Science",Intermediate,practical
STU03115,Machine Learning,Advanced,practical
STU03116,Cybersecurity,Advanced,Visual
STU03117,"SQL, Data Science",Advanced,practical
STU03118,"Deep Learning, Data Science, Web Development",Advanced,Reading
STU03119,"Machine Learning, Data Science, Software Development",Advanced,Visual
STU03120,Artificial Intelligence,Beginner,practical
STU03121,Machine Learning,Advanced,practical
STU03122,"Cloud Computing, Deep Learning",Beginner,practical
STU03123,"SQL, DevOps",Intermediate,practical
STU03124,Cybersecurity,Intermediate,practical
STU03125,"Web Development, Artificial Intelligence, Software Development",Intermediate,practical
STU03126,"Cybersecurity, Software Development, SQL",Advanced,practical
STU03127,Cybersecurity,Intermediate,practical
STU03128,DevOps,Beginner,Reading
STU03129,Python,Advanced,Reading
STU03130,Cybersecurity,Advanced,Visual
STU03131,SQL,Advanced,practical
STU03132,Cybersecurity,Intermediate,Visual
STU03133,"Web Development, Machine Learning, Artificial Intelligence",Beginner,Reading
STU03134,"Web Development, Data Science, Machine Learning",Advanced,Visual
STU03135,"Python, Machine Learning, SQL",Beginner,Reading
STU03136,"Python, SQL",Beginner,practical
STU03137,Software Development,Beginner,Visual
STU03138,"Software Development, Cybersecurity, Data Analytics",Beginner,practical
STU03139,"Web Development, DevOps, SQL",Intermediate,Visual
STU03140,"Data Analytics, Machine Learning, Cybersecurity",Beginner,practical
STU03141,"SQL, Deep Learning",Advanced,Visual
STU03142,"SQL, Web Development",Beginner,practical
STU03143,Data Analytics,Advanced,practical
STU03144,"SQL, Cloud Computing",Advanced,Visual
STU03145,Deep Learning,Intermediate,practical
STU03146,"SQL, Python",Advanced,practical
STU03147,"Deep Learning, DevOps, Python",Beginner,practical
STU03148,Web Development,Advanced,practical
STU03149,"SQL, Deep Learning, Data Analytics",Beginner,Reading
STU03150,SQL,Advanced,Visual
STU03151,"Artificial Intelligence, Data Analytics",Advanced,practical
STU03152,"Data Analytics, SQL",Intermediate,Reading
STU03153,Deep Learning,Intermediate,Reading
STU03154,Cloud Computing,Advanced,Visual
STU03155,SQL,Beginner,Visual
STU03156,"Data Science, SQL, DevOps",Intermediate,Visual
STU03157,"Web Development, DevOps, Cloud Computing",Advanced,Visual
STU03158,"Deep Learning, DevOps",Intermediate,Visual
STU03159,"Machine Learning, Python",Beginner,Visual
STU03160,Software Development,Advanced,Reading
STU03161,Machine Learning,Advanced,Reading
STU03162,"Cloud Computing, Web Development",Intermediate,practical
STU03163,"Data Analytics, DevOps, Python",Intermediate,Reading
STU03164,Deep Learning,Intermediate,Visual
STU03165,"Cloud Computing, Cybersecurity, SQL",Intermediate,practical
STU03166,"SQL, Machine Learning",Beginner,Reading
STU03167,"Data Analytics, Cloud Computing",Intermediate,Visual
STU03168,"Cloud Computing, Deep Learning",Advanced,Reading
STU03169,"Machine Learning, Cloud Computing, Artificial Intelligence",Beginner,Visual
STU03170,Python,Intermediate,Reading
STU03171,Data Science,Advanced,practical
STU03172,"SQL, Data Science, Data Analytics",Beginner,Reading
STU03173,"DevOps, Data Science",Advanced,practical
STU03174,"Data Science, Machine Learning, Data Analytics",Beginner,practical
STU03175,"Data Analytics, Software Development, Machine Learning",Intermediate,Reading
STU03176,"Cloud Computing, DevOps",Advanced,Visual
STU03177,Data Analytics,Beginner,practical
STU03178,"Artificial Intelligence, Software Development, Data Science",Advanced,practical
STU03179,"Deep Learning, Software Development",Advanced,Visual
STU03180,"Software Development, Data Analytics, Cybersecurity",Advanced,practical
STU03181,DevOps,Intermediate,Reading
STU03182,Deep Learning,Advanced,practical
STU03183,Data Analytics,Intermediate,Reading
STU03184,"Artificial Intelligence, Software Development, Cybersecurity",Advanced,Visual
STU03185,"Cloud Computing, DevOps",Beginner,Reading
STU03186,"Cloud Computing, DevOps",Intermediate,Reading
STU03187,"Data Science, SQL, Cloud Computing",Intermediate,practical
STU03188,"Cloud Computing, SQL, Data Analytics",Advanced,Reading
STU03189,"SQL, Artificial Intelligence, Cloud Computing",Beginner,Visual
STU03190,"Data Analytics, Cloud Computing",Intermediate,practical
STU03191,"Artificial Intelligence, Data Analytics, Web Development",Advanced,Reading
STU03192,"SQL, Cloud Computing",Intermediate,Visual
STU03193,"Deep Learning, Data Science",Beginner,Reading
STU03194,"Data Science, Cloud Computing",Beginner,Visual
STU03195,"Python, Cybersecurity, Software Development",Advanced,Reading
STU03196,Data Analytics,Intermediate,Visual
STU03197,"Software Development, Deep Learning, SQL",Advanced,Visual
STU03198,"Data Science, SQL, Python",Intermediate,Reading
STU03199,"Cloud Computing, Deep Learning, Web Development",Beginner,Visual
STU03200,"Cybersecurity, Data Science, DevOps",Beginner,Reading
STU03201,"Cybersecurity, Data Analytics",Advanced,practical
STU03202,Data Analytics,Intermediate,Visual
STU03203,SQL,Beginner,Visual
STU03204,"Cybersecurity, Data Analytics",Beginner,practical
STU03205,DevOps,Beginner,practical
STU03206,Data Science,Advanced,Visual
STU03207,Cloud Computing,Beginner,practical
STU03208,SQL,Intermediate,practical
STU03209,Cybersecurity,Beginner,Reading
STU03210,Artificial Intelligence,Beginner,Reading
STU03211,Deep Learning,Beginner,practical
STU03212,"Data Analytics, Software Development",Advanced,Visual
STU03213,Cloud Computing,Beginner,practical
STU03214,Cloud Computing,Intermediate,Reading
STU03215,SQL,Advanced,Reading
STU03216,Data Analytics,Beginner,Visual
STU03217,DevOps,Intermediate,Reading
STU03218,Machine Learning,Intermediate,Reading
STU03219,"Cybersecurity, Artificial Intelligence",Beginner,Reading
STU03220,"Deep Learning, Python, Software Development",Beginner,Visual
STU03221,DevOps,Intermediate,Visual
STU03222,Software Development,Advanced,practical
STU03223,"Python, Artificial Intelligence",Advanced,Visual
STU03224,Cloud Computing,Advanced,Visual
STU03225,"DevOps, Python",Advanced,Visual
STU03226,"Web Development, Cloud Computing",Advanced,Reading
STU03227,"DevOps, Machine Learning, Cloud Computing",Intermediate,Visual
STU03228,"Web Development, DevOps, Artificial Intelligence",Intermediate,practical
STU03229,"Cloud Computing, Machine Learning",Beginner,Visual
STU03230,Software Development,Beginner,Visual
STU03231,"Python, Data Science, Cloud Computing",Intermediate,practical
STU03232,Data Analytics,Beginner,practical
STU03233,"Machine Learning, Software Development",Intermediate,Reading
STU03234,"Cybersecurity, Software Development, Artificial Intelligence",Advanced,Reading
STU03235,Artificial Intelligence,Intermediate,practical
STU03236,Cloud Computing,Beginner,Visual
STU03237,Software Development,Advanced,practical
STU03238,"Deep Learning, Software Development",Intermediate,Visual
STU03239,"Artificial Intelligence, Python, Data Science",Advanced,Visual
STU03240,Machine Learning,Beginner,Visual
STU03241,"Artificial Intelligence, Cybersecurity",Advanced,Visual
STU03242,"Cybersecurity, Software Development, DevOps",Intermediate,Visual
STU03243,"Software Development, Python, SQL",Beginner,Reading
STU03244,"Python, Software Development, Artificial Intelligence",Intermediate,practical
STU03245,"Artificial Intelligence, Deep Learning, Machine Learning",Intermediate,Reading
STU03246,Data Science,Intermediate,practical
STU03247,"DevOps, Artificial Intelligence",Advanced,Reading
STU03248,"Data Science, Software Development, Data Analytics",Intermediate,Reading
STU03249,"Data Analytics, Deep Learning, Cybersecurity",Intermediate,Visual
STU03250,"DevOps, Machine Learning, Software Development",Beginner,Visual
STU03251,"Deep Learning, SQL, Data Science",Advanced,Visual
STU03252,Cybersecurity,Intermediate,practical
STU03253,"SQL, Artificial Intelligence, Cloud Computing",Advanced,Visual
STU03254,"Software Development, Cybersecurity, Data Science",Beginner,Reading
STU03255,Data Science,Beginner,Visual
STU03256,"Python, SQL, Machine Learning",Beginner,Reading
STU03257,"Software Development, Deep Learning",Beginner,practical
STU03258,"Artificial Intelligence, Machine Learning, Deep Learning",Beginner,Reading
STU03259,"Cloud Computing, Python",Intermediate,Reading
STU03260,"DevOps, Python",Beginner,Reading
STU03261,"Web Development, Software Development, SQL",Advanced,practical
STU03262,"Python, Web Development",Advanced,Reading
STU03263,"Data Science, Data Analytics",Beginner,practical
STU03264,SQL,Beginner,Reading
STU03265,"Data Analytics, SQL, Deep Learning",Beginner,Visual
STU03266,"Data Analytics, Python",Advanced,Reading
STU03267,"Deep Learning, Web Development, Data Analytics",Beginner,Reading
STU03268,Artificial Intelligence,Intermediate,Reading
STU03269,"SQL, Web Development",Beginner,Visual
STU03270,"Artificial Intelligence, DevOps",Advanced,Visual
STU03271,Data Analytics,Beginner,Reading
STU03272,Python,Beginner,Visual
STU03273,"Web Development, Cloud Computing, Python",Advanced,practical
STU03274,Artificial Intelligence,Advanced,Visual
STU03275,Artificial Intelligence,Advanced,Visual
STU03276,Artificial Intelligence,Intermediate,Visual
STU03277,Cloud Computing,Intermediate,Visual
STU03278,"SQL, Cybersecurity",Intermediate,practical
STU03279,"Web Development, Cybersecurity",Beginner,Reading
STU03280,"Cybersecurity, Artificial Intelligence, Web Development",Beginner,practical
STU03281,"Python, Data Analytics",Beginner,practical
STU03282,"DevOps, Cloud Computing, Software Development",Advanced,practical
STU03283,"Data Analytics, Software Development, Artificial Intelligence",Beginner,Visual
STU03284,"Deep Learning, Python",Beginner,Reading
STU03285,Python,Intermediate,Reading
STU03286,Data Analytics,Intermediate,Visual
STU03287,"Data Analytics, Python",Advanced,Visual
STU03288,"Data Analytics, Cybersecurity",Advanced,practical
STU03289,"SQL, Cloud Computing",Beginner,Visual
STU03290,Cybersecurity,Advanced,practical
STU03291,Python,Advanced,Visual
STU03292,"Software Development, Cybersecurity, Machine Learning",Beginner,practical
STU03293,Cybersecurity,Advanced,Visual
STU03294,"Software Development, Data Analytics",Beginner,practical
STU03295,"Cloud Computing, SQL, Deep Learning",Advanced,Reading
STU03296,"DevOps, Data Science, Software Development",Beginner,Reading
STU03297,"Web Development, Data Science, Deep Learning",Advanced,practical
STU03298,Cybersecurity,Advanced,Visual
STU03299,"Artificial Intelligence, Cloud Computing",Advanced,Visual
STU03300,Data Science,Beginner,practical
STU03301,"Artificial Intelligence, Deep Learning",Intermediate,Reading
STU03302,Web Development,Intermediate,Reading
STU03303,"Data Science, Web Development, SQL",Advanced,Reading
STU03304,"Cybersecurity, Python, Data Science",Beginner,Visual
STU03305,Cloud Computing,Intermediate,Reading
STU03306,"Machine Learning, Python, Cybersecurity",Beginner,Visual
STU03307,Cloud Computing,Intermediate,Visual
STU03308,"Data Science, Software Development, DevOps",Beginner,practical
STU03309,"Cybersecurity, Software Development",Advanced,Visual
STU03310,Cloud Computing,Intermediate,practical
STU03311,Software Development,Advanced,Visual
STU03312,"Cybersecurity, SQL, Python",Advanced,Reading
STU03313,"Deep Learning, Software Development, DevOps",Intermediate,practical
STU03314,"Machine Learning, DevOps",Advanced,Visual
STU03315,Data Science,Intermediate,practical
STU03316,Artificial Intelligence,Advanced,Visual
STU03317,"Software Development, Data Science",Advanced,Visual
STU03318,"DevOps, Data Analytics",Advanced,practical
STU03319,Deep Learning,Intermediate,practical
STU03320,Machine Learning,Intermediate,practical
STU03321,"SQL, Artificial Intelligence, Software Development",Beginner,practical
STU03322,Deep Learning,Intermediate,Reading
STU03323,"Cloud Computing, DevOps",Advanced,Reading
STU03324,"Data Analytics, Artificial Intelligence",Intermediate,practical
STU03325,"SQL, Deep Learning, Data Science",Advanced,practical
STU03326,Software Development,Intermediate,Reading
STU03327,SQL,Beginner,practical
STU03328,Data Analytics,Advanced,practical
STU03329,"Python, Web Development, Machine Learning",Beginner,Reading
STU03330,Machine Learning,Intermediate,Visual
STU03331,"Machine Learning, Software Development",Beginner,Reading
STU03332,Data Science,Beginner,Visual
STU03333,Machine Learning,Beginner,practical
STU03334,"SQL, Artificial Intelligence",Beginner,practical
STU03335,"Software Development, Data Science, Cloud Computing",Advanced,Visual
STU03336,Machine Learning,Beginner,Reading
STU03337,"Software Development, DevOps, Python",Beginner,practical
STU03338,"Cybersecurity, Artificial Intelligence, Machine Learning",Intermediate,practical
STU03339,"Software Development, Cloud Computing",Beginner,Visual
STU03340,"Software Development, Data Science, Cybersecurity",Intermediate,Visual
STU03341,"Machine Learning, Python",Beginner,Visual
STU03342,"Deep Learning, Python, Web Development",Advanced,Reading
STU03343,Deep Learning,Beginner,practical
STU03344,"Data Science, Machine Learning, Cloud Computing",Intermediate,Reading
STU03345,"Data Science, Machine Learning",Advanced,Reading
STU03346,"Machine Learning, Data Science, DevOps",Intermediate,Visual
STU03347,Python,Beginner,Reading
STU03348,"Machine Learning, Python",Beginner,Visual
STU03349,"Data Science, Software Development",Intermediate,Reading
STU03350,"DevOps, Data Analytics",Beginner,Reading
STU03351,Python,Advanced,practical
STU03352,"Web Development, Cybersecurity",Advanced,Reading
STU03353,"Artificial Intelligence, Python",Intermediate,Visual
STU03354,"Cloud Computing, Data Science",Beginner,Reading
STU03355,"Machine Learning, Cybersecurity",Advanced,Reading
STU03356,"Python, Web Development",Beginner,Reading
STU03357,"Cloud Computing, Data Science",Intermediate,Reading
STU03358,"DevOps, Artificial Intelligence",Beginner,Reading
STU03359,"Deep Learning, Software Development",Intermediate,Reading
STU03360,"DevOps, Python",Beginner,Reading
STU03361,"Data Analytics, Cybersecurity, DevOps",Intermediate,Visual
STU03362,"Web Development, Cloud Computing, Software Development",Intermediate,Visual
STU03363,"Python, Deep Learning, DevOps",Intermediate,Reading
STU03364,"SQL, Cloud Computing, Artificial Intelligence",Intermediate,Reading
STU03365,SQL,Advanced,practical
STU03366,Web Development,Advanced,Reading
STU03367,Artificial Intelligence,Beginner,practical
STU03368,Machine Learning,Intermediate,Visual
STU03369,"Data Analytics, Cloud Computing",Advanced,Visual
STU03370,"Cybersecurity, Deep Learning, Web Development",Advanced,Visual
STU03371,"Data Science, Web Development, Data Analytics",Beginner,Visual
STU03372,"Cloud Computing, Cybersecurity, Deep Learning",Intermediate,Visual
STU03373,"DevOps, Machine Learning, Cybersecurity",Beginner,practical
STU03374,"SQL, Data Analytics",Beginner,Visual
STU03375,"Cybersecurity, Python, Software Development",Intermediate,practical
STU03376,Deep Learning,Advanced,practical
STU03377,Software Development,Intermediate,Reading
STU03378,Deep Learning,Advanced,Visual
STU03379,"Data Science, Web Development",Intermediate,Visual
STU03380,Cybersecurity,Advanced,Visual
STU03381,Cloud Computing,Advanced,Reading
STU03382,"Machine Learning, Artificial Intelligence, Python",Beginner,Reading
STU03383,"Python, Deep Learning, Software Development",Advanced,practical
STU03384,Data Analytics,Beginner,Reading
STU03385,Artificial Intelligence,Beginner,Reading
STU03386,Python,Beginner,Visual
STU03387,"Data Science, Python",Intermediate,practical
STU03388,"DevOps, Machine Learning, Python",Intermediate,Visual
STU03389,"Data Analytics, Data Science, Cybersecurity",Beginner,Reading
STU03390,Software Development,Beginner,practical
STU03391,Machine Learning,Intermediate,practical
STU03392,"Data Analytics, Data Science",Advanced,practical
STU03393,Python,Intermediate,Reading
STU03394,"Cloud Computing, SQL",Intermediate,Visual
STU03395,"Machine Learning, Software Development, Cybersecurity",Intermediate,practical
STU03396,SQL,Intermediate,Visual
STU03397,"Deep Learning, SQL, Software Development",Advanced,Visual
STU03398,"SQL, Data Analytics, DevOps",Beginner,Visual
STU03399,"Cybersecurity, Data Science, Web Development",Advanced,practical
STU03400,"Software Development, Cybersecurity",Advanced,Reading
STU03401,"Software Development, Cloud Computing, SQL",Intermediate,Reading
STU03402,SQL,Advanced,Reading
STU03403,"Cloud Computing, Web Development",Advanced,Visual
STU03404,SQL,Advanced,practical
STU03405,"Python, Software Development, Web Development",Intermediate,Visual
STU03406,"Data Analytics, SQL",Intermediate,practical
STU03407,"Artificial Intelligence, SQL, Python",Beginner,Visual
STU03408,"Cybersecurity, Python, Artificial Intelligence",Intermediate,Reading
STU03409,"Cloud Computing, Software Development, Artificial Intelligence",Intermediate,Reading
STU03410,"Data Analytics, Web Development",Beginner,practical
STU03411,Python,Intermediate,Visual
STU03412,Deep Learning,Advanced,practical
STU03413,DevOps,Beginner,Visual
STU03414,Deep Learning,Advanced,Visual
STU03415,Cloud Computing,Advanced,Reading
STU03416,"Python, Data Analytics, Web Development",Beginner,Reading
STU03417,"Web Development, Data Analytics, DevOps",Intermediate,practical
STU03418,"Web Development, Data Analytics",Intermediate,Visual
STU03419,Python,Beginner,practical
STU03420,"Python, Deep Learning",Advanced,Visual
STU03421,"Deep Learning, SQL",Advanced,Reading
STU03422,Web Development,Advanced,Visual
STU03423,"Cloud Computing, Web Development",Advanced,Reading
STU03424,Data Analytics,Beginner,Reading
STU03425,Artificial Intelligence,Intermediate,practical
STU03426,Data Analytics,Beginner,Visual
STU03427,"Data Science, Cybersecurity, Software Development",Intermediate,Reading
STU03428,SQL,Beginner,Reading
STU03429,"Data Science, Data Analytics",Advanced,Reading
STU03430,"Artificial Intelligence, Software Development",Intermediate,practical
STU03431,"DevOps, Artificial Intelligence",Intermediate,practical
STU03432,Software Development,Beginner,practical
STU03433,"Data Analytics, Cloud Computing",Intermediate,Reading
STU03434,"Data Science, SQL",Intermediate,Visual
STU03435,Machine Learning,Beginner,Reading
STU03436,Data Science,Intermediate,Visual
STU03437,"Cloud Computing, Deep Learning",Advanced,Visual
STU03438,"Data Science, Software Development",Beginner,practical
STU03439,"Deep Learning, Data Analytics",Intermediate,Visual
STU03440,"Software Development, Web Development, Data Science",Advanced,Visual
STU03441,"DevOps, Software Development",Intermediate,Visual
STU03442,"Artificial Intelligence, Data Analytics",Beginner,practical
STU03443,"Cybersecurity, Python",Beginner,Visual
STU03444,Python,Advanced,Visual
STU03445,"Cloud Computing, Software Development, Python",Advanced,Visual
STU03446,"Python, Cybersecurity, DevOps",Beginner,Visual
STU03447,"Python, Cybersecurity, Data Analytics",Beginner,Reading
STU03448,"Data Analytics, Cloud Computing",Advanced,Reading
STU03449,"Artificial Intelligence, Python",Intermediate,Reading
STU03450,"Data Analytics, Cloud Computing, Web Development",Intermediate,practical
STU03451,"Cybersecurity, Artificial Intelligence, DevOps",Beginner,Visual
STU03452,Deep Learning,Beginner,Visual
STU03453,"Deep Learning, Data Analytics, Cybersecurity",Beginner,Visual
STU03454,"Cybersecurity, Artificial Intelligence, DevOps",Beginner,Reading
STU03455,"Web Development, Cybersecurity, Software Development",Beginner,Visual
STU03456,"Data Science, Web Development, Software Development",Advanced,Reading
STU03457,"Cloud Computing, Machine Learning",Intermediate,Visual
STU03458,Artificial Intelligence,Beginner,practical
STU03459,"Python, Cloud Computing, Cybersecurity",Beginner,Visual
STU03460,"Artificial Intelligence, Software Development, Cloud Computing",Intermediate,Reading
STU03461,Artificial Intelligence,Beginner,Reading
STU03462,Cloud Computing,Intermediate,practical
STU03463,Machine Learning,Intermediate,Visual
STU03464,"Cloud Computing, Machine Learning",Intermediate,practical
STU03465,"Python, Machine Learning, Web Development",Intermediate,Reading
STU03466,Deep Learning,Beginner,Reading
STU03467,"DevOps, Web Development",Beginner,Reading
STU03468,"Web Development, Cybersecurity",Advanced,practical
STU03469,"Web Development, Python",Beginner,Visual
STU03470,Cybersecurity,Advanced,Reading
STU03471,"Data Science, Deep Learning",Advanced,practical
STU03472,Software Development,Beginner,practical
STU03473,"Artificial Intelligence, Data Analytics, Deep Learning",Intermediate,Reading
STU03474,"Deep Learning, Data Science",Beginner,practical
STU03475,"Artificial Intelligence, Deep Learning",Beginner,Visual
STU03476,"Cybersecurity, Data Analytics, Artificial Intelligence",Intermediate,Visual
STU03477,SQL,Intermediate,practical
STU03478,"Data Analytics, Cloud Computing, Deep Learning",Advanced,practical
STU03479,"Deep Learning, Software Development",Advanced,Visual
STU03480,Artificial Intelligence,Beginner,Reading
STU03481,"Deep Learning, Python",Intermediate,Visual
STU03482,"DevOps, Cybersecurity, Machine Learning",Beginner,Visual
STU03483,"Cybersecurity, Artificial Intelligence, Machine Learning",Advanced,practical
STU03484,SQL,Advanced,Visual
STU03485,Data Science,Intermediate,practical
STU03486,"Artificial Intelligence, Cybersecurity",Beginner,Visual
STU03487,"Data Analytics, Artificial Intelligence, SQL",Intermediate,practical
STU03488,Web Development,Beginner,Visual
STU03489,"Data Science, Artificial Intelligence, SQL",Advanced,practical
STU03490,"Artificial Intelligence, SQL, Deep Learning",Intermediate,Visual
STU03491,"Cybersecurity, Python, SQL",Intermediate,Reading
STU03492,Artificial Intelligence,Intermediate,Reading
STU03493,"Machine Learning, Data Analytics",Advanced,practical
STU03494,Python,Intermediate,Visual
STU03495,Data Science,Beginner,practical
STU03496,"Cybersecurity, Data Science",Intermediate,practical
STU03497,"Software Development, SQL",Advanced,practical
STU03498,SQL,Intermediate,Visual
STU03499,"Python, Deep Learning, Artificial Intelligence",Intermediate,practical
STU03500,"Software Development, DevOps",Advanced,practical
STU03501,"SQL, Python, Cybersecurity",Beginner,Reading
STU03502,DevOps,Intermediate,practical
STU03503,"Cloud Computing, Web Development, Data Science",Beginner,practical
STU03504,Python,Intermediate,Visual
STU03505,"DevOps, Data Science, Web Development",Intermediate,Reading
STU03506,"Cybersecurity, Cloud Computing",Advanced,practical
STU03507,Machine Learning,Advanced,Visual
STU03508,"Software Development, Data Science, Deep Learning",Advanced,Visual
STU03509,"Web Development, Software Development",Beginner,practical
STU03510,"Cybersecurity, Web Development",Beginner,Visual
STU03511,"Machine Learning, Cybersecurity",Advanced,practical
STU03512,"Deep Learning, Cybersecurity",Intermediate,Visual
STU03513,"Software Development, SQL",Advanced,practical
STU03514,"Artificial Intelligence, Data Analytics, DevOps",Intermediate,Reading
STU03515,DevOps,Beginner,practical
STU03516,Data Science,Intermediate,Visual
STU03517,"Data Analytics, Deep Learning, Artificial Intelligence",Beginner,Reading
STU03518,"DevOps, Deep Learning, Artificial Intelligence",Beginner,Visual
STU03519,Python,Advanced,Visual
STU03520,"Python, Cloud Computing, Machine Learning",Intermediate,practical
STU03521,Cybersecurity,Intermediate,practical
STU03522,Data Analytics,Advanced,practical
STU03523,"SQL, Data Science, DevOps",Advanced,practical
STU03524,"Deep Learning, Cybersecurity, Web Development",Intermediate,practical
STU03525,Deep Learning,Intermediate,practical
STU03526,"Artificial Intelligence, Web Development, Machine Learning",Beginner,Visual
STU03527,"Web Development, DevOps, Software Development",Intermediate,practical
STU03528,"Python, SQL, Artificial Intelligence",Intermediate,practical
STU03529,"Software Development, Data Science, DevOps",Advanced,Reading
STU03530,"Data Science, Artificial Intelligence, Cybersecurity",Beginner,practical
STU03531,"Python, Data Analytics",Advanced,Visual
STU03532,Cybersecurity,Intermediate,practical
STU03533,"Python, Artificial Intelligence, Deep Learning",Advanced,Visual
STU03534,"DevOps, SQL",Advanced,Visual
STU03535,"Cloud Computing, Artificial Intelligence",Beginner,practical
STU03536,Artificial Intelligence,Beginner,Visual
STU03537,DevOps,Advanced,Reading
STU03538,"Deep Learning, Cloud Computing",Advanced,Visual
STU03539,"Machine Learning, Data Analytics, Python",Intermediate,practical
STU03540,DevOps,Intermediate,Reading
STU03541,"Python, DevOps, SQL",Intermediate,practical
STU03542,Data Analytics,Beginner,Visual
STU03543,"DevOps, SQL, Data Analytics",Beginner,Reading
STU03544,SQL,Intermediate,practical
STU03545,"Machine Learning, Cybersecurity",Beginner,Reading
STU03546,"DevOps, SQL, Machine Learning",Intermediate,practical
STU03547,Data Analytics,Beginner,Visual
STU03548,"Software Development, Web Development",Advanced,practical
STU03549,"Deep Learning, SQL",Intermediate,practical
STU03550,Data Analytics,Beginner,Reading
STU03551,"SQL, Data Analytics, DevOps",Advanced,Visual
STU03552,Data Science,Beginner,Reading
STU03553,Deep Learning,Intermediate,Reading
STU03554,"Cybersecurity, Deep Learning",Advanced,Reading
STU03555,Data Analytics,Intermediate,practical
STU03556,Machine Learning,Intermediate,practical
STU03557,Web Development,Advanced,Reading
STU03558,"SQL, Web Development",Beginner,Visual
STU03559,"DevOps, Web Development, Data Analytics",Intermediate,Visual
STU03560,Deep Learning,Beginner,practical
STU03561,"Software Development, Cybersecurity",Beginner,Reading
STU03562,"Python, Web Development",Intermediate,Reading
STU03563,Data Analytics,Advanced,practical
STU03564,"Deep Learning, Python, Cloud Computing",Intermediate,practical
STU03565,"Artificial Intelligence, DevOps",Beginner,Visual
STU03566,"Machine Learning, Deep Learning",Intermediate,Visual
STU03567,"SQL, Artificial Intelligence",Advanced,Reading
STU03568,"Data Analytics, Python, Artificial Intelligence",Advanced,practical
STU03569,"Python, Web Development",Advanced,Visual
STU03570,"Data Science, Artificial Intelligence, Cybersecurity",Advanced,practical
STU03571,"DevOps, SQL, Data Science",Intermediate,Visual
STU03572,"DevOps, Machine Learning",Beginner,Reading
STU03573,"Data Science, Data Analytics, Cybersecurity",Advanced,Visual
STU03574,"DevOps, Data Science, Python",Intermediate,Visual
STU03575,"Deep Learning, Software Development, DevOps",Intermediate,Reading
STU03576,"Software Development, Python",Intermediate,practical
STU03577,"Machine Learning, Data Science",Beginner,practical
STU03578,"Python, SQL",Beginner,Visual
STU03579,"Python, Machine Learning, DevOps",Advanced,Visual
STU03580,"Data Science, Web Development",Beginner,practical
STU03581,"Web Development, Deep Learning",Intermediate,practical
STU03582,"Web Development, Artificial Intelligence",Beginner,Reading
STU03583,Cybersecurity,Beginner,Reading
STU03584,"Web Development, Artificial Intelligence, Data Science",Advanced,practical
STU03585,"DevOps, Data Analytics",Intermediate,practical
STU03586,"Cybersecurity, SQL",Beginner,Visual
STU03587,Data Science,Intermediate,Visual
STU03588,Python,Advanced,Reading
STU03589,"Deep Learning, Python, Data Analytics",Intermediate,Visual
STU03590,"Python, Deep Learning",Intermediate,Reading
STU03591,DevOps,Intermediate,Reading
STU03592,"Machine Learning, SQL, Cloud Computing",Beginner,Visual
STU03593,"DevOps, Machine Learning",Beginner,Visual
STU03594,Software Development,Beginner,practical
STU03595,"Software Development, Data Science, Cybersecurity",Advanced,Visual
STU03596,"Cloud Computing, Data Analytics",Intermediate,Reading
STU03597,"Artificial Intelligence, Machine Learning",Advanced,practical
STU03598,"Machine Learning, Python, Software Development",Advanced,Reading
STU03599,"Data Analytics, Artificial Intelligence",Advanced,Visual
STU03600,Software Development,Beginner,practical
STU03601,"Artificial Intelligence, Web Development, Cybersecurity",Advanced,Visual
STU03602,"Artificial Intelligence, Web Development, DevOps",Intermediate,Visual
STU03603,"Software Development, Cloud Computing, Data Science",Beginner,practical
STU03604,Data Analytics,Advanced,Reading
STU03605,"DevOps, Data Science",Intermediate,practical
STU03606,"Web Development, Software Development",Beginner,Visual
STU03607,Cybersecurity,Beginner,Visual
STU03608,"Machine Learning, Cloud Computing",Advanced,practical
STU03609,"Machine Learning, Cybersecurity, Web Development",Advanced,Reading
STU03610,"SQL, Python",Advanced,Reading
STU03611,"Machine Learning, Cybersecurity",Intermediate,practical
STU03612,"Software Development, SQL",Intermediate,Reading
STU03613,"DevOps, Software Development",Beginner,Visual
STU03614,"Deep Learning, DevOps, Artificial Intelligence",Intermediate,practical
STU03615,"Data Analytics, Data Science, Software Development",Intermediate,practical
STU03616,"Software Development, Artificial Intelligence",Beginner,practical
STU03617,SQL,Advanced,Reading
STU03618,"Python, Data Science",Advanced,Reading
STU03619,"Data Analytics, Cybersecurity, Machine Learning",Intermediate,Reading
STU03620,"Data Analytics, Deep Learning, Web Development",Beginner,Reading
STU03621,"Cloud Computing, SQL",Intermediate,practical
STU03622,"DevOps, Cloud Computing",Intermediate,Visual
STU03623,"Cloud Computing, Machine Learning, Deep Learning",Beginner,practical
STU03624,"Deep Learning, Artificial Intelligence, Cybersecurity",Beginner,Visual
STU03625,"Cybersecurity, DevOps",Intermediate,practical
STU03626,DevOps,Intermediate,Reading
STU03627,Artificial Intelligence,Intermediate,Reading
STU03628,Web Development,Advanced,Reading
STU03629,Artificial Intelligence,Intermediate,Reading
STU03630,"SQL, Data Analytics",Advanced,practical
STU03631,"Artificial Intelligence, Data Analytics",Advanced,Visual
STU03632,"Python, Software Development",Beginner,Reading
STU03633,"Python, Deep Learning",Beginner,Reading
STU03634,"Software Development, DevOps",Intermediate,Visual
STU03635,"SQL, Software Development",Intermediate,Visual
STU03636,"Cybersecurity, Software Development",Advanced,practical
STU03637,Software Development,Advanced,Visual
STU03638,"Data Science, SQL",Intermediate,Visual
STU03639,"Artificial Intelligence, Python",Intermediate,Visual
STU03640,"Machine Learning, Data Science",Advanced,practical
STU03641,"Data Science, Cloud Computing",Advanced,practical
STU03642,"Software Development, DevOps, Cloud Computing",Advanced,Visual
STU03643,"Software Development, Python",Beginner,practical
STU03644,"Deep Learning, Data Science",Advanced,practical
STU03645,"DevOps, Data Science, Deep Learning",Beginner,practical
STU03646,Cloud Computing,Intermediate,Visual
STU03647,"Deep Learning, Python, Cloud Computing",Advanced,Visual
STU03648,Machine Learning,Intermediate,Visual
STU03649,"DevOps, Machine Learning, Python",Beginner,Visual
STU03650,"Web Development, SQL",Advanced,practical
STU03651,Software Development,Advanced,Reading
STU03652,"Deep Learning, Software Development",Beginner,Visual
STU03653,Cloud Computing,Intermediate,Reading
STU03654,Cloud Computing,Beginner,Visual
STU03655,"Data Analytics, Web Development, Artificial Intelligence",Advanced,Reading
STU03656,"Artificial Intelligence, Web Development, Cybersecurity",Advanced,practical
STU03657,Data Science,Advanced,Reading
STU03658,"Data Analytics, SQL, Cybersecurity",Intermediate,Reading
STU03659,"Python, Artificial Intelligence, Cybersecurity",Beginner,Visual
STU03660,Python,Advanced,practical
STU03661,Artificial Intelligence,Advanced,practical
STU03662,Machine Learning,Intermediate,Visual
STU03663,Deep Learning,Intermediate,practical
STU03664,Cloud Computing,Intermediate,practical
STU03665,Machine Learning,Advanced,Visual
STU03666,"SQL, Cloud Computing, Machine Learning",Advanced,practical
STU03667,Cybersecurity,Advanced,Visual
STU03668,Data Analytics,Advanced,practical
STU03669,"Cloud Computing, SQL, Python",Intermediate,practical
STU03670,"SQL, Artificial Intelligence, Cybersecurity",Beginner,Reading
STU03671,Web Development,Intermediate,Visual
STU03672,"Cloud Computing, SQL",Beginner,Visual
STU03673,"SQL, Python",Advanced,Visual
STU03674,"Cybersecurity, Artificial Intelligence, SQL",Advanced,practical
STU03675,"Data Analytics, Cybersecurity",Intermediate,Reading
STU03676,DevOps,Intermediate,Visual
STU03677,"Web Development, DevOps",Advanced,Visual
STU03678,"Web Development, Artificial Intelligence, Data Science",Beginner,Visual
STU03679,"SQL, Python, Cloud Computing",Beginner,Visual
STU03680,"Deep Learning, DevOps, Data Analytics",Beginner,Reading
STU03681,"Artificial Intelligence, Deep Learning, Data Science",Intermediate,Visual
STU03682,"Deep Learning, Python, Data Analytics",Beginner,Visual
STU03683,"Software Development, Cybersecurity, Data Science",Advanced,practical
STU03684,"Cybersecurity, Web Development",Advanced,Reading
STU03685,"Python, Cloud Computing, SQL",Intermediate,Visual
STU03686,"Python, Software Development, Data Science",Intermediate,Reading
STU03687,Data Analytics,Advanced,practical
STU03688,"Python, Machine Learning, SQL",Advanced,Reading
STU03689,Deep Learning,Advanced,Visual
STU03690,"Python, Software Development",Intermediate,practical
STU03691,Python,Intermediate,Visual
STU03692,"Web Development, Cloud Computing, Cybersecurity",Beginner,Visual
STU03693,Machine Learning,Beginner,practical
STU03694,"Data Science, SQL",Advanced,practical
STU03695,Software Development,Beginner,practical
STU03696,"Cybersecurity, DevOps, Software Development",Beginner,Reading
STU03697,"Machine Learning, Deep Learning, Cloud Computing",Advanced,Visual
STU03698,Web Development,Beginner,practical
STU03699,"Web Development, Software Development",Beginner,Reading
STU03700,"Cybersecurity, DevOps, Machine Learning",Advanced,Visual
STU03701,"Cybersecurity, Web Development",Intermediate,Visual
STU03702,"Data Analytics, Web Development",Beginner,Reading
STU03703,Data Analytics,Intermediate,Reading
STU03704,"Cybersecurity, SQL",Intermediate,practical
STU03705,"Data Analytics, Python, Data Science",Intermediate,Reading
STU03706,"Deep Learning, Data Science, Artificial Intelligence",Beginner,Reading
STU03707,"DevOps, Artificial Intelligence, Cybersecurity",Beginner,Visual
STU03708,"Cloud Computing, Artificial Intelligence",Intermediate,practical
STU03709,"Software Development, Cloud Computing, Data Analytics",Intermediate,Reading
STU03710,"DevOps, Python",Advanced,Reading
STU03711,"Python, DevOps",Beginner,practical
STU03712,Cloud Computing,Advanced,Visual
STU03713,"Cloud Computing, DevOps",Beginner,practical
STU03714,Artificial Intelligence,Intermediate,Reading
STU03715,Data Analytics,Intermediate,practical
STU03716,"Cybersecurity, Python",Advanced,practical
STU03717,"Artificial Intelligence, Deep Learning",Advanced,Reading
STU03718,"DevOps, Machine Learning",Advanced,practical
STU03719,Web Development,Advanced,practical
STU03720,"Cloud Computing, Data Science",Beginner,Visual
STU03721,Cloud Computing,Intermediate,Visual
STU03722,Data Analytics,Advanced,practical
STU03723,"Cloud Computing, Artificial Intelligence",Beginner,Reading
STU03724,Deep Learning,Advanced,Visual
STU03725,Software Development,Advanced,practical
STU03726,"Machine Learning, DevOps",Intermediate,practical
STU03727,SQL,Beginner,Visual
STU03728,"Web Development, Artificial Intelligence",Beginner,practical
STU03729,DevOps,Intermediate,Visual
STU03730,"Cloud Computing, Artificial Intelligence",Intermediate,Reading
STU03731,"Cloud Computing, Data Science, Artificial Intelligence",Advanced,Reading
STU03732,Data Science,Beginner,Reading
STU03733,Cloud Computing,Advanced,Visual
STU03734,Data Analytics,Intermediate,practical
STU03735,DevOps,Beginner,Reading
STU03736,"Data Science, Software Development, Cybersecurity",Beginner,Reading
STU03737,"Software Development, Machine Learning, DevOps",Advanced,Reading
STU03738,"Cloud Computing, Machine Learning",Advanced,Visual
STU03739,"Deep Learning, Machine Learning, Software Development",Beginner,Reading
STU03740,"Cybersecurity, Software Development, Python",Advanced,Visual
STU03741,"Cloud Computing, Data Science, DevOps",Beginner,practical
STU03742,DevOps,Advanced,Visual
STU03743,"Data Science, Cybersecurity, Deep Learning",Advanced,practical
STU03744,"DevOps, Cloud Computing",Advanced,Visual
STU03745,"Python, Data Science, Machine Learning",Advanced,Reading
STU03746,"Machine Learning, Cloud Computing, Data Analytics",Intermediate,practical
STU03747,DevOps,Beginner,Visual
STU03748,Machine Learning,Advanced,Visual
STU03749,"Python, Artificial Intelligence, Machine Learning",Advanced,Visual
STU03750,"DevOps, Cloud Computing, Python",Intermediate,practical
STU03751,"Deep Learning, Python, Artificial Intelligence",Advanced,Reading
STU03752,Data Analytics,Beginner,practical
STU03753,"Cybersecurity, Data Analytics, Machine Learning",Advanced,Reading
STU03754,Cybersecurity,Beginner,Visual
STU03755,"Software Development, Cybersecurity",Intermediate,practical
STU03756,"Web Development, Cloud Computing",Advanced,practical
STU03757,"Data Analytics, Deep Learning",Beginner,practical
STU03758,"Artificial Intelligence, Deep Learning",Beginner,Reading
STU03759,"Deep Learning, Data Science",Advanced,practical
STU03760,Data Analytics,Intermediate,Visual
STU03761,Cloud Computing,Beginner,Reading
STU03762,Data Analytics,Intermediate,practical
STU03763,Machine Learning,Advanced,practical
STU03764,Artificial Intelligence,Beginner,practical
STU03765,"Cybersecurity, Python, Data Science",Advanced,Visual
STU03766,"SQL, DevOps",Intermediate,practical
STU03767,Web Development,Beginner,Reading
STU03768,Machine Learning,Beginner,Visual
STU03769,SQL,Intermediate,Reading
STU03770,"Cybersecurity, Deep Learning",Beginner,Reading
STU03771,"Python, Data Analytics, DevOps",Advanced,Visual
STU03772,Data Science,Advanced,Visual
STU03773,Data Science,Intermediate,Visual
STU03774,"Deep Learning, SQL, DevOps",Beginner,Visual
STU03775,"Software Development, DevOps, Cybersecurity",Beginner,Visual
STU03776,"Web Development, DevOps, Cloud Computing",Beginner,Visual
STU03777,"Data Science, SQL, DevOps",Beginner,practical
STU03778,Deep Learning,Intermediate,practical
STU03779,"Software Development, Data Science",Beginner,practical
STU03780,"Artificial Intelligence, Software Development",Beginner,Reading
STU03781,"Web Development, Cybersecurity, Machine Learning",Beginner,Visual
STU03782,Deep Learning,Beginner,Visual
STU03783,Cloud Computing,Advanced,practical
STU03784,"Web Development, Deep Learning",Advanced,Reading
STU03785,"Data Analytics, Software Development, SQL",Beginner,practical
STU03786,"SQL, Python, Data Science",Beginner,Visual
STU03787,"Cybersecurity, DevOps",Advanced,practical
STU03788,"Data Science, Cloud Computing, Python",Intermediate,practical
STU03789,"Data Science, Artificial Intelligence",Advanced,practical
STU03790,SQL,Advanced,Visual
STU03791,"Web Development, Cloud Computing",Beginner,Visual
STU03792,"Cybersecurity, Software Development, Python",Intermediate,Reading
STU03793,"Software Development, Python",Advanced,practical
STU03794,"Web Development, Machine Learning, Artificial Intelligence",Advanced,practical
STU03795,Cybersecurity,Intermediate,practical
STU03796,"Deep Learning, Software Development, Data Analytics",Advanced,Visual
STU03797,"Data Analytics, Web Development, Artificial Intelligence",Advanced,practical
STU03798,"Cloud Computing, Software Development, Artificial Intelligence",Intermediate,practical
STU03799,Data Science,Advanced,practical
STU03800,Machine Learning,Intermediate,Reading
STU03801,"Cybersecurity, Data Analytics, Cloud Computing",Beginner,practical
STU03802,"DevOps, Software Development",Intermediate,Reading
STU03803,"SQL, Python",Intermediate,Visual
STU03804,Python,Intermediate,Reading
STU03805,"Web Development, Software Development, Cybersecurity",Intermediate,Reading
STU03806,"Deep Learning, SQL",Advanced,Visual
STU03807,"Data Analytics, Web Development, Data Science",Intermediate,Reading
STU03808,"Web Development, Data Analytics, Deep Learning",Intermediate,Visual
STU03809,"Data Analytics, DevOps",Intermediate,Reading
STU03810,Artificial Intelligence,Advanced,practical
STU03811,Web Development,Advanced,Visual
STU03812,Data Analytics,Intermediate,Visual
STU03813,"SQL, Data Analytics",Beginner,Visual
STU03814,"Web Development, Machine Learning, DevOps",Beginner,practical
STU03815,"SQL, Web Development, Python",Intermediate,Visual
STU03816,Data Science,Intermediate,Visual
STU03817,Machine Learning,Beginner,practical
STU03818,"Data Science, Python",Advanced,practical
STU03819,"Deep Learning, Machine Learning",Beginner,practical
STU03820,Software Development,Advanced,Reading
STU03821,"Web Development, Python, Machine Learning",Advanced,practical
STU03822,"Web Development, DevOps, Data Analytics",Intermediate,Reading
STU03823,"Cybersecurity, Python, Data Science",Advanced,Visual
STU03824,"Python, Artificial Intelligence",Advanced,Reading
STU03825,Software Development,Beginner,Visual
STU03826,"Deep Learning, Data Science, Python",Advanced,Reading
STU03827,Artificial Intelligence,Advanced,Reading
STU03828,"Artificial Intelligence, Cybersecurity",Beginner,practical
STU03829,"Data Science, Python, Data Analytics",Beginner,practical
STU03830,"Web Development, Data Science",Intermediate,practical
STU03831,"SQL, Data Analytics",Advanced,Visual
STU03832,"Deep Learning, Web Development, Cybersecurity",Beginner,Reading
STU03833,"Cybersecurity, Data Analytics",Intermediate,Visual
STU03834,Software Development,Beginner,Visual
STU03835,"Python, Artificial Intelligence, Machine Learning",Advanced,Visual
STU03836,"Software Development, Web Development, Cloud Computing",Beginner,Reading
STU03837,"DevOps, SQL, Cloud Computing",Intermediate,practical
STU03838,"DevOps, SQL",Beginner,Reading
STU03839,"SQL, Data Analytics",Beginner,practical
STU03840,"Data Science, DevOps",Intermediate,practical
STU03841,"Python, Deep Learning",Beginner,Reading
STU03842,"Data Analytics, SQL, Cybersecurity",Beginner,practical
STU03843,Data Science,Intermediate,Reading
STU03844,"DevOps, Artificial Intelligence",Beginner,Reading
STU03845,"Data Science, Machine Learning",Advanced,Reading
STU03846,Web Development,Beginner,Reading
STU03847,"Data Analytics, Artificial Intelligence, SQL",Advanced,Visual
STU03848,"Python, Software Development",Beginner,Reading
STU03849,Software Development,Beginner,Reading
STU03850,Web Development,Intermediate,Visual
STU03851,"Artificial Intelligence, Data Science, Cloud Computing",Advanced,Visual
STU03852,DevOps,Advanced,Reading
STU03853,Artificial Intelligence,Intermediate,Reading
STU03854,"Python, Web Development, DevOps",Beginner,practical
STU03855,"DevOps, Web Development",Advanced,practical
STU03856,"Cloud Computing, Machine Learning, Artificial Intelligence",Intermediate,Visual
STU03857,"Data Analytics, Machine Learning",Intermediate,Reading
STU03858,"Cloud Computing, Machine Learning, Cybersecurity",Beginner,Visual
STU03859,Web Development,Beginner,Reading
STU03860,"Software Development, SQL, Cybersecurity",Beginner,Reading
STU03861,"Data Analytics, Deep Learning, Machine Learning",Advanced,practical
STU03862,Data Science,Intermediate,practical
STU03863,"Artificial Intelligence, SQL, Cybersecurity",Beginner,practical
STU03864,Deep Learning,Advanced,Reading
STU03865,"Web Development, DevOps, Deep Learning",Intermediate,practical
STU03866,"DevOps, Software Development",Beginner,Visual
STU03867,"Python, Machine Learning, Software Development",Intermediate,Reading
STU03868,DevOps,Beginner,practical
STU03869,"SQL, DevOps, Cybersecurity",Advanced,Visual
STU03870,"Machine Learning, Cloud Computing, Web Development",Beginner,Visual
STU03871,"SQL, Web Development, Cloud Computing",Beginner,Visual
STU03872,"Cloud Computing, SQL",Intermediate,Visual
STU03873,Python,Beginner,Reading
STU03874,"Cybersecurity, Software Development",Intermediate,Reading
STU03875,SQL,Beginner,Visual
STU03876,"Python, Web Development",Advanced,Visual
STU03877,"DevOps, Python, Software Development",Intermediate,practical
STU03878,Software Development,Beginner,Visual
STU03879,"Artificial Intelligence, Data Science, Software Development",Advanced,Reading
STU03880,"Software Development, Artificial Intelligence",Advanced,practical
STU03881,Machine Learning,Advanced,practical
STU03882,"Data Science, Deep Learning, Cloud Computing",Intermediate,Reading
STU03883,"Cybersecurity, SQL",Advanced,Reading
STU03884,"Data Science, DevOps, Cloud Computing",Advanced,Visual
STU03885,"Deep Learning, Data Science",Intermediate,Reading
STU03886,"Data Science, Data Analytics",Beginner,Visual
STU03887,Deep Learning,Intermediate,practical
STU03888,"Data Science, Cybersecurity",Advanced,Reading
STU03889,"Data Science, Deep Learning",Advanced,Reading
STU03890,"Data Science, Artificial Intelligence, Deep Learning",Intermediate,practical
STU03891,"Python, Data Analytics, Cybersecurity",Intermediate,Reading
STU03892,"Artificial Intelligence, Deep Learning",Beginner,Visual
STU03893,Deep Learning,Intermediate,Visual
STU03894,"Web Development, Machine Learning",Beginner,practical
STU03895,"DevOps, Data Science, Software Development",Advanced,Visual
STU03896,"Data Science, Cloud Computing, Machine Learning",Beginner,practical
STU03897,"DevOps, Artificial Intelligence, Software Development",Advanced,Reading
STU03898,"Software Development, Deep Learning",Advanced,Visual
STU03899,Artificial Intelligence,Advanced,Visual
STU03900,"Cybersecurity, DevOps",Beginner,Visual
STU03901,"Web Development, DevOps, Software Development",Beginner,Visual
STU03902,"Cloud Computing, DevOps, Data Analytics",Advanced,Visual
STU03903,"DevOps, Cybersecurity",Advanced,Visual
STU03904,"Deep Learning, SQL",Intermediate,practical
STU03905,"SQL, Machine Learning, Artificial Intelligence",Advanced,practical
STU03906,Data Analytics,Advanced,practical
STU03907,"Deep Learning, Artificial Intelligence",Beginner,Visual
STU03908,"Cybersecurity, DevOps",Advanced,Visual
STU03909,"Deep Learning, SQL, Data Analytics",Beginner,Reading
STU03910,Data Science,Advanced,Visual
STU03911,"Web Development, DevOps, Deep Learning",Beginner,Visual
STU03912,"Cloud Computing, Cybersecurity",Advanced,Reading
STU03913,"SQL, Cybersecurity",Beginner,Visual
STU03914,"Software Development, Python",Beginner,Visual
STU03915,DevOps,Beginner,Visual
STU03916,SQL,Beginner,Reading
STU03917,"SQL, Deep Learning",Advanced,practical
STU03918,"Data Science, Cybersecurity, Software Development",Beginner,Visual
STU03919,"DevOps, SQL, Data Analytics",Intermediate,Reading
STU03920,"Cybersecurity, Data Analytics",Intermediate,practical
STU03921,"Cloud Computing, Data Analytics, Software Development",Beginner,Visual
STU03922,"Deep Learning, SQL",Advanced,Visual
STU03923,"DevOps, Data Science",Intermediate,Visual
STU03924,"Web Development, DevOps, Software Development",Intermediate,Reading
STU03925,"Data Science, Deep Learning",Intermediate,Visual
STU03926,"SQL, Software Development, Data Science",Advanced,practical
STU03927,"Web Development, Machine Learning",Intermediate,practical
STU03928,Machine Learning,Intermediate,Reading
STU03929,"Python, SQL",Intermediate,Visual
STU03930,Artificial Intelligence,Intermediate,practical
STU03931,"Data Science, Machine Learning",Advanced,practical
STU03932,Cloud Computing,Beginner,practical
STU03933,Deep Learning,Advanced,Reading
STU03934,"SQL, Deep Learning",Intermediate,Visual
STU03935,Data Analytics,Intermediate,practical
STU03936,"Machine Learning, Cybersecurity, Deep Learning",Beginner,Visual
STU03937,"Data Science, Data Analytics, DevOps",Beginner,Visual
STU03938,"DevOps, SQL, Python",Advanced,Visual
STU03939,"Deep Learning, DevOps, Data Analytics",Intermediate,Visual
STU03940,Artificial Intelligence,Advanced,practical
STU03941,"Artificial Intelligence, Software Development",Beginner,Visual
STU03942,DevOps,Beginner,Visual
STU03943,"Deep Learning, Software Development, Machine Learning",Advanced,Visual
STU03944,"Cybersecurity, Machine Learning, Web Development",Beginner,Reading
STU03945,"SQL, Web Development, Data Science",Advanced,practical
STU03946,"Machine Learning, SQL",Beginner,practical
STU03947,Machine Learning,Beginner,practical
STU03948,"Python, Data Analytics",Beginner,practical
STU03949,Artificial Intelligence,Intermediate,Visual
STU03950,"Web Development, Data Science",Beginner,practical
STU03951,"Software Development, SQL",Intermediate,Visual
STU03952,Web Development,Intermediate,Reading
STU03953,"SQL, Web Development, Cloud Computing",Advanced,practical
STU03954,Artificial Intelligence,Intermediate,Visual
STU03955,Data Analytics,Advanced,Visual
STU03956,Deep Learning,Advanced,Reading
STU03957,"Machine Learning, Deep Learning, DevOps",Beginner,Reading
STU03958,"Data Analytics, Artificial Intelligence, Data Science",Beginner,practical
STU03959,"Cloud Computing, Web Development",Intermediate,Visual
STU03960,"Deep Learning, Web Development",Advanced,Visual
STU03961,Web Development,Advanced,Reading
STU03962,"Cloud Computing, Machine Learning, Data Analytics",Intermediate,Reading
STU03963,Artificial Intelligence,Beginner,Reading
STU03964,"Deep Learning, DevOps, Artificial Intelligence",Beginner,practical
STU03965,"Python, Data Science, Software Development",Beginner,practical
STU03966,"Python, Machine Learning, Data Analytics",Intermediate,practical
STU03967,Machine Learning,Beginner,Reading
STU03968,Artificial Intelligence,Intermediate,practical
STU03969,"Machine Learning, Deep Learning",Intermediate,practical
STU03970,Cybersecurity,Beginner,Reading
STU03971,"Artificial Intelligence, SQL, Data Science",Beginner,Reading
STU03972,Data Science,Beginner,practical
STU03973,Cybersecurity,Intermediate,practical
STU03974,"DevOps, Deep Learning",Intermediate,practical
STU03975,"Deep Learning, Machine Learning",Intermediate,practical
STU03976,"Web Development, Software Development",Beginner,practical
STU03977,Cybersecurity,Beginner,Reading
STU03978,"Cybersecurity, Python, Data Science",Intermediate,Visual
STU03979,"Data Analytics, Python",Intermediate,Reading
STU03980,"Software Development, Cloud Computing",Beginner,Reading
STU03981,"Data Science, Data Analytics, Artificial Intelligence",Beginner,practical
STU03982,Software Development,Intermediate,Visual
STU03983,Artificial Intelligence,Intermediate,Reading
STU03984,"Web Development, Data Science, Cloud Computing",Advanced,Visual
STU03985,"Artificial Intelligence, Software Development",Beginner,Visual
STU03986,"Deep Learning, Software Development",Beginner,Visual
STU03987,"Python, Cloud Computing",Intermediate,practical
STU03988,Cloud Computing,Advanced,practical
STU03989,"Software Development, Web Development",Beginner,Reading
STU03990,"Data Analytics, Cloud Computing",Advanced,Visual
STU03991,Data Analytics,Beginner,Reading
STU03992,"Deep Learning, Artificial Intelligence",Beginner,Reading
STU03993,"Web Development, SQL, Python",Beginner,practical
STU03994,Machine Learning,Beginner,practical
STU03995,Web Development,Intermediate,Reading
STU03996,"Artificial Intelligence, Data Science",Beginner,Visual
STU03997,"SQL, Data Science",Advanced,Visual
STU03998,"Cloud Computing, Artificial Intelligence, SQL",Beginner,Reading
STU03999,"SQL, Deep Learning, Machine Learning",Intermediate,practical
STU04000,Web Development,Advanced,Reading
STU04001,"Data Science, Python",Beginner,practical
STU04002,Cloud Computing,Intermediate,Visual
STU04003,"Deep Learning, SQL",Beginner,practical
STU04004,"Web Development, Python, Deep Learning",Beginner,Visual
STU04005,"SQL, Data Science",Beginner,Reading
STU04006,Software Development,Intermediate,practical
STU04007,"Data Science, Web Development",Advanced,Visual
STU04008,"DevOps, SQL",Beginner,practical
STU04009,"Data Analytics, Artificial Intelligence",Advanced,Visual
STU04010,"SQL, Web Development, Cloud Computing",Beginner,practical
STU04011,"Artificial Intelligence, Machine Learning",Beginner,Visual
STU04012,"Deep Learning, Artificial Intelligence",Intermediate,Reading
STU04013,"Cloud Computing, Python, Cybersecurity",Beginner,practical
STU04014,"Python, Machine Learning, Cybersecurity",Intermediate,practical
STU04015,"Machine Learning, Artificial Intelligence, Data Science",Beginner,Visual
STU04016,Web Development,Beginner,Visual
STU04017,"DevOps, Cloud Computing, Artificial Intelligence",Advanced,practical
STU04018,"SQL, Cloud Computing, Data Analytics",Advanced,Reading
STU04019,Software Development,Intermediate,Reading
STU04020,Artificial Intelligence,Beginner,Reading
STU04021,"SQL, Artificial Intelligence, Python",Intermediate,Visual
STU04022,"SQL, Data Science, Software Development",Intermediate,Visual
STU04023,Python,Beginner,Reading
STU04024,"Data Science, Cybersecurity, Data Analytics",Advanced,Reading
STU04025,"Machine Learning, Web Development",Intermediate,Reading
STU04026,Software Development,Beginner,practical
STU04027,"Data Science, Data Analytics, Software Development",Beginner,Visual
STU04028,Deep Learning,Intermediate,practical
STU04029,"Data Science, Deep Learning, Machine Learning",Intermediate,practical
STU04030,"Deep Learning, Machine Learning, SQL",Beginner,Reading
STU04031,Cybersecurity,Advanced,Visual
STU04032,"DevOps, Deep Learning",Intermediate,Reading
STU04033,Data Analytics,Beginner,Visual
STU04034,"SQL, Machine Learning",Beginner,Visual
STU04035,Artificial Intelligence,Beginner,Visual
STU04036,"Artificial Intelligence, Cloud Computing",Intermediate,practical
STU04037,Python,Intermediate,Reading
STU04038,"Data Analytics, DevOps, Deep Learning",Advanced,practical
STU04039,"Cybersecurity, Data Analytics, Deep Learning",Beginner,Reading
STU04040,Web Development,Intermediate,Visual
STU04041,"Machine Learning, Artificial Intelligence, Cloud Computing",Beginner,Reading
STU04042,"DevOps, Machine Learning, Deep Learning",Beginner,Visual
STU04043,Cloud Computing,Intermediate,Visual
STU04044,Artificial Intelligence,Intermediate,practical
STU04045,"Data Science, SQL",Advanced,practical
STU04046,"Cloud Computing, Deep Learning",Intermediate,practical
STU04047,"Data Science, Machine Learning, DevOps",Intermediate,Visual
STU04048,SQL,Intermediate,Reading
STU04049,"Python, Data Science, Cybersecurity",Beginner,practical
STU04050,"Cloud Computing, Data Analytics, Cybersecurity",Intermediate,practical
STU04051,"Data Analytics, Software Development, Web Development",Advanced,Reading
STU04052,"Deep Learning, Artificial Intelligence",Advanced,Reading
STU04053,"Cybersecurity, Artificial Intelligence, Python",Intermediate,Visual
STU04054,Software Development,Advanced,Reading
STU04055,"Cloud Computing, Deep Learning, Web Development",Advanced,Reading
STU04056,"Web Development, Cloud Computing",Beginner,practical
STU04057,"Data Analytics, Deep Learning",Intermediate,Visual
STU04058,"Data Science, Python",Intermediate,Visual
STU04059,Artificial Intelligence,Beginner,Visual
STU04060,Cloud Computing,Intermediate,Visual
STU04061,"Machine Learning, Python, Data Science",Advanced,Reading
STU04062,"Cybersecurity, Data Science, DevOps",Beginner,Reading
STU04063,"Cybersecurity, Python",Beginner,Reading
STU04064,"Artificial Intelligence, Data Analytics, Web Development",Advanced,practical
STU04065,"Cloud Computing, Python",Advanced,practical
STU04066,"DevOps, Machine Learning",Advanced,Visual
STU04067,"Cybersecurity, Cloud Computing",Advanced,Reading
STU04068,Data Science,Intermediate,practical
STU04069,Machine Learning,Advanced,practical
STU04070,DevOps,Beginner,Visual
STU04071,"DevOps, Python, Data Analytics",Beginner,practical
STU04072,"Cybersecurity, Cloud Computing",Beginner,Reading
STU04073,"Machine Learning, Cloud Computing, Artificial Intelligence",Advanced,Visual
STU04074,"Cybersecurity, Deep Learning, Machine Learning",Intermediate,Reading
STU04075,"Web Development, Python",Advanced,practical
STU04076,Data Analytics,Intermediate,Reading
STU04077,"Cloud Computing, Software Development, SQL",Beginner,practical
STU04078,Artificial Intelligence,Intermediate,Visual
STU04079,"Deep Learning, Data Science, Python",Beginner,Reading
STU04080,"Software Development, Cloud Computing, Data Science",Beginner,Reading
STU04081,"SQL, DevOps",Beginner,Visual
STU04082,"DevOps, Artificial Intelligence",Beginner,Visual
STU04083,Web Development,Intermediate,practical
STU04084,Data Science,Beginner,Reading
STU04085,SQL,Intermediate,practical
STU04086,Web Development,Intermediate,Visual
STU04087,Software Development,Beginner,Visual
STU04088,Deep Learning,Intermediate,practical
STU04089,"Web Development, Data Science",Advanced,practical
STU04090,"Artificial Intelligence, Software Development",Advanced,Visual
STU04091,"Machine Learning, Cybersecurity",Advanced,practical
STU04092,Cloud Computing,Beginner,practical
STU04093,"Deep Learning, Artificial Intelligence, Python",Beginner,Visual
STU04094,"Data Science, Machine Learning, Python",Beginner,practical
STU04095,Data Analytics,Advanced,practical
STU04096,"DevOps, Python, Data Science",Advanced,Reading
STU04097,"Deep Learning, SQL, DevOps",Advanced,Visual
STU04098,"Python, Deep Learning, Data Science",Beginner,practical
STU04099,"Deep Learning, Cloud Computing, Machine Learning",Intermediate,Visual
STU04100,"Software Development, Data Analytics",Beginner,practical
STU04101,Machine Learning,Advanced,Reading
STU04102,Software Development,Advanced,Reading
STU04103,"Machine Learning, Data Science",Intermediate,Reading
STU04104,"Machine Learning, Python, Cybersecurity",Intermediate,practical
STU04105,Cybersecurity,Beginner,Visual
STU04106,"Python, Cybersecurity, DevOps",Intermediate,practical
STU04107,"Artificial Intelligence, Data Analytics",Advanced,Visual
STU04108,"SQL, Machine Learning",Intermediate,practical
STU04109,"Data Science, Machine Learning",Intermediate,Visual
STU04110,"SQL, Data Science",Advanced,Reading
STU04111,"SQL, DevOps, Software Development",Advanced,Reading
STU04112,Deep Learning,Beginner,practical
STU04113,"Python, DevOps",Advanced,Visual
STU04114,"SQL, Data Science",Advanced,Visual
STU04115,Cloud Computing,Intermediate,Visual
STU04116,"Python, DevOps, Data Science",Intermediate,Visual
STU04117,"Data Science, Cloud Computing, Python",Beginner,Visual
STU04118,Web Development,Advanced,practical
STU04119,Python,Beginner,Visual
STU04120,SQL,Advanced,Visual
STU04121,Machine Learning,Beginner,Visual
STU04122,Data Analytics,Advanced,Visual
STU04123,"Cybersecurity, SQL, Data Science",Advanced,practical
STU04124,Artificial Intelligence,Intermediate,Reading
STU04125,"Cybersecurity, Web Development, Machine Learning",Advanced,practical
STU04126,"Data Analytics, DevOps",Advanced,Visual
STU04127,Cloud Computing,Advanced,Visual
STU04128,Web Development,Beginner,practical
STU04129,Cloud Computing,Beginner,Reading
STU04130,"Artificial Intelligence, SQL",Intermediate,Visual
STU04131,"SQL, Machine Learning, Cloud Computing",Intermediate,Reading
STU04132,Python,Beginner,Reading
STU04133,"Deep Learning, Artificial Intelligence, SQL",Intermediate,Visual
STU04134,"Software Development, Data Analytics, DevOps",Advanced,Visual
STU04135,"Data Science, Artificial Intelligence, DevOps",Beginner,Visual
STU04136,"Data Analytics, Cloud Computing, Web Development",Advanced,Visual
STU04137,Deep Learning,Advanced,Reading
STU04138,Cloud Computing,Beginner,Reading
STU04139,"Web Development, Machine Learning",Intermediate,Visual
STU04140,"Data Analytics, Python",Advanced,Visual
STU04141,Python,Beginner,Visual
STU04142,Cybersecurity,Intermediate,Visual
STU04143,"Cloud Computing, Data Analytics",Intermediate,practical
STU04144,"Artificial Intelligence, Python",Beginner,practical
STU04145,Python,Intermediate,practical
STU04146,"Artificial Intelligence, Data Science",Advanced,Reading
STU04147,DevOps,Advanced,Visual
STU04148,Web Development,Beginner,practical
STU04149,"SQL, Cloud Computing",Beginner,practical
STU04150,"Artificial Intelligence, Deep Learning, Cybersecurity",Advanced,Visual
STU04151,Software Development,Intermediate,Visual
STU04152,"SQL, Cybersecurity, Software Development",Advanced,Visual
STU04153,Cloud Computing,Beginner,Visual
STU04154,"Software Development, Artificial Intelligence",Intermediate,Reading
STU04155,"Data Analytics, Web Development",Intermediate,Visual
STU04156,Cloud Computing,Intermediate,Reading
STU04157,Data Analytics,Beginner,practical
STU04158,Web Development,Advanced,Reading
STU04159,"DevOps, Web Development, Artificial Intelligence",Advanced,practical
STU04160,"Web Development, Deep Learning, Data Science",Intermediate,Reading
STU04161,"Data Science, Cybersecurity, Data Analytics",Advanced,Reading
STU04162,Data Analytics,Advanced,Reading
STU04163,Web Development,Beginner,Visual
STU04164,Machine Learning,Intermediate,practical
STU04165,Artificial Intelligence,Beginner,Visual
STU04166,Machine Learning,Beginner,practical
STU04167,Software Development,Advanced,practical
STU04168,Data Science,Beginner,practical
STU04169,"Machine Learning, DevOps, Data Analytics",Advanced,Visual
STU04170,Web Development,Intermediate,Reading
STU04171,"DevOps, Software Development, Python",Advanced,Visual
STU04172,"Python, Cloud Computing",Advanced,Reading
STU04173,"SQL, Artificial Intelligence",Beginner,Reading
STU04174,Cybersecurity,Advanced,practical
STU04175,"Artificial Intelligence, Data Science",Beginner,practical
STU04176,Python,Beginner,Reading
STU04177,SQL,Beginner,Reading
STU04178,SQL,Beginner,practical
STU04179,"Data Science, Web Development, Deep Learning",Intermediate,Reading
STU04180,"Deep Learning, Data Science",Beginner,Reading
STU04181,"Artificial Intelligence, Software Development, Data Analytics",Intermediate,Reading
STU04182,Machine Learning,Intermediate,Visual
STU04183,Cloud Computing,Advanced,Reading
STU04184,"Data Analytics, Deep Learning, Machine Learning",Intermediate,Reading
STU04185,"SQL, Cybersecurity, Web Development",Beginner,Visual
STU04186,"Machine Learning, Deep Learning",Beginner,practical
STU04187,Machine Learning,Intermediate,Visual
STU04188,"Web Development, Machine Learning",Beginner,Reading
STU04189,"Cybersecurity, Artificial Intelligence, Data Science",Beginner,Reading
STU04190,"SQL, Deep Learning, Artificial Intelligence",Beginner,Visual
STU04191,"Machine Learning, Web Development",Beginner,practical
STU04192,"Artificial Intelligence, Data Science",Intermediate,practical
STU04193,"Artificial Intelligence, Machine Learning, Software Development",Beginner,Visual
STU04194,"Python, Cybersecurity, Software Development",Intermediate,practical
STU04195,"Machine Learning, Data Analytics, DevOps",Intermediate,Reading
STU04196,"Deep Learning, Python, Data Science",Intermediate,Reading
STU04197,"Web Development, Machine Learning, Software Development",Beginner,Reading
STU04198,SQL,Beginner,Reading
STU04199,Web Development,Beginner,practical
STU04200,"Web Development, Data Analytics",Intermediate,Visual
STU04201,Deep Learning,Intermediate,Visual
STU04202,Data Science,Advanced,Visual
STU04203,"Software Development, DevOps",Advanced,Visual
STU04204,"Cloud Computing, Artificial Intelligence",Beginner,Visual
STU04205,"Data Science, Deep Learning, Machine Learning",Intermediate,practical
STU04206,Web Development,Advanced,practical
STU04207,"Data Analytics, Machine Learning, Deep Learning",Beginner,Visual
STU04208,"Artificial Intelligence, Deep Learning",Beginner,practical
STU04209,"Deep Learning, Python",Beginner,Visual
STU04210,Artificial Intelligence,Advanced,Reading
STU04211,Cybersecurity,Advanced,practical
STU04212,"Cybersecurity, Artificial Intelligence",Beginner,practical
STU04213,"Web Development, Software Development, Data Science",Intermediate,Reading
STU04214,Artificial Intelligence,Beginner,Reading
STU04215,"Software Development, Data Science, DevOps",Advanced,practical
STU04216,Machine Learning,Advanced,practical
STU04217,"Machine Learning, Python, Data Science",Intermediate,Reading
STU04218,"Cloud Computing, Python, SQL",Beginner,Reading
STU04219,SQL,Advanced,Visual
STU04220,Artificial Intelligence,Intermediate,Reading
STU04221,Cybersecurity,Intermediate,practical
STU04222,SQL,Advanced,Visual
STU04223,"Web Development, Software Development",Beginner,practical
STU04224,Cybersecurity,Beginner,practical
STU04225,"SQL, Cybersecurity, Machine Learning",Beginner,Visual
STU04226,"DevOps, Software Development",Intermediate,Reading
STU04227,"Python, Cybersecurity, Artificial Intelligence",Advanced,Visual
STU04228,Data Analytics,Advanced,practical
STU04229,"SQL, Data Science",Intermediate,Visual
STU04230,Machine Learning,Intermediate,Reading
STU04231,"Software Development, Web Development",Beginner,Visual
STU04232,Cloud Computing,Beginner,Reading
STU04233,"Cloud Computing, Deep Learning, Python",Intermediate,Reading
STU04234,"Data Analytics, SQL, Web Development",Beginner,Visual
STU04235,Machine Learning,Intermediate,Reading
STU04236,"Cloud Computing, Cybersecurity",Advanced,Visual
STU04237,"Machine Learning, Cloud Computing",Beginner,Reading
STU04238,"SQL, Cloud Computing, Artificial Intelligence",Advanced,Reading
STU04239,"Data Science, Web Development",Intermediate,Visual
STU04240,"Data Analytics, DevOps",Beginner,Reading
STU04241,Data Analytics,Advanced,Visual
STU04242,"Data Science, Deep Learning",Advanced,practical
STU04243,SQL,Beginner,Visual
STU04244,"Data Science, SQL",Intermediate,Reading
STU04245,"Software Development, Data Analytics",Beginner,Reading
STU04246,"Deep Learning, Artificial Intelligence, Web Development",Intermediate,Visual
STU04247,Python,Beginner,Reading
STU04248,"Artificial Intelligence, Cloud Computing, Python",Beginner,Reading
STU04249,DevOps,Intermediate,Visual
STU04250,"Data Science, Cloud Computing",Beginner,Visual
STU04251,"Cybersecurity, SQL, DevOps",Intermediate,Reading
STU04252,"Deep Learning, Cybersecurity",Beginner,Visual
STU04253,Artificial Intelligence,Beginner,practical
STU04254,"Data Analytics, Artificial Intelligence, Python",Beginner,Visual
STU04255,Artificial Intelligence,Beginner,practical
STU04256,"Deep Learning, Data Science",Advanced,practical
STU04257,Cloud Computing,Intermediate,practical
STU04258,"Data Science, SQL",Intermediate,Reading
STU04259,Artificial Intelligence,Beginner,practical
STU04260,"Python, Web Development, Artificial Intelligence",Advanced,Reading
STU04261,Artificial Intelligence,Intermediate,Visual
STU04262,Python,Intermediate,Reading
STU04263,"DevOps, Data Science",Advanced,Reading
STU04264,"Artificial Intelligence, Machine Learning",Advanced,Visual
STU04265,"Cloud Computing, Python",Advanced,Reading
STU04266,Data Science,Beginner,practical
STU04267,Cloud Computing,Intermediate,Reading
STU04268,"Software Development, Python",Beginner,Visual
STU04269,"Artificial Intelligence, SQL, DevOps",Beginner,Visual
STU04270,"Cybersecurity, Data Analytics",Advanced,Visual
STU04271,Python,Beginner,practical
STU04272,"Cybersecurity, Data Analytics",Intermediate,practical
STU04273,"Machine Learning, Python, Deep Learning",Intermediate,practical
STU04274,SQL,Beginner,Visual
STU04275,Web Development,Beginner,Visual
STU04276,Deep Learning,Intermediate,Reading
STU04277,"Data Analytics, Deep Learning",Advanced,practical
STU04278,"Machine Learning, DevOps, Web Development",Beginner,practical
STU04279,Cloud Computing,Beginner,practical
STU04280,"Deep Learning, Artificial Intelligence",Intermediate,Visual
STU04281,DevOps,Beginner,Reading
STU04282,"Machine Learning, Data Analytics",Beginner,Visual
STU04283,Software Development,Intermediate,Reading
STU04284,Machine Learning,Beginner,Reading
STU04285,"Cloud Computing, Data Analytics, Cybersecurity",Advanced,Reading
STU04286,Cybersecurity,Beginner,Reading
STU04287,"Data Analytics, Data Science, Python",Advanced,Reading
STU04288,"Web Development, Python, Machine Learning",Beginner,Visual
STU04289,SQL,Intermediate,Visual
STU04290,"Data Science, Artificial Intelligence",Intermediate,Visual
STU04291,"Deep Learning, Web Development",Advanced,Reading
STU04292,"Data Science, Deep Learning, Software Development",Beginner,Visual
STU04293,"DevOps, Data Analytics, Machine Learning",Beginner,Visual
STU04294,SQL,Advanced,practical
STU04295,Cloud Computing,Intermediate,practical
STU04296,"Cybersecurity, Data Science",Intermediate,Visual
STU04297,"Cloud Computing, Machine Learning, DevOps",Intermediate,Reading
STU04298,DevOps,Advanced,Visual
STU04299,"Machine Learning, Data Analytics",Advanced,Visual
STU04300,"Web Development, Data Analytics, DevOps",Advanced,practical
STU04301,"Software Development, Artificial Intelligence, Cloud Computing",Intermediate,Visual
STU04302,"Data Science, Deep Learning",Intermediate,Visual
STU04303,"Cloud Computing, DevOps, Data Science",Intermediate,practical
STU04304,"Software Development, Cybersecurity",Intermediate,Visual
STU04305,Cloud Computing,Beginner,Visual
STU04306,"SQL, Data Science, Deep Learning",Intermediate,Visual
STU04307,"Artificial Intelligence, Cybersecurity, Web Development",Beginner,Reading
STU04308,"Machine Learning, Cloud Computing",Intermediate,practical
STU04309,"Machine Learning, Data Science",Intermediate,practical
STU04310,"Artificial Intelligence, SQL, Deep Learning",Beginner,Visual
STU04311,Data Analytics,Advanced,practical
STU04312,Software Development,Beginner,Visual
STU04313,"Cloud Computing, Cybersecurity, Machine Learning",Intermediate,Reading
STU04314,Machine Learning,Beginner,practical
STU04315,Data Analytics,Advanced,practical
STU04316,"Data Science, Web Development, Python",Intermediate,practical
STU04317,"Python, Data Science, Software Development",Intermediate,Reading
STU04318,"Data Science, Data Analytics, Cybersecurity",Intermediate,Visual
STU04319,Software Development,Intermediate,Visual
STU04320,Cybersecurity,Advanced,practical
STU04321,Deep Learning,Advanced,practical
STU04322,"Machine Learning, Cybersecurity",Beginner,practical
STU04323,"Data Science, Web Development",Beginner,Visual
STU04324,"Data Science, Data Analytics",Beginner,Visual
STU04325,Data Science,Beginner,Reading
STU04326,"SQL, Artificial Intelligence, Machine Learning",Beginner,Reading
STU04327,"Artificial Intelligence, Data Science, DevOps",Advanced,Visual
STU04328,Artificial Intelligence,Advanced,practical
STU04329,"Deep Learning, Software Development",Intermediate,Reading
STU04330,"Data Science, Deep Learning, Software Development",Beginner,Visual
STU04331,Cybersecurity,Intermediate,Reading
STU04332,Software Development,Intermediate,practical
STU04333,Data Science,Beginner,Visual
STU04334,"Software Development, Data Analytics, Deep Learning",Advanced,Reading
STU04335,Machine Learning,Intermediate,practical
STU04336,"Machine Learning, Python, Artificial Intelligence",Advanced,Visual
STU04337,Data Analytics,Beginner,practical
STU04338,"Software Development, Data Analytics, Data Science",Intermediate,practical
STU04339,"Data Analytics, Software Development",Advanced,Reading
STU04340,"Data Science, Cloud Computing",Beginner,Reading
STU04341,"Data Analytics, Machine Learning, Software Development",Advanced,practical
STU04342,"Data Science, DevOps, Cloud Computing",Intermediate,Reading
STU04343,"Cloud Computing, DevOps, Machine Learning",Advanced,Visual
STU04344,Machine Learning,Beginner,Reading
STU04345,"Cybersecurity, Data Science, Software Development",Intermediate,Reading
STU04346,Web Development,Intermediate,Reading
STU04347,"Python, Cloud Computing",Intermediate,practical
STU04348,Artificial Intelligence,Advanced,Visual
STU04349,"Web Development, Cybersecurity",Intermediate,Visual
STU04350,Cloud Computing,Intermediate,practical
STU04351,Artificial Intelligence,Advanced,Reading
STU04352,"Data Analytics, Deep Learning, Artificial Intelligence",Advanced,Visual
STU04353,"Deep Learning, Machine Learning, Artificial Intelligence",Advanced,practical
STU04354,"SQL, Data Science",Advanced,practical
STU04355,"Data Science, Machine Learning, Artificial Intelligence",Intermediate,practical
STU04356,DevOps,Advanced,practical
STU04357,Data Science,Beginner,practical
STU04358,Artificial Intelligence,Advanced,Visual
STU04359,"Data Science, DevOps, Data Analytics",Beginner,Reading
STU04360,"Software Development, Web Development",Advanced,practical
STU04361,"Python, Deep Learning",Intermediate,Reading
STU04362,"Python, Data Analytics, Artificial Intelligence",Advanced,Visual
STU04363,"Cybersecurity, Cloud Computing",Intermediate,Reading
STU04364,"Data Science, Web Development, Software Development",Intermediate,Visual
STU04365,Deep Learning,Advanced,Visual
STU04366,DevOps,Beginner,Reading
STU04367,"Cybersecurity, Software Development",Intermediate,Reading
STU04368,"Cloud Computing, Machine Learning, Deep Learning",Advanced,Reading
STU04369,Cloud Computing,Advanced,Visual
STU04370,"Machine Learning, Python",Beginner,Reading
STU04371,"Deep Learning, Cloud Computing",Advanced,practical
STU04372,SQL,Beginner,Reading
STU04373,"SQL, Data Science",Beginner,Visual
STU04374,"Deep Learning, Machine Learning, Software Development",Beginner,practical
STU04375,"DevOps, Cloud Computing",Beginner,Visual
STU04376,Cybersecurity,Advanced,Visual
STU04377,"Data Analytics, Cloud Computing",Advanced,Reading
STU04378,"Cybersecurity, Deep Learning",Beginner,Reading
STU04379,"Data Science, Python, SQL",Advanced,Reading
STU04380,Deep Learning,Intermediate,Reading
STU04381,"DevOps, Artificial Intelligence",Beginner,Reading
STU04382,Python,Beginner,Reading
STU04383,Artificial Intelligence,Intermediate,Visual
STU04384,SQL,Advanced,practical
STU04385,"Python, Web Development, DevOps",Advanced,Reading
STU04386,Data Science,Advanced,Reading
STU04387,Cloud Computing,Intermediate,Visual
STU04388,Python,Beginner,practical
STU04389,"Data Analytics, Machine Learning",Intermediate,Visual
STU04390,"Web Development, Data Science, DevOps",Advanced,Reading
STU04391,Artificial Intelligence,Beginner,Reading
STU04392,"DevOps, Web Development",Advanced,Visual
STU04393,"Web Development, Python",Beginner,Visual
STU04394,"Data Analytics, Cloud Computing, Deep Learning",Advanced,Visual
STU04395,"DevOps, Data Analytics",Advanced,Visual
STU04396,DevOps,Beginner,Visual
STU04397,"Software Development, Data Science, Cloud Computing",Beginner,Reading
STU04398,Artificial Intelligence,Intermediate,Visual
STU04399,"Machine Learning, Artificial Intelligence, Python",Advanced,Visual
STU04400,"Cybersecurity, Python",Intermediate,practical
STU04401,"Data Science, Software Development",Beginner,Reading
STU04402,DevOps,Beginner,practical
STU04403,Cloud Computing,Advanced,practical
STU04404,Data Analytics,Beginner,Reading
STU04405,Software Development,Beginner,Reading
STU04406,"Data Analytics, Cloud Computing, Data Science",Advanced,Reading
STU04407,DevOps,Advanced,Reading
STU04408,"Cybersecurity, Python",Intermediate,Visual
STU04409,"Cloud Computing, Deep Learning",Beginner,practical
STU04410,"Cloud Computing, Data Science, Software Development",Intermediate,Visual
STU04411,"Data Science, Cybersecurity, Web Development",Intermediate,practical
STU04412,"SQL, Cybersecurity",Beginner,practical
STU04413,Web Development,Beginner,practical
STU04414,"Deep Learning, Web Development, DevOps",Beginner,Visual
STU04415,"Data Analytics, SQL",Beginner,Visual
STU04416,"SQL, Machine Learning",Advanced,Reading
STU04417,"Machine Learning, Cloud Computing, Python",Advanced,Reading
STU04418,"DevOps, Cloud Computing, Deep Learning",Intermediate,Reading
STU04419,"Data Analytics, Python, Cybersecurity",Advanced,Reading
STU04420,Data Analytics,Beginner,Reading
STU04421,"Artificial Intelligence, Cloud Computing, DevOps",Intermediate,Reading
STU04422,"Machine Learning, Cloud Computing",Beginner,Visual
STU04423,"Artificial Intelligence, DevOps, Deep Learning",Beginner,Reading
STU04424,Data Science,Beginner,Reading
STU04425,"Cloud Computing, Web Development, Machine Learning",Beginner,Reading
STU04426,Web Development,Advanced,Reading
STU04427,"Machine Learning, Cybersecurity, Data Science",Beginner,Visual
STU04428,"SQL, Web Development, Deep Learning",Advanced,Visual
STU04429,Web Development,Intermediate,Visual
STU04430,Machine Learning,Beginner,Reading
STU04431,Web Development,Intermediate,Reading
STU04432,"DevOps, Artificial Intelligence",Intermediate,Reading
STU04433,Cybersecurity,Intermediate,practical
STU04434,"Data Science, Machine Learning",Beginner,practical
STU04435,"Python, DevOps",Beginner,Reading
STU04436,Deep Learning,Advanced,practical
STU04437,"Software Development, Python, Cloud Computing",Advanced,Visual
STU04438,Software Development,Advanced,Visual
STU04439,Web Development,Intermediate,practical
STU04440,SQL,Beginner,practical
STU04441,Python,Beginner,Reading
STU04442,"Machine Learning, Deep Learning",Intermediate,Visual
STU04443,"Data Analytics, DevOps, Web Development",Advanced,Reading
STU04444,"Software Development, DevOps",Beginner,practical
STU04445,"SQL, Cybersecurity",Intermediate,Reading
STU04446,Machine Learning,Advanced,practical
STU04447,"Cloud Computing, DevOps, Cybersecurity",Advanced,Visual
STU04448,"Cybersecurity, Cloud Computing",Intermediate,practical
STU04449,"SQL, DevOps",Beginner,Visual
STU04450,"Machine Learning, DevOps, SQL",Beginner,Visual
STU04451,"Cybersecurity, Software Development, Python",Beginner,practical
STU04452,"Deep Learning, Machine Learning",Beginner,Reading
STU04453,"Web Development, Cybersecurity, Machine Learning",Intermediate,practical
STU04454,"SQL, Software Development, Cybersecurity",Beginner,practical
STU04455,DevOps,Intermediate,Visual
STU04456,"Data Science, Machine Learning, Artificial Intelligence",Advanced,practical
STU04457,Machine Learning,Beginner,Visual
STU04458,Cybersecurity,Beginner,Reading
STU04459,"DevOps, Deep Learning",Advanced,Visual
STU04460,"Cloud Computing, Deep Learning, SQL",Beginner,practical
STU04461,"Cloud Computing, SQL",Intermediate,Reading
STU04462,"Deep Learning, Artificial Intelligence, Machine Learning",Intermediate,Reading
STU04463,Cloud Computing,Intermediate,Reading
STU04464,"Machine Learning, Software Development, Deep Learning",Intermediate,Reading
STU04465,Data Analytics,Advanced,Visual
STU04466,Cybersecurity,Beginner,Visual
STU04467,"Artificial Intelligence, Data Analytics",Intermediate,Visual
STU04468,Data Analytics,Beginner,Reading
STU04469,DevOps,Beginner,practical
STU04470,"Cloud Computing, Data Analytics",Beginner,Reading
STU04471,"DevOps, SQL, Software Development",Advanced,practical
STU04472,"Cloud Computing, Artificial Intelligence",Intermediate,practical
STU04473,"Data Analytics, DevOps",Beginner,Visual
STU04474,"Cloud Computing, SQL",Beginner,Visual
STU04475,"Data Science, DevOps",Intermediate,Visual
STU04476,"Cybersecurity, SQL, DevOps",Intermediate,Visual
STU04477,"Cybersecurity, Data Science",Intermediate,Visual
STU04478,Data Science,Beginner,Reading
STU04479,"Cloud Computing, Python",Intermediate,practical
STU04480,Cybersecurity,Advanced,practical
STU04481,"Artificial Intelligence, Data Analytics",Intermediate,practical
STU04482,"Cybersecurity, Web Development",Beginner,Reading
STU04483,Software Development,Intermediate,practical
STU04484,Data Science,Intermediate,Reading
STU04485,"SQL, Data Science",Intermediate,practical
STU04486,"Machine Learning, Cloud Computing, Data Analytics",Intermediate,Reading
STU04487,Artificial Intelligence,Advanced,Visual
STU04488,"SQL, Web Development",Beginner,Reading
STU04489,"Deep Learning, Cybersecurity, Artificial Intelligence",Intermediate,Visual
STU04490,"Artificial Intelligence, Cybersecurity, Data Analytics",Intermediate,practical
STU04491,Data Science,Beginner,Visual
STU04492,"Artificial Intelligence, Machine Learning",Advanced,Reading
STU04493,Software Development,Intermediate,practical
STU04494,Cloud Computing,Advanced,Visual
STU04495,"Web Development, DevOps, Artificial Intelligence",Intermediate,practical
STU04496,"Cybersecurity, Data Science",Intermediate,Reading
STU04497,Artificial Intelligence,Beginner,practical
STU04498,Cloud Computing,Intermediate,Reading
STU04499,SQL,Beginner,Visual
STU04500,"Data Analytics, Web Development, Artificial Intelligence",Beginner,Reading
STU04501,"Software Development, Cloud Computing",Beginner,practical
STU04502,"Python, Data Analytics",Advanced,Reading
STU04503,"Python, Artificial Intelligence",Intermediate,Visual
STU04504,Artificial Intelligence,Intermediate,Visual
STU04505,Data Science,Advanced,Visual
STU04506,"Web Development, Artificial Intelligence, Data Analytics",Beginner,practical
STU04507,Artificial Intelligence,Advanced,Reading
STU04508,"DevOps, Python, Cybersecurity",Advanced,Reading
STU04509,"Artificial Intelligence, Web Development, Deep Learning",Advanced,practical
STU04510,Web Development,Intermediate,Visual
STU04511,"Data Analytics, Data Science, Cybersecurity",Advanced,Visual
STU04512,Data Science,Advanced,practical
STU04513,"DevOps, Cloud Computing",Intermediate,Reading
STU04514,Python,Beginner,practical
STU04515,Machine Learning,Intermediate,practical
STU04516,"Data Science, Python",Advanced,Reading
STU04517,"Python, DevOps, Deep Learning",Beginner,Reading
STU04518,"Machine Learning, Data Analytics",Beginner,Reading
STU04519,"SQL, Machine Learning, Data Science",Advanced,practical
STU04520,SQL,Beginner,practical
STU04521,"Cybersecurity, Software Development",Intermediate,Reading
STU04522,Deep Learning,Advanced,Reading
STU04523,DevOps,Beginner,Reading
STU04524,Web Development,Advanced,practical
STU04525,"Deep Learning, Data Analytics, Web Development",Beginner,Visual
STU04526,"SQL, Web Development, Machine Learning",Beginner,Reading
STU04527,"Deep Learning, Data Science, Cloud Computing",Beginner,Visual
STU04528,Cybersecurity,Beginner,Reading
STU04529,"Cloud Computing, Software Development, Cybersecurity",Advanced,Reading
STU04530,"Web Development, SQL, Machine Learning",Beginner,practical
STU04531,"Web Development, Data Science",Beginner,practical
STU04532,"Data Analytics, SQL, Artificial Intelligence",Beginner,practical
STU04533,"Software Development, Data Science",Beginner,practical
STU04534,Cybersecurity,Beginner,practical
STU04535,"Cybersecurity, Software Development",Beginner,Reading
STU04536,"Cybersecurity, Deep Learning",Advanced,Reading
STU04537,"Cloud Computing, Data Analytics",Intermediate,practical
STU04538,"Cybersecurity, DevOps",Intermediate,Visual
STU04539,"Data Science, Python",Intermediate,practical
STU04540,SQL,Intermediate,Reading
STU04541,Artificial Intelligence,Intermediate,Reading
STU04542,"Machine Learning, Web Development",Beginner,Visual
STU04543,SQL,Advanced,Visual
STU04544,"DevOps, SQL",Beginner,Reading
STU04545,Deep Learning,Advanced,practical
STU04546,DevOps,Intermediate,practical
STU04547,"Machine Learning, Cybersecurity, Deep Learning",Advanced,Reading
STU04548,"Data Analytics, DevOps",Advanced,Visual
STU04549,"Cybersecurity, Software Development",Advanced,Reading
STU04550,"Python, Deep Learning",Advanced,Visual
STU04551,Python,Beginner,practical
STU04552,"DevOps, Machine Learning",Beginner,Visual
STU04553,"Cybersecurity, SQL, Python",Intermediate,practical
STU04554,Web Development,Advanced,Reading
STU04555,"Software Development, Data Analytics, Web Development",Beginner,Visual
STU04556,"Web Development, Data Science",Advanced,practical
STU04557,"Cybersecurity, Cloud Computing, Data Science",Advanced,practical
STU04558,Software Development,Advanced,Visual
STU04559,"Cybersecurity, Data Science, Web Development",Beginner,Visual
STU04560,SQL,Beginner,Visual
STU04561,Cybersecurity,Intermediate,Reading
STU04562,"Cybersecurity, Python, Web Development",Beginner,Reading
STU04563,Python,Intermediate,Reading
STU04564,"Cloud Computing, Machine Learning, Data Analytics",Beginner,practical
STU04565,"Web Development, SQL, Deep Learning",Intermediate,Visual
STU04566,Machine Learning,Beginner,practical
STU04567,SQL,Intermediate,Reading
STU04568,"Web Development, Machine Learning",Intermediate,practical
STU04569,"Web Development, Python",Intermediate,practical
STU04570,"Machine Learning, SQL",Beginner,practical
STU04571,SQL,Advanced,Visual
STU04572,"Data Science, Python, Software Development",Intermediate,practical
STU04573,"Python, Cloud Computing",Beginner,Visual
STU04574,SQL,Advanced,practical
STU04575,"Web Development, Machine Learning",Advanced,Visual
STU04576,"Web Development, Machine Learning",Intermediate,Visual
STU04577,Machine Learning,Intermediate,practical
STU04578,"Machine Learning, Data Science",Intermediate,Visual
STU04579,"Artificial Intelligence, Data Analytics, Web Development",Advanced,Reading
STU04580,"Machine Learning, Artificial Intelligence",Beginner,Reading
STU04581,"Data Analytics, Data Science, Software Development",Intermediate,Visual
STU04582,"Cloud Computing, Data Science",Beginner,Visual
STU04583,"Cybersecurity, Python, Deep Learning",Advanced,Visual
STU04584,Cybersecurity,Intermediate,Visual
STU04585,Artificial Intelligence,Intermediate,practical
STU04586,"SQL, Machine Learning",Beginner,practical
STU04587,"Python, Web Development",Intermediate,Visual
STU04588,"SQL, Software Development",Beginner,Reading
STU04589,Python,Advanced,Reading
STU04590,Data Science,Beginner,Visual
STU04591,"Artificial Intelligence, Data Science, Python",Intermediate,Reading
STU04592,"Cybersecurity, SQL, Data Science",Beginner,practical
STU04593,"Web Development, Cloud Computing, Cybersecurity",Advanced,practical
STU04594,"Artificial Intelligence, Data Science, Software Development",Beginner,Visual
STU04595,"Machine Learning, Deep Learning, DevOps",Beginner,practical
STU04596,"Cloud Computing, SQL",Intermediate,practical
STU04597,"Cybersecurity, Deep Learning",Beginner,Reading
STU04598,Python,Advanced,Reading
STU04599,Machine Learning,Intermediate,practical
STU04600,"Data Analytics, Deep Learning",Intermediate,Reading
STU04601,Python,Beginner,Reading
STU04602,Data Analytics,Intermediate,Reading
STU04603,"Web Development, Python, DevOps",Beginner,Visual
STU04604,"Deep Learning, Cloud Computing, SQL",Beginner,practical
STU04605,Python,Beginner,Visual
STU04606,"Cloud Computing, Cybersecurity, Artificial Intelligence",Advanced,Reading
STU04607,"Machine Learning, Cloud Computing, Python",Beginner,Reading
STU04608,"Machine Learning, Cloud Computing, Python",Advanced,Visual
STU04609,Data Analytics,Intermediate,Reading
STU04610,"SQL, Data Science, Artificial Intelligence",Beginner,practical
STU04611,"Data Science, DevOps",Beginner,Visual
STU04612,Data Analytics,Beginner,Visual
STU04613,"DevOps, Data Science, Deep Learning",Beginner,Visual
STU04614,"Artificial Intelligence, Web Development",Advanced,Reading
STU04615,"Python, Machine Learning",Advanced,Reading
STU04616,DevOps,Intermediate,practical
STU04617,"Data Analytics, Cybersecurity",Intermediate,Visual
STU04618,"Cybersecurity, Machine Learning",Advanced,Reading
STU04619,"Machine Learning, Cybersecurity, Data Science",Advanced,Visual
STU04620,"Cloud Computing, Cybersecurity",Beginner,Visual
STU04621,Cybersecurity,Advanced,Visual
STU04622,DevOps,Intermediate,Reading
STU04623,"DevOps, Cybersecurity",Intermediate,Reading
STU04624,"DevOps, SQL",Beginner,Visual
STU04625,Data Science,Advanced,practical
STU04626,"Data Science, Data Analytics, Web Development",Intermediate,Visual
STU04627,"Cybersecurity, Web Development, Python",Advanced,Reading
STU04628,SQL,Intermediate,practical
STU04629,"SQL, Artificial Intelligence, DevOps",Beginner,Reading
STU04630,"Python, Web Development, Data Analytics",Intermediate,Reading
STU04631,"Web Development, Python, Machine Learning",Beginner,Reading
STU04632,Data Analytics,Advanced,Visual
STU04633,Machine Learning,Beginner,practical
STU04634,Cloud Computing,Advanced,practical
STU04635,DevOps,Intermediate,Reading
STU04636,Data Analytics,Intermediate,Reading
STU04637,Software Development,Intermediate,Reading
STU04638,SQL,Beginner,Visual
STU04639,"Web Development, DevOps, Deep Learning",Intermediate,practical
STU04640,Software Development,Beginner,practical
STU04641,Python,Intermediate,practical
STU04642,"Cybersecurity, Python, DevOps",Beginner,practical
STU04643,"Python, Web Development, Software Development",Advanced,Reading
STU04644,"Data Analytics, Deep Learning, Web Development",Advanced,Visual
STU04645,"Cloud Computing, Deep Learning, Python",Intermediate,Visual
STU04646,"Deep Learning, DevOps",Advanced,Visual
STU04647,Machine Learning,Intermediate,Visual
STU04648,"Artificial Intelligence, Cybersecurity",Intermediate,Visual
STU04649,"Machine Learning, Data Analytics",Advanced,practical
STU04650,"Data Analytics, Web Development",Beginner,Reading
STU04651,"DevOps, Artificial Intelligence, Cybersecurity",Intermediate,Reading
STU04652,Machine Learning,Intermediate,Reading
STU04653,"SQL, Artificial Intelligence, DevOps",Beginner,Visual
STU04654,Cloud Computing,Intermediate,practical
STU04655,"Data Analytics, Data Science, SQL",Advanced,Visual
STU04656,"SQL, Python",Intermediate,Reading
STU04657,"Web Development, Cybersecurity",Advanced,Reading
STU04658,"Web Development, Software Development",Intermediate,practical
STU04659,"Machine Learning, Data Science, Web Development",Beginner,Visual
STU04660,"Software Development, Data Analytics",Beginner,Reading
STU04661,"Cloud Computing, Software Development",Advanced,Reading
STU04662,"Web Development, Cybersecurity, DevOps",Beginner,Reading
STU04663,"Cybersecurity, DevOps, Artificial Intelligence",Advanced,Reading
STU04664,"SQL, Software Development, Artificial Intelligence",Advanced,Reading
STU04665,"Web Development, Machine Learning, Data Analytics",Beginner,Reading
STU04666,"Web Development, Software Development, DevOps",Intermediate,Reading
STU04667,"DevOps, Python, Cybersecurity",Advanced,Reading
STU04668,"Data Analytics, Data Science",Intermediate,Visual
STU04669,"Artificial Intelligence, Web Development, Deep Learning",Intermediate,practical
STU04670,"Machine Learning, Data Analytics",Beginner,Visual
STU04671,"Python, Artificial Intelligence",Beginner,Reading
STU04672,"Cloud Computing, SQL, DevOps",Intermediate,Visual
STU04673,Cloud Computing,Intermediate,Reading
STU04674,"Deep Learning, Software Development, Cybersecurity",Beginner,Reading
STU04675,Software Development,Beginner,practical
STU04676,"Data Analytics, Machine Learning",Advanced,practical
STU04677,"Cybersecurity, Machine Learning",Advanced,practical
STU04678,Cloud Computing,Intermediate,Visual
STU04679,"Deep Learning, Machine Learning, Cloud Computing",Beginner,Reading
STU04680,Artificial Intelligence,Intermediate,Reading
STU04681,Web Development,Advanced,Visual
STU04682,"SQL, Web Development, Artificial Intelligence",Intermediate,Reading
STU04683,"Python, Cybersecurity",Advanced,Visual
STU04684,DevOps,Advanced,Reading
STU04685,Data Science,Intermediate,practical
STU04686,"DevOps, Machine Learning",Intermediate,Reading
STU04687,"DevOps, Data Analytics, Artificial Intelligence",Beginner,practical
STU04688,"Data Analytics, SQL",Beginner,Reading
STU04689,"Data Analytics, SQL",Advanced,Reading
STU04690,"Cybersecurity, DevOps",Beginner,practical
STU04691,"Machine Learning, Cybersecurity",Beginner,Visual
STU04692,"SQL, Software Development, Data Science",Beginner,Visual
STU04693,"Software Development, Data Analytics",Intermediate,Reading
STU04694,"Python, Data Science, Web Development",Advanced,Reading
STU04695,DevOps,Beginner,practical
STU04696,Python,Intermediate,practical
STU04697,"SQL, Artificial Intelligence",Intermediate,practical
STU04698,Python,Beginner,Reading
STU04699,"Data Analytics, Python",Beginner,Visual
STU04700,"Python, Artificial Intelligence, SQL",Advanced,Visual
STU04701,"Cybersecurity, Data Analytics, SQL",Beginner,practical
STU04702,Cybersecurity,Intermediate,Reading
STU04703,"Cybersecurity, DevOps",Beginner,Visual
STU04704,"Data Analytics, Deep Learning",Advanced,Visual
STU04705,"Data Analytics, Data Science, Python",Beginner,Visual
STU04706,Data Analytics,Advanced,Reading
STU04707,"Python, Cybersecurity, SQL",Advanced,Visual
STU04708,"Software Development, Cybersecurity, Data Analytics",Intermediate,practical
STU04709,"Deep Learning, Data Analytics",Intermediate,Visual
STU04710,"Software Development, Data Analytics, Data Science",Intermediate,practical
STU04711,"Deep Learning, Data Science, Cybersecurity",Intermediate,Visual
STU04712,"Software Development, Machine Learning",Beginner,practical
STU04713,"Python, Data Analytics, Cybersecurity",Beginner,practical
STU04714,SQL,Advanced,Visual
STU04715,"Deep Learning, Machine Learning, Web Development",Advanced,Reading
STU04716,"Deep Learning, Web Development, Cloud Computing",Beginner,Visual
STU04717,"DevOps, Web Development",Beginner,Visual
STU04718,DevOps,Advanced,practical
STU04719,"Cloud Computing, Deep Learning, DevOps",Intermediate,Reading
STU04720,"Machine Learning, Python, Cloud Computing",Advanced,Visual
STU04721,"Data Analytics, Python",Beginner,Reading
STU04722,"Deep Learning, Cybersecurity, Data Science",Advanced,Reading
STU04723,Deep Learning,Advanced,Visual
STU04724,"Data Science, Machine Learning",Intermediate,Visual
STU04725,Web Development,Beginner,practical
STU04726,"Data Science, Web Development",Advanced,Visual
STU04727,"Python, SQL, Deep Learning",Beginner,practical
STU04728,Data Analytics,Advanced,Visual
STU04729,Cloud Computing,Beginner,Reading
STU04730,"Artificial Intelligence, DevOps",Beginner,practical
STU04731,SQL,Intermediate,Visual
STU04732,"Python, Artificial Intelligence, Software Development",Beginner,Visual
STU04733,"Machine Learning, Data Analytics",Advanced,Visual
STU04734,Web Development,Intermediate,Reading
STU04735,DevOps,Beginner,Reading
STU04736,Machine Learning,Intermediate,practical
STU04737,"Machine Learning, Cybersecurity, Web Development",Beginner,Visual
STU04738,"Web Development, Cybersecurity, Deep Learning",Advanced,Visual
STU04739,Data Analytics,Beginner,practical
STU04740,"Software Development, Cloud Computing",Beginner,Visual
STU04741,Artificial Intelligence,Advanced,Visual
STU04742,Web Development,Advanced,Reading
STU04743,"DevOps, Web Development",Intermediate,Reading
STU04744,Cloud Computing,Beginner,practical
STU04745,Cybersecurity,Intermediate,practical
STU04746,Artificial Intelligence,Beginner,Reading
STU04747,"Web Development, Deep Learning",Beginner,Visual
STU04748,"Data Science, Python",Beginner,practical
STU04749,"Web Development, Artificial Intelligence, Data Analytics",Intermediate,Visual
STU04750,Data Science,Advanced,practical
STU04751,"DevOps, SQL",Intermediate,Reading
STU04752,"Artificial Intelligence, Data Science, Python",Beginner,practical
STU04753,Cloud Computing,Intermediate,practical
STU04754,Cloud Computing,Intermediate,practical
STU04755,"Machine Learning, Data Analytics, DevOps",Intermediate,Visual
STU04756,Machine Learning,Advanced,Visual
STU04757,Data Analytics,Advanced,practical
STU04758,SQL,Beginner,practical
STU04759,"Artificial Intelligence, Deep Learning",Beginner,practical
STU04760,"Data Science, DevOps",Beginner,Reading
STU04761,"SQL, Machine Learning",Advanced,Visual
STU04762,Artificial Intelligence,Advanced,Visual
STU04763,"DevOps, Machine Learning, Cloud Computing",Intermediate,Visual
STU04764,Artificial Intelligence,Beginner,Visual
STU04765,Data Analytics,Advanced,Reading
STU04766,"Artificial Intelligence, DevOps, Machine Learning",Intermediate,Reading
STU04767,Deep Learning,Intermediate,Reading
STU04768,"Cloud Computing, Deep Learning, Data Science",Beginner,Reading
STU04769,"Python, Artificial Intelligence, DevOps",Intermediate,Visual
STU04770,Cybersecurity,Beginner,Reading
STU04771,DevOps,Advanced,practical
STU04772,"Python, Cybersecurity",Intermediate,Reading
STU04773,"SQL, Cybersecurity",Intermediate,Visual
STU04774,"Data Analytics, SQL",Advanced,Visual
STU04775,SQL,Beginner,Reading
STU04776,"DevOps, Machine Learning, SQL",Beginner,Visual
STU04777,"Machine Learning, Cloud Computing, Software Development",Beginner,Visual
STU04778,"Web Development, Machine Learning",Intermediate,practical
STU04779,"Web Development, SQL",Intermediate,Visual
STU04780,DevOps,Beginner,Reading
STU04781,"Data Science, Machine Learning, SQL",Advanced,Visual
STU04782,"Deep Learning, Machine Learning",Intermediate,Reading
STU04783,"DevOps, Cybersecurity, Deep Learning",Advanced,practical
STU04784,Artificial Intelligence,Advanced,Visual
STU04785,"Web Development, Deep Learning",Beginner,practical
STU04786,"Web Development, Python, Cloud Computing",Advanced,Reading
STU04787,"Web Development, Software Development",Intermediate,Visual
STU04788,Deep Learning,Intermediate,Reading
STU04789,Data Science,Advanced,Reading
STU04790,Deep Learning,Beginner,Visual
STU04791,"Cloud Computing, Data Analytics",Intermediate,Visual
STU04792,"Python, Deep Learning, SQL",Intermediate,practical
STU04793,"Cloud Computing, Cybersecurity",Advanced,practical
STU04794,Web Development,Beginner,Visual
STU04795,"Deep Learning, Web Development, Cybersecurity",Intermediate,Visual
STU04796,"DevOps, Machine Learning",Beginner,Reading
STU04797,"Data Analytics, Machine Learning",Beginner,Visual
STU04798,Artificial Intelligence,Advanced,Reading
STU04799,"Python, Data Analytics",Beginner,Visual
STU04800,"Deep Learning, Software Development",Intermediate,Visual
STU04801,"Python, Cloud Computing",Advanced,practical
STU04802,"Web Development, Machine Learning",Beginner,Visual
STU04803,"Software Development, DevOps",Intermediate,Visual
STU04804,"Python, SQL",Beginner,Reading
STU04805,"Web Development, SQL, Python",Advanced,practical
STU04806,"DevOps, Data Analytics, Deep Learning",Advanced,Visual
STU04807,Web Development,Advanced,practical
STU04808,"Data Science, Cloud Computing, DevOps",Beginner,Reading
STU04809,"Web Development, Machine Learning, DevOps",Advanced,Visual
STU04810,"Web Development, Machine Learning, SQL",Advanced,practical
STU04811,"Data Analytics, Python, Cloud Computing",Advanced,practical
STU04812,"Machine Learning, Deep Learning, Cloud Computing",Advanced,Visual
STU04813,"Web Development, SQL",Advanced,practical
STU04814,Data Science,Advanced,Reading
STU04815,"Cybersecurity, Python",Advanced,Visual
STU04816,"Deep Learning, DevOps",Beginner,Visual
STU04817,"Data Science, Deep Learning, Python",Beginner,Visual
STU04818,"Deep Learning, Python",Beginner,practical
STU04819,SQL,Advanced,Reading
STU04820,"SQL, Cloud Computing",Intermediate,Reading
STU04821,"Software Development, Cloud Computing, DevOps",Intermediate,Reading
STU04822,"Deep Learning, Artificial Intelligence",Intermediate,Reading
STU04823,DevOps,Intermediate,Reading
STU04824,Software Development,Advanced,practical
STU04825,"Cybersecurity, DevOps, Machine Learning",Intermediate,Visual
STU04826,Data Analytics,Intermediate,Reading
STU04827,Data Analytics,Advanced,Visual
STU04828,"Data Analytics, Cloud Computing, Python",Beginner,practical
STU04829,"SQL, Python",Advanced,Reading
STU04830,Data Analytics,Advanced,Reading
STU04831,Web Development,Intermediate,Reading
STU04832,"Deep Learning, SQL",Intermediate,Reading
STU04833,"DevOps, Deep Learning, Web Development",Intermediate,Visual
STU04834,"Machine Learning, Deep Learning, Data Science",Beginner,practical
STU04835,Artificial Intelligence,Beginner,Visual
STU04836,"Python, Cloud Computing",Advanced,Reading
STU04837,Data Analytics,Advanced,Reading
STU04838,"Deep Learning, Machine Learning, Data Science",Advanced,practical
STU04839,"Python, Data Analytics",Intermediate,Visual
STU04840,SQL,Advanced,Reading
STU04841,"Machine Learning, Cloud Computing, Python",Advanced,Visual
STU04842,"Deep Learning, Machine Learning",Intermediate,Visual
STU04843,"Artificial Intelligence, DevOps",Intermediate,practical
STU04844,Web Development,Intermediate,Reading
STU04845,Deep Learning,Beginner,Visual
STU04846,"DevOps, Cybersecurity",Beginner,Reading
STU04847,"SQL, Software Development, Web Development",Beginner,practical
STU04848,"Cybersecurity, Data Science, Web Development",Intermediate,Visual
STU04849,"Cloud Computing, Python",Advanced,Visual
STU04850,"Machine Learning, Cloud Computing, Deep Learning",Beginner,Visual
STU04851,"Python, Software Development",Advanced,Reading
STU04852,"Web Development, Machine Learning, Data Science",Advanced,practical
STU04853,"DevOps, Machine Learning",Advanced,practical
STU04854,Data Science,Beginner,Visual
STU04855,"Deep Learning, Web Development",Advanced,Reading
STU04856,"SQL, DevOps, Cloud Computing",Intermediate,Visual
STU04857,"SQL, Cybersecurity",Advanced,Reading
STU04858,DevOps,Beginner,Reading
STU04859,"Python, Software Development, Machine Learning",Intermediate,Reading
STU04860,"Web Development, Cybersecurity",Intermediate,Visual
STU04861,Cloud Computing,Intermediate,Reading
STU04862,"SQL, Deep Learning, Data Science",Advanced,Visual
STU04863,"Data Analytics, Web Development, Software Development",Intermediate,practical
STU04864,"Cybersecurity, Web Development, Data Science",Beginner,Visual
STU04865,"Cybersecurity, SQL",Intermediate,Reading
STU04866,"Web Development, Python, Artificial Intelligence",Intermediate,Visual
STU04867,"Cybersecurity, Machine Learning, Cloud Computing",Beginner,Reading
STU04868,"Data Analytics, Web Development",Beginner,practical
STU04869,"Web Development, Cybersecurity, Deep Learning",Intermediate,Reading
STU04870,"Machine Learning, Web Development",Advanced,Reading
STU04871,"Python, Cloud Computing",Beginner,Visual
STU04872,"DevOps, Data Analytics, Cloud Computing",Intermediate,Reading
STU04873,"DevOps, Data Science",Advanced,Visual
STU04874,DevOps,Advanced,practical
STU04875,"DevOps, Cloud Computing, SQL",Intermediate,practical
STU04876,"Cloud Computing, Software Development",Advanced,Reading
STU04877,"Web Development, DevOps, Software Development",Advanced,Visual
STU04878,"Deep Learning, Python, DevOps",Beginner,practical
STU04879,DevOps,Beginner,Reading
STU04880,"Artificial Intelligence, Data Science",Beginner,Reading
STU04881,Python,Beginner,practical
STU04882,"Deep Learning, Data Science",Beginner,practical
STU04883,Cloud Computing,Intermediate,Visual
STU04884,"Data Analytics, Cybersecurity, Data Science",Intermediate,Visual
STU04885,Artificial Intelligence,Intermediate,Reading
STU04886,"SQL, Web Development",Beginner,Reading
STU04887,"Data Science, Cloud Computing, Data Analytics",Beginner,Reading
STU04888,"SQL, Web Development",Beginner,practical
STU04889,"Data Science, Artificial Intelligence",Advanced,Reading
STU04890,"Data Science, Artificial Intelligence",Beginner,Visual
STU04891,"Data Analytics, Web Development, Software Development",Beginner,Visual
STU04892,"Python, Software Development, Web Development",Advanced,Visual
STU04893,"Cloud Computing, Software Development",Beginner,Reading
STU04894,"Machine Learning, SQL, Python",Beginner,practical
STU04895,"Python, Machine Learning, DevOps",Beginner,Reading
STU04896,"Python, Web Development",Beginner,practical
STU04897,"Software Development, Data Science",Intermediate,Reading
STU04898,"Data Analytics, Python",Beginner,Visual
STU04899,"Machine Learning, Data Analytics",Beginner,Reading
STU04900,"Software Development, Python, DevOps",Advanced,Reading
STU04901,"Artificial Intelligence, Software Development",Advanced,Visual
STU04902,"Artificial Intelligence, Software Development, Data Analytics",Advanced,Reading
STU04903,"Cybersecurity, Machine Learning",Intermediate,practical
STU04904,"DevOps, Cybersecurity",Beginner,practical
STU04905,"Web Development, Deep Learning, Software Development",Intermediate,Visual
STU04906,"Cloud Computing, Cybersecurity",Beginner,practical
STU04907,"Data Analytics, Cybersecurity",Intermediate,practical
STU04908,"DevOps, SQL, Cybersecurity",Advanced,practical
STU04909,"Machine Learning, Web Development",Intermediate,Visual
STU04910,"Cybersecurity, Web Development",Beginner,practical
STU04911,Software Development,Intermediate,Visual
STU04912,"Python, Web Development, Deep Learning",Intermediate,practical
STU04913,DevOps,Beginner,practical
STU04914,Web Development,Intermediate,practical
STU04915,"Artificial Intelligence, Machine Learning",Advanced,practical
STU04916,"Python, Data Science, Software Development",Advanced,practical
STU04917,"Cybersecurity, Python, Cloud Computing",Intermediate,practical
STU04918,"Deep Learning, Cloud Computing",Advanced,practical
STU04919,"SQL, Machine Learning",Intermediate,Visual
STU04920,"Artificial Intelligence, Machine Learning, Python",Intermediate,practical
STU04921,DevOps,Beginner,Visual
STU04922,"Python, Data Science",Advanced,Visual
STU04923,"Python, Cloud Computing",Intermediate,Reading
STU04924,"Artificial Intelligence, Cloud Computing, Cybersecurity",Advanced,Visual
STU04925,SQL,Advanced,Visual
STU04926,Python,Intermediate,Reading
STU04927,"Cybersecurity, Software Development, Data Science",Intermediate,practical
STU04928,"Web Development, Data Science",Beginner,Visual
STU04929,Cybersecurity,Beginner,Reading
STU04930,"Artificial Intelligence, Cybersecurity",Beginner,practical
STU04931,"SQL, Deep Learning, Machine Learning",Intermediate,practical
STU04932,"Artificial Intelligence, Python",Intermediate,Reading
STU04933,Deep Learning,Intermediate,Reading
STU04934,"Artificial Intelligence, Cloud Computing",Advanced,Visual
STU04935,Cloud Computing,Advanced,Reading
STU04936,"Deep Learning, Python, DevOps",Intermediate,Reading
STU04937,"Cybersecurity, SQL, Data Analytics",Advanced,Visual
STU04938,"Deep Learning, Cybersecurity",Advanced,Visual
STU04939,"SQL, Software Development, DevOps",Advanced,practical
STU04940,Data Science,Beginner,Reading
STU04941,"Deep Learning, Artificial Intelligence",Beginner,practical
STU04942,DevOps,Intermediate,practical
STU04943,"Cloud Computing, Artificial Intelligence",Advanced,practical
STU04944,SQL,Intermediate,Visual
STU04945,"Data Analytics, Web Development, SQL",Intermediate,practical
STU04946,"Python, SQL",Advanced,Reading
STU04947,"Machine Learning, Cybersecurity",Intermediate,practical
STU04948,"Data Science, Machine Learning, DevOps",Beginner,Reading
STU04949,"SQL, Web Development, Data Science",Advanced,practical
STU04950,"Python, Cloud Computing, Deep Learning",Beginner,Reading
STU04951,"Python, Cloud Computing, Data Analytics",Intermediate,Reading
STU04952,Python,Intermediate,Reading
STU04953,"Data Science, DevOps, Data Analytics",Advanced,Reading
STU04954,"Cybersecurity, Data Science",Advanced,Reading
STU04955,Artificial Intelligence,Beginner,Visual
STU04956,"Web Development, SQL, Software Development",Beginner,Reading
STU04957,"Python, Software Development",Beginner,practical
STU04958,Data Science,Beginner,Visual
STU04959,Python,Beginner,Reading
STU04960,"Machine Learning, SQL, Deep Learning",Beginner,Visual
STU04961,"Web Development, Artificial Intelligence",Beginner,practical
STU04962,Python,Intermediate,practical
STU04963,Cybersecurity,Intermediate,Visual
STU04964,"Python, Data Science, SQL",Intermediate,Reading
STU04965,Machine Learning,Beginner,Visual
STU04966,"DevOps, Python, Machine Learning",Intermediate,Reading
STU04967,"Cloud Computing, Deep Learning, Web Development",Beginner,Visual
STU04968,"Data Analytics, SQL, Python",Intermediate,Reading
STU04969,"Web Development, Cybersecurity, DevOps",Beginner,Reading
STU04970,DevOps,Beginner,Visual
STU04971,"Cloud Computing, Data Science",Advanced,practical
STU04972,"Artificial Intelligence, Machine Learning, Software Development",Advanced,Visual
STU04973,"Cybersecurity, Data Science",Advanced,practical
STU04974,Python,Intermediate,Visual
STU04975,"Deep Learning, SQL",Intermediate,Visual
STU04976,Machine Learning,Advanced,Reading
STU04977,"Data Science, Web Development, DevOps",Advanced,Reading
STU04978,"Web Development, Cybersecurity, SQL",Advanced,Visual
STU04979,"Artificial Intelligence, Machine Learning",Intermediate,practical
STU04980,Data Science,Beginner,Reading
STU04981,"Machine Learning, DevOps",Beginner,Reading
STU04982,Deep Learning,Advanced,practical
STU04983,Web Development,Beginner,Reading
STU04984,"Machine Learning, DevOps, Data Science",Beginner,practical
STU04985,"DevOps, SQL",Intermediate,practical
STU04986,"Machine Learning, Cloud Computing, SQL",Advanced,Reading
STU04987,"Data Analytics, Cloud Computing, Cybersecurity",Advanced,Visual
STU04988,"Cloud Computing, Software Development",Intermediate,Visual
STU04989,"Python, Data Analytics, Software Development",Advanced,Reading
STU04990,"Cloud Computing, Machine Learning, SQL",Beginner,Reading
STU04991,"Python, Web Development, Cloud Computing",Intermediate,practical
STU04992,Web Development,Beginner,practical
STU04993,"Artificial Intelligence, Cloud Computing, DevOps",Intermediate,practical
STU04994,"Machine Learning, Cloud Computing, Python",Intermediate,Reading
STU04995,"Deep Learning, Artificial Intelligence, Data Science",Beginner,Visual
STU04996,"Data Science, Web Development",Advanced,Reading
STU04997,"Python, DevOps",Beginner,Reading
STU04998,Data Science,Advanced,practical
STU04999,"Web Development, Data Science",Advanced,Visual
STU05000,Data Analytics,Intermediate,Visual
